ID Registro;Fecha;Hora Llegada;Planta;Ruta;Vehiculo;Hora Salida
e80a7695;1/08/2025;4:52:00 a.ÿm.;CI CENTRO DE INTEGRACIàN;R1;V2;4:54:00
2edc403d;1/08/2025;6:42:00 a.ÿm.;CD CENTRO DE DISTRIBUCIàN;R9;V17;7:29:00
4244b8f6;1/08/2025;6:39:00 a.ÿm.;42 COOPIMAR - COOPERATIVA INDUSTRIAL MARINILLA C.T.A;R1;V2;7:02:00
576c8abc;1/08/2025;4:40:00 a.ÿm.;CI CENTRO DE INTEGRACIàN;R4;V4;5:00:00
3b8129f1;1/08/2025;6:10:00 a.ÿm.;A6 WAGNER COMMERCIAL GROUP (ANTES PRODYCO RIONEGRO);R4;V4;6:30:00
6d22f0db;1/08/2025;6:30:00 a.ÿm.;88 INVERSIONES CNT S.A.S - INVERSIONES CENTRO DE NEGOCIOS TEXTILES S.A.S;R4;V4;6:40:00
1e3cd05b;1/08/2025;6:40:00 a.ÿm.;CD CENTRO DE DISTRIBUCIàN;R9;V13;7:18:00
da8bcc93;1/08/2025;7:03:00 a.ÿm.;B9 DUNNINGTON CORPORATION (ANTES NOVAL);R2;V20;8:15:00
d0813317;1/08/2025;7:06:00 a.ÿm.;B9 DUNNINGTON CORPORATION (ANTES NOVAL);R2;V20;7:42:00
685fe97b;1/08/2025;7:07:00 a.ÿm.;D2 IMATEX INDUSTRIA Y MANUFACTURAS TEXTILES S.A.S;R1;V2;7:31:00
295bc158;1/08/2025;6:50:00 a.ÿm.;A5 CONFECCIONES LILIMAR RIONEGRO S.A.S.;R4;V4;7:00:00
743d17f9;1/08/2025;6:50:00 a.ÿm.;01 TEXTILES LA MARQUEZA S.A.S;R4;V4;7:00:00
41f61124;1/08/2025;7:05:00 a.ÿm.;04 OPCION CALIFICADA S.A.;R4;V4;7:10:00
31030807;1/08/2025;7:29:00 a.ÿm.;30 WAGNER COMMERCIAL GROUP (ANTES TINY MED);R2;V20;7:42:00
c84883dd;1/08/2025;7:33:00 a.ÿm.;36 INCOOMAR - INDUSTRIA COOPERATIVA DE MARINILLA;R1;V2;7:54:00
9053e63e;1/08/2025;7:35:00 a.ÿm.;30 WAGNER COMMERCIAL GROUP (ANTES TINY MED);R2;V20;7:42:00
741065d3;1/08/2025;7:39:00 a.ÿm.;CI CENTRO DE INTEGRACIàN;R2;V20;7:25:00
017f075d;1/08/2025;7:42:00 a.ÿm.;P14 PRYM S.A.S.;R9;V17;8:11:00
7dd0418c;1/08/2025;7:30:00 a.ÿm.;19 COOP.DE TABAJO ASOCIADO - C.T.A. MANANTIALES;R4;V4;7:45:00
24840aab;1/08/2025;7:51:00 a.ÿm.;P59 INVERSIONES AGRARIAS;R9;V13;8:00:00
544a4596;1/08/2025;8:11:00 a.ÿm.;P85 CREACIONES VENETO SAS;R9;V13;8:23:00
b63fb745;1/08/2025;8:12:00 a.ÿm.;40 GRUPO CENIT S.A.S;R1;V2;8:22:00
36bb56b7;1/08/2025;8:20:00 a.ÿm.;LS LESENSUEL;R2;V20;10:46:00
5617727e;1/08/2025;8:21:00 a.ÿm.;LS LESENSUEL;R2;V20;8:53:00
81375a31;1/08/2025;8:24:00 a.ÿm.;B3 MODATEX CONFECCIONES JFC S.A.S.;R1;V2;8:35:00
4bd7e194;1/08/2025;8:24:00 a.ÿm.;B3 MODATEX CONFECCIONES JFC S.A.S.;R1;V2;8:31:00
6b92e17e;1/08/2025;8:29:00 a.ÿm.;B7 CREATEX FORMAS INTIMAS S.A.S.;R1;V2;8:35:00
9b85ccd4;1/08/2025;8:36:00 a.ÿm.;P14 PRYM S.A.S.;R9;V13;8:52:00
f26fca97;1/08/2025;8:38:00 a.ÿm.;32 MANUFACTURAS GIRALDO ZULUAGA S.A.S.;R1;V2;9:35:00
a815fbc5;1/08/2025;8:15:00 a.ÿm.;22 COOPERATIVA MULTIACTIVA CREAR DE LA UNION;R4;V4;8:35:00
d3e3dfe0;1/08/2025;8:15:00 a.ÿm.;E5 UNITEXDC SAS;R4;V4;8:35:00
0001fe95;1/08/2025;8:15:00 a.ÿm.;12 CREACIONES MIND S.A.S.;R4;V4;8:35:00
8d85fe78;1/08/2025;8:48:00 a.ÿm.;LS LESENSUEL;R2;V20;12:37:00
09dae313;1/08/2025;8:15:00 a.ÿm.;49 CONFECCIONES ANGELUS S.A.S.;R4;V4;8:35:00
26fb46f1;1/08/2025;8:40:00 a.ÿm.;08 LINEA MODELO S.A.;R4;V4;8:45:00
6c9eafbe;1/08/2025;8:55:00 a.ÿm.;PU15 PUERTA 15;R9;V13;9:00:00
1d848b26;1/08/2025;8:50:00 a.ÿm.;31 CONFECCIONES CREARTEX R.I. S.A.S.;R4;V4;8:55:00
53a335db;1/08/2025;9:00:00 a.ÿm.;02 CREACIONES LATINAS MYN S.A.S.;R4;V4;9:05:00
233f55ff;1/08/2025;9:06:00 a.ÿm.;24 ECOOELSA C.T.A - EMPRESA COOP. EL SANTUARIO C.T.A.;R1;V2;9:52:00
2adfa248;1/08/2025;9:10:00 a.ÿm.;P53 GISA SAS;R9;V13;9:30:00
a010b3c4;1/08/2025;9:10:00 a.ÿm.;48 SUE¥OS DALEY S.A.S.;R4;V4;9:15:00
b858062a;1/08/2025;9:20:00 a.ÿm.;65 TENDENCIAS Y MODA VIDAL S.A.S.;R4;V4;9:25:00
75e13b17;1/08/2025;9:35:00 a.ÿm.;70 CONSUATEX S.A.S.;R4;V4;10:05:00
e7c5e0b7;1/08/2025;9:43:00 a.ÿm.;P28 CONFECCIONES ATAVIOS;R9;V13;10:08:00
e9846598;1/08/2025;9:46:00 a.ÿm.;69 COOMUNELSA C.T.A -COOPERATIVA MULT. COMUNITARIA EL SANTUARIO;R1;V2;11:41:00
431b5abf;1/08/2025;10:09:00 a.ÿm.;06 SODECON DE CONFECCION S.A.S;R1;V2;10:26:00
d7421d56;1/08/2025;10:10:00 a.ÿm.;39 CONFECCIONES ILUAMA S.A.S.;R1;V2;10:27:00
fc24086c;1/08/2025;10:11:00 a.ÿm.;D7 GRUPO ORIENTEX S.A.S;R1;V2;10:27:00
5cdec9b2;1/08/2025;10:24:00 a.ÿm.;13 ALIANZA CONAZZTEX S.A.S.;R1;V2;11:41:00
db4a5e60;1/08/2025;10:35:00 a.ÿm.;42 COOPIMAR - COOPERATIVA INDUSTRIAL MARINILLA C.T.A;R9;V17;10:48:00
aa1cb902;1/08/2025;10:43:00 a.ÿm.;CI CENTRO DE INTEGRACIàN;R2;V20;12:41:00
f5eae0cd;1/08/2025;10:45:00 a.ÿm.;CI CENTRO DE INTEGRACIàN;R2;V20;12:38:00
47c04301;1/08/2025;10:48:00 a.ÿm.;69 COOMUNELSA C.T.A -COOPERATIVA MULT. COMUNITARIA EL SANTUARIO;R9;V17;10:58:00
731b7b85;1/08/2025;10:28:00 a.ÿm.;46 CONFECCIONES CAVITEX S.A.S.;R1;V2;11:42:00
4a0bc2f6;1/08/2025;10:46:00 a.ÿm.;CI CENTRO DE INTEGRACIàN;R2;V20;12:38:00
80540f49;1/08/2025;10:58:00 a.ÿm.;36 INCOOMAR - INDUSTRIA COOPERATIVA DE MARINILLA;R9;V17;11:10:00
fa83dbb4;1/08/2025;10:40:00 a.ÿm.;04 OPCION CALIFICADA S.A.;R4;V4;10:45:00
a77e8b30;1/08/2025;11:00:00 a.ÿm.;A6 WAGNER COMMERCIAL GROUP (ANTES PRODYCO RIONEGRO);R4;V4;11:20:00
bb93a57f;1/08/2025;11:16:00 a.ÿm.;P09 FERMASA S.A.S.;R9;V13;11:40:00
685fd3c0;1/08/2025;11:30:00 a.ÿm.;42 COOPIMAR - COOPERATIVA INDUSTRIAL MARINILLA C.T.A;R4;V4;12:15:00
47875142;1/08/2025;11:40:00 a.ÿm.;D4 IMAGEN TEXTIL J&S S.A.S;R1;V2;11:53:00
0f19bb00;1/08/2025;11:48:00 a.ÿm.;24 ECOOELSA C.T.A - EMPRESA COOP. EL SANTUARIO C.T.A.;R1;V2;12:24:00
d5f54036;1/08/2025;11:51:00 a.ÿm.;CD CENTRO DE DISTRIBUCIàN;R2;V20;12:41:00
f6e26761;1/08/2025;11:55:00 a.ÿm.;CD CENTRO DE DISTRIBUCIàN;R9;V6;12:06:00
08e37d16;1/08/2025;12:20:00 p.ÿm.;L14 VYDA S.A.S.;R9;V6;12:25:00
2b31f179;1/08/2025;12:28:00 p.ÿm.;REEMPAQUE RENACER;R9;V17;12:46:00
b634d494;1/08/2025;12:29:00 p.ÿm.;56 CREACIONES MPM S.A.S.;R1;V2;12:35:00
cbb758bc;1/08/2025;12:38:00 p.ÿm.;P28 CONFECCIONES ATAVIOS;R9;V13;12:52:00
340b0f37;1/08/2025;1:05:00 p.ÿm.;P08 MANUFACTURA ODIM S.A.S.;R9;V6;13:17:00
3a593315;1/08/2025;1:26:00 p.ÿm.;D2 IMATEX INDUSTRIA Y MANUFACTURAS TEXTILES S.A.S;R1;V2;13:54:00
a320b1bd;1/08/2025;1:30:00 p.ÿm.;P07 BAETEX SAS;R9;V6;13:45:00
fff36089;1/08/2025;1:29:00 p.ÿm.;P12 CONFECCIONES SELEMAR;R9;V13;13:32:00
4212ce20;1/08/2025;1:32:00 p.ÿm.;P12 CONFECCIONES SELEMAR;R9;V13;13:34:00
6dae36be;1/08/2025;1:40:00 p.ÿm.;42 COOPIMAR - COOPERATIVA INDUSTRIAL MARINILLA C.T.A;R9;V17;13:57:00
f6eaa1ea;1/08/2025;1:50:00 p.ÿm.;P54 MANUFACTURA VAMALI;R9;V6;13:58:00
054b8c44;1/08/2025;2:00:00 p.ÿm.;P53 GISA SAS;R9;V13;14:10:00
9d543865;1/08/2025;2:07:00 p.ÿm.;REEMPAQUE RENACER;R2;V20;15:55:00
e42765a4;1/08/2025;2:17:00 p.ÿm.;05 C.I. CONFECCIONES OLAS S.A;R9;V6;14:35:00
86d31dc1;1/08/2025;2:29:00 p.ÿm.;P14 PRYM S.A.S.;R9;V13;14:52:00
d07792c9;1/08/2025;3:00:00 p.ÿm.;PU15 PUERTA 15;R9;V13;15:19:00
7b14e1bc;1/08/2025;2:45:00 p.ÿm.;P61 MAQUILIFE S.A.S.;R9;V6;14:49:00
6c5c2e33;1/08/2025;2:49:00 p.ÿm.;P67 MAQUIDIEZ S.A.S.;R9;V6;14:52:00
625c16fe;1/08/2025;3:05:00 p.ÿm.;P46 MERAKI;R9;V6;15:11:00
cb4c3f83;1/08/2025;3:15:00 p.ÿm.;CD CENTRO DE DISTRIBUCIàN;R1;V2;16:18:00
c981d351;1/08/2025;3:16:00 p.ÿm.;P85 CREACIONES VENETO SAS;R9;V13;15:25:00
ac491dea;1/08/2025;2:34:00 p.ÿm.;36 INCOOMAR - INDUSTRIA COOPERATIVA DE MARINILLA;R2;V20;15:55:00
1221521b;1/08/2025;12:15:00 p.ÿm.;42 COOPIMAR - COOPERATIVA INDUSTRIAL MARINILLA C.T.A;R4;V4;12:45:00
1293a15e;1/08/2025;3:30:00 p.ÿm.;CD CENTRO DE DISTRIBUCIàN;R4;V4;16:00:00
5b62fa3d;1/08/2025;3:29:00 p.ÿm.;CD CENTRO DE DISTRIBUCIàN;R9;V6;15:45:00
89982230;1/08/2025;3:39:00 p.ÿm.;CD CENTRO DE DISTRIBUCIàN;R9;V17;15:53:00
8005355e;1/08/2025;3:42:00 p.ÿm.;P42 ROJAS CONFECCIONES;R9;V13;15:50:00
b45d6712;1/08/2025;3:49:00 p.ÿm.;42 COOPIMAR - COOPERATIVA INDUSTRIAL MARINILLA C.T.A;R2;V20;17:03:00
9dd035c6;1/08/2025;3:50:00 p.ÿm.;42 COOPIMAR - COOPERATIVA INDUSTRIAL MARINILLA C.T.A;R2;V20;17:03:00
5493b845;1/08/2025;3:50:00 p.ÿm.;42 COOPIMAR - COOPERATIVA INDUSTRIAL MARINILLA C.T.A;R2;V20;17:03:00
be7795e3;1/08/2025;3:52:00 p.ÿm.;P05 MAQUILADORA DYA SAS;R9;V13;15:58:00
03c0a1ab;1/08/2025;3:50:00 p.ÿm.;61 CONFECCIONES VELERO SPORT S.A.S.;R9;V6;15:55:00
df09f572;1/08/2025;4:10:00 p.ÿm.;PUDT PUERTA TEJEDURIA DT;R4;V4;16:40:00
4891680c;1/08/2025;4:03:00 p.ÿm.;P01 S&VCONFECCIONES;R9;V13;16:13:00
02d07c84;1/08/2025;4:10:00 p.ÿm.;L07 INVERSIONES TAMESCO S.A.S.;R9;V6;16:20:00
8ca2b1a9;1/08/2025;4:16:00 p.ÿm.;P59 INVERSIONES AGRARIAS;R9;V13;16:20:00
6f40c66e;1/08/2025;4:31:00 p.ÿm.;CI CENTRO DE INTEGRACIàN;R1;V2;16:43:00
3b3340ad;1/08/2025;4:40:00 p.ÿm.;CD CENTRO DE DISTRIBUCIàN;R9;V6;17:00:00
3d2f989e;1/08/2025;4:43:00 p.ÿm.;CD CENTRO DE DISTRIBUCIàN;R9;V13;17:08:00
8db92039;1/08/2025;5:01:00 p.ÿm.;86 COOP. TRAB. ASOCIAD. CRECER Y CREAR;R2;V20;17:22:00
0a3bba92;1/08/2025;5:01:00 p.ÿm.;72 COOPERATIVA MULTIACTIVA EL PE¥OL - COOMPAB;R2;V20;17:19:00
1378ab7f;1/08/2025;4:40:00 p.ÿm.;CI CENTRO DE INTEGRACIàN;R4;V4;17:00:00
d17b3157;1/08/2025;6:10:00 p.ÿm.;CD CENTRO DE DISTRIBUCIàN;R2;V20;18:50:00
ce542759;2/08/2025;4:56:00 a.ÿm.;CI CENTRO DE INTEGRACIàN;R1;V2;5:06:00
e82da904;2/08/2025;6:05:00 a.ÿm.;42 COOPIMAR - COOPERATIVA INDUSTRIAL MARINILLA C.T.A;R1;V2;6:48:00
607d1445;2/08/2025;4:40:00 a.ÿm.;CI CENTRO DE INTEGRACIàN;R4;V4;5:00:00
734a8b7f;2/08/2025;6:15:00 a.ÿm.;42 COOPIMAR - COOPERATIVA INDUSTRIAL MARINILLA C.T.A;R4;V4;6:45:00
6f590fdf;2/08/2025;6:25:00 a.ÿm.;86 COOP. TRAB. ASOCIAD. CRECER Y CREAR;R1;V2;6:49:00
99db9b64;2/08/2025;6:36:00 a.ÿm.;CD CENTRO DE DISTRIBUCIàN;R9;V17;7:09:00
0892fe2f;2/08/2025;6:36:00 a.ÿm.;CI CENTRO DE INTEGRACIàN;R2;V20;6:44:00
aaf398b6;2/08/2025;6:47:00 a.ÿm.;B9 DUNNINGTON CORPORATION (ANTES NOVAL);R2;V20;7:01:00
d9a8ac2f;2/08/2025;6:55:00 a.ÿm.;A6 WAGNER COMMERCIAL GROUP (ANTES PRODYCO RIONEGRO);R4;V4;7:10:00
8c6a4618;2/08/2025;6:49:00 a.ÿm.;D2 IMATEX INDUSTRIA Y MANUFACTURAS TEXTILES S.A.S;R1;V2;7:18:00
e370ce08;2/08/2025;7:09:00 a.ÿm.;CD CENTRO DE DISTRIBUCIàN;R9;V17;7:18:00
857f00fa;2/08/2025;7:10:00 a.ÿm.;88 INVERSIONES CNT S.A.S - INVERSIONES CENTRO DE NEGOCIOS TEXTILES S.A.S;R4;V4;7:15:00
a568b989;2/08/2025;7:18:00 a.ÿm.;36 INCOOMAR - INDUSTRIA COOPERATIVA DE MARINILLA;R1;V2;7:49:00
0bae749d;2/08/2025;7:25:00 a.ÿm.;04 OPCION CALIFICADA S.A.;R4;V4;7:30:00
d0dceff1;2/08/2025;7:35:00 a.ÿm.;A5 CONFECCIONES LILIMAR RIONEGRO S.A.S.;R4;V4;7:40:00
eae4d901;2/08/2025;8:01:00 a.ÿm.;40 GRUPO CENIT S.A.S;R1;V2;8:07:00
48bd7e7a;2/08/2025;8:07:00 a.ÿm.;B7 CREATEX FORMAS INTIMAS S.A.S.;R1;V2;8:21:00
43ea2ad3;2/08/2025;8:08:00 a.ÿm.;B3 MODATEX CONFECCIONES JFC S.A.S.;R1;V2;8:21:00
39a7e16e;2/08/2025;8:22:00 a.ÿm.;32 MANUFACTURAS GIRALDO ZULUAGA S.A.S.;R1;V2;8:35:00
2f588adb;2/08/2025;8:00:00 a.ÿm.;22 COOPERATIVA MULTIACTIVA CREAR DE LA UNION;R4;V4;8:20:00
7c503b77;2/08/2025;8:00:00 a.ÿm.;E5 UNITEXDC SAS;R4;V4;8:20:00
469a8765;2/08/2025;8:00:00 a.ÿm.;12 CREACIONES MIND S.A.S.;R4;V4;8:20:00
903ff39f;2/08/2025;8:25:00 a.ÿm.;49 CONFECCIONES ANGELUS S.A.S.;R4;V4;8:35:00
3efa085a;2/08/2025;8:40:00 a.ÿm.;08 LINEA MODELO S.A.;R4;V4;8:45:00
810ae792;2/08/2025;8:54:00 a.ÿm.;24 ECOOELSA C.T.A - EMPRESA COOP. EL SANTUARIO C.T.A.;R1;V2;9:32:00
ba9bcb5d;2/08/2025;9:00:00 a.ÿm.;CD CENTRO DE DISTRIBUCIàN;R9;V6;9:12:00
31ccb3d4;2/08/2025;9:06:00 a.ÿm.;42 COOPIMAR - COOPERATIVA INDUSTRIAL MARINILLA C.T.A;R9;V17;9:34:00
8808c409;2/08/2025;7:35:00 a.ÿm.;01 TEXTILES LA MARQUEZA S.A.S;R4;V4;7:40:00
151c14ef;2/08/2025;7:01:00 a.ÿm.;CI CENTRO DE INTEGRACIàN;R2;V20;9:32:00
766107df;2/08/2025;9:28:00 a.ÿm.;69 COOMUNELSA C.T.A -COOPERATIVA MULT. COMUNITARIA EL SANTUARIO;R1;V2;10:08:00
a24bc2d3;2/08/2025;9:32:00 a.ÿm.;CD CENTRO DE DISTRIBUCIàN;R2;V20;10:39:00
c365c253;2/08/2025;9:38:00 a.ÿm.;36 INCOOMAR - INDUSTRIA COOPERATIVA DE MARINILLA;R9;V17;9:51:00
f971f9f7;2/08/2025;9:48:00 a.ÿm.;P59 INVERSIONES AGRARIAS;R9;V13;9:52:00
9e5b5304;2/08/2025;9:33:00 a.ÿm.;L07 INVERSIONES TAMESCO S.A.S.;R9;V6;9:45:00
1b5e52cd;2/08/2025;10:09:00 a.ÿm.;06 SODECON DE CONFECCION S.A.S;R1;V2;10:53:00
df8fb728;2/08/2025;10:10:00 a.ÿm.;39 CONFECCIONES ILUAMA S.A.S.;R1;V2;10:54:00
fdb166d5;2/08/2025;10:25:00 a.ÿm.;P09 FERMASA S.A.S.;R9;V13;10:40:00
a06a69a4;2/08/2025;10:26:00 a.ÿm.;13 ALIANZA CONAZZTEX S.A.S.;R1;V2;11:01:00
7c3f4648;2/08/2025;10:26:00 a.ÿm.;46 CONFECCIONES CAVITEX S.A.S.;R1;V2;11:02:00
4ad8911f;2/08/2025;10:15:00 a.ÿm.;P07 BAETEX SAS;R9;V6;10:28:00
286d984a;2/08/2025;10:40:00 a.ÿm.;P54 MANUFACTURA VAMALI;R9;V6;10:45:00
ddf0c16a;2/08/2025;10:57:00 a.ÿm.;56 CREACIONES MPM S.A.S.;R1;V2;11:12:00
7ae38062;2/08/2025;11:08:00 a.ÿm.;REEMPAQUE RENACER;R9;V17;11:22:00
2ca761b5;2/08/2025;11:10:00 a.ÿm.;P08 MANUFACTURA ODIM S.A.S.;R9;V6;11:18:00
61f8b249;2/08/2025;11:13:00 a.ÿm.;24 ECOOELSA C.T.A - EMPRESA COOP. EL SANTUARIO C.T.A.;R1;V2;12:00:00
9c08294b;2/08/2025;8:50:00 a.ÿm.;31 CONFECCIONES CREARTEX R.I. S.A.S.;R4;V4;
ac749794;2/08/2025;9:00:00 a.ÿm.;48 SUE¥OS DALEY S.A.S.;R4;V4;
cc6eea90;2/08/2025;11:17:00 a.ÿm.;D4 IMAGEN TEXTIL J&S S.A.S;R1;V2;11:48:00
e0dac891;2/08/2025;11:45:00 a.ÿm.;P67 MAQUIDIEZ S.A.S.;R9;V6;11:53:00
ecdd1147;2/08/2025;10:39:00 a.ÿm.;REEMPAQUE RENACER;R2;V20;12:59:00
d547fcf9;2/08/2025;11:55:00 a.ÿm.;P42 ROJAS CONFECCIONES;R9;V13;12:13:00
d0018523;2/08/2025;12:01:00 p.ÿm.;42 COOPIMAR - COOPERATIVA INDUSTRIAL MARINILLA C.T.A;R9;V17;13:47:00
618e3f1b;2/08/2025;12:20:00 p.ÿm.;36 INCOOMAR - INDUSTRIA COOPERATIVA DE MARINILLA;R2;V20;13:01:00
4dbb9f0b;2/08/2025;12:26:00 p.ÿm.;CD CENTRO DE DISTRIBUCIàN;R9;V13;12:33:00
c6da440a;2/08/2025;12:25:00 p.ÿm.;L14 VYDA S.A.S.;R9;V6;12:31:00
afe36b58;2/08/2025;12:45:00 p.ÿm.;CD CENTRO DE DISTRIBUCIàN;R9;V6;13:08:00
72ef6325;2/08/2025;1:01:00 p.ÿm.;42 COOPIMAR - COOPERATIVA INDUSTRIAL MARINILLA C.T.A;R2;V20;13:30:00
2c982cf2;2/08/2025;1:25:00 p.ÿm.;42 COOPIMAR - COOPERATIVA INDUSTRIAL MARINILLA C.T.A;R2;V20;13:15:00
664399ea;2/08/2025;1:48:00 p.ÿm.;CD CENTRO DE DISTRIBUCIàN;R9;V17;14:04:00
3f11522e;2/08/2025;1:46:00 p.ÿm.;TE TELAS Y ENCAJES;R9;V6;13:50:00
12d98144;2/08/2025;1:57:00 p.ÿm.;CI CENTRO DE INTEGRACIàN;R1;V2;14:51:00
552ff159;2/08/2025;2:01:00 p.ÿm.;CD CENTRO DE DISTRIBUCIàN;R1;V2;14:30:00
5112e03f;4/08/2025;4:48:00 a.ÿm.;CI CENTRO DE INTEGRACIàN;R1;V2;5:02:00
4e7fcfaf;4/08/2025;6:04:00 a.ÿm.;42 COOPIMAR - COOPERATIVA INDUSTRIAL MARINILLA C.T.A;R1;V2;6:57:00
c0b2c908;4/08/2025;6:34:00 a.ÿm.;CD CENTRO DE DISTRIBUCIàN;R9;V17;6:58:00
526bd3db;4/08/2025;6:43:00 a.ÿm.;CI CENTRO DE INTEGRACIàN;R2;V20;6:50:00
dca5ff1a;4/08/2025;6:58:00 a.ÿm.;30 WAGNER COMMERCIAL GROUP (ANTES TINY MED);R2;V20;7:02:00
799cb486;4/08/2025;6:58:00 a.ÿm.;B9 DUNNINGTON CORPORATION (ANTES NOVAL);R2;V20;7:14:00
82de7042;4/08/2025;6:58:00 a.ÿm.;LS LESENSUEL;R2;V20;7:17:00
b86d92ea;4/08/2025;6:50:00 a.ÿm.;CD CENTRO DE DISTRIBUCIàN;R9;V13;7:26:00
21dda198;4/08/2025;7:00:00 a.ÿm.;36 INCOOMAR - INDUSTRIA COOPERATIVA DE MARINILLA;R1;V2;7:31:00
06f4d1da;4/08/2025;7:07:00 a.ÿm.;36 INCOOMAR - INDUSTRIA COOPERATIVA DE MARINILLA;R1;V2;7:32:00
c2224252;4/08/2025;7:17:00 a.ÿm.;21 MANUFACTURA S.A.;R2;V20;8:30:00
53782152;4/08/2025;7:46:00 a.ÿm.;P85 CREACIONES VENETO SAS;R9;V13;7:58:00
05784fc8;4/08/2025;7:52:00 a.ÿm.;40 GRUPO CENIT S.A.S;R1;V2;8:01:00
54ff1959;4/08/2025;8:01:00 a.ÿm.;B7 CREATEX FORMAS INTIMAS S.A.S.;R1;V2;8:08:00
e8bae3d2;4/08/2025;8:01:00 a.ÿm.;B3 MODATEX CONFECCIONES JFC S.A.S.;R1;V2;8:08:00
fa29931c;4/08/2025;8:08:00 a.ÿm.;32 MANUFACTURAS GIRALDO ZULUAGA S.A.S.;R1;V2;8:24:00
682d11a7;4/08/2025;8:30:00 a.ÿm.;CI CENTRO DE INTEGRACIàN;R2;V20;10:00:00
9070660b;4/08/2025;8:30:00 a.ÿm.;PU15 PUERTA 15;R2;V20;10:00:00
ecbdf988;4/08/2025;8:39:00 a.ÿm.;24 ECOOELSA C.T.A - EMPRESA COOP. EL SANTUARIO C.T.A.;R1;V2;9:31:00
c898e9fc;4/08/2025;9:27:00 a.ÿm.;69 COOMUNELSA C.T.A -COOPERATIVA MULT. COMUNITARIA EL SANTUARIO;R1;V2;10:45:00
73651e8e;4/08/2025;9:30:00 a.ÿm.;42 COOPIMAR - COOPERATIVA INDUSTRIAL MARINILLA C.T.A;R9;V17;9:38:00
e2667d37;4/08/2025;9:39:00 a.ÿm.;42 COOPIMAR - COOPERATIVA INDUSTRIAL MARINILLA C.T.A;R9;V17;10:02:00
bbe5866c;4/08/2025;9:58:00 a.ÿm.;CD CENTRO DE DISTRIBUCIàN;R2;V20;11:05:00
0a760666;4/08/2025;11:12:00 a.ÿm.;REEMPAQUE RENACER;R9;V17;11:25:00
c58fd9f4;4/08/2025;11:21:00 a.ÿm.;06 SODECON DE CONFECCION S.A.S;R1;V2;11:48:00
7e2fc39d;4/08/2025;11:21:00 a.ÿm.;39 CONFECCIONES ILUAMA S.A.S.;R1;V2;11:49:00
3cb8f053;4/08/2025;11:22:00 a.ÿm.;D7 GRUPO ORIENTEX S.A.S;R1;V2;12:04:00
01fc6b18;4/08/2025;11:32:00 a.ÿm.;69 COOMUNELSA C.T.A -COOPERATIVA MULT. COMUNITARIA EL SANTUARIO;R9;V17;12:19:00
1309373e;4/08/2025;11:49:00 a.ÿm.;13 ALIANZA CONAZZTEX S.A.S.;R1;V2;12:03:00
aa16fdb7;4/08/2025;12:06:00 p.ÿm.;46 CONFECCIONES CAVITEX S.A.S.;R1;V2;12:12:00
c75fcd97;4/08/2025;12:17:00 p.ÿm.;24 ECOOELSA C.T.A - EMPRESA COOP. EL SANTUARIO C.T.A.;R1;V2;12:59:00
c691fb0d;4/08/2025;12:20:00 p.ÿm.;D4 IMAGEN TEXTIL J&S S.A.S;R1;V2;12:42:00
94290483;4/08/2025;12:15:00 p.ÿm.;P09 FERMASA S.A.S.;R9;V13;12:45:00
bfcd4076;4/08/2025;12:25:00 p.ÿm.;24 ECOOELSA C.T.A - EMPRESA COOP. EL SANTUARIO C.T.A.;R9;V17;13:39:00
44fec845;4/08/2025;12:46:00 p.ÿm.;CD CENTRO DE DISTRIBUCIàN;R9;V6;12:55:00
1bd0d3f8;4/08/2025;12:55:00 p.ÿm.;CD CENTRO DE DISTRIBUCIàN;R9;V6;13:05:00
0718d368;4/08/2025;1:04:00 p.ÿm.;56 CREACIONES MPM S.A.S.;R1;V2;13:10:00
70930227;4/08/2025;12:08:00 p.ÿm.;42 COOPIMAR - COOPERATIVA INDUSTRIAL MARINILLA C.T.A;R2;V20;13:23:00
132fa965;4/08/2025;12:08:00 p.ÿm.;42 COOPIMAR - COOPERATIVA INDUSTRIAL MARINILLA C.T.A;R2;V20;13:23:00
5094abff;4/08/2025;12:08:00 p.ÿm.;42 COOPIMAR - COOPERATIVA INDUSTRIAL MARINILLA C.T.A;R2;V20;13:24:00
80aace2a;4/08/2025;1:20:00 p.ÿm.;72 COOPERATIVA MULTIACTIVA EL PE¥OL - COOMPAB;R2;V20;14:15:00
c0951b0a;4/08/2025;1:20:00 p.ÿm.;86 COOP. TRAB. ASOCIAD. CRECER Y CREAR;R2;V20;14:16:00
148d5204;4/08/2025;1:21:00 p.ÿm.;36 INCOOMAR - INDUSTRIA COOPERATIVA DE MARINILLA;R2;V20;14:16:00
4fadbc3d;4/08/2025;1:15:00 p.ÿm.;05 C.I. CONFECCIONES OLAS S.A;R9;V6;14:00:00
dbad5b05;4/08/2025;1:23:00 p.ÿm.;P12 CONFECCIONES SELEMAR;R9;V13;13:27:00
4ad9da09;4/08/2025;1:52:00 p.ÿm.;P53 GISA SAS;R9;V13;14:11:00
39530cab;4/08/2025;2:05:00 p.ÿm.;D2 IMATEX INDUSTRIA Y MANUFACTURAS TEXTILES S.A.S;R1;V2;15:42:00
4dceb1eb;4/08/2025;1:25:00 p.ÿm.;REEMPAQUE RENACER;R2;V20;
793e55cf;4/08/2025;2:10:00 p.ÿm.;L07 INVERSIONES TAMESCO S.A.S.;R9;V6;14:21:00
bc914e9f;4/08/2025;2:19:00 p.ÿm.;P85 CREACIONES VENETO SAS;R9;V13;14:32:00
20baaae7;4/08/2025;2:31:00 p.ÿm.;P67 MAQUIDIEZ S.A.S.;R9;V6;14:37:00
4970d0c6;4/08/2025;2:38:00 p.ÿm.;P61 MAQUILIFE S.A.S.;R9;V6;14:45:00
8d78a572;4/08/2025;2:44:00 p.ÿm.;P42 ROJAS CONFECCIONES;R9;V13;15:05:00
af1054e1;4/08/2025;3:08:00 p.ÿm.;CI CENTRO DE INTEGRACIàN;R9;V17;15:37:00
8b0e5fde;4/08/2025;3:10:00 p.ÿm.;P05 MAQUILADORA DYA SAS;R9;V13;15:21:00
ca4664b2;4/08/2025;3:26:00 p.ÿm.;P01 S&VCONFECCIONES;R9;V13;15:34:00
bc9dd4dd;4/08/2025;3:40:00 p.ÿm.;P59 INVERSIONES AGRARIAS;R9;V13;15:55:00
bb6d542a;4/08/2025;2:28:00 p.ÿm.;CD CENTRO DE DISTRIBUCIàN;R1;V2;16:39:00
3e3ba397;4/08/2025;3:30:00 p.ÿm.;P46 MERAKI;R9;V6;15:38:00
f6ec73b0;4/08/2025;3:55:00 p.ÿm.;P54 MANUFACTURA VAMALI;R9;V6;16:00:00
0f4ded66;4/08/2025;3:59:00 p.ÿm.;CD CENTRO DE DISTRIBUCIàN;R9;V17;16:07:00
382c43e6;4/08/2025;4:06:00 p.ÿm.;P07 BAETEX SAS;R9;V6;16:15:00
caae4260;4/08/2025;4:24:00 p.ÿm.;CD CENTRO DE DISTRIBUCIàN;R9;V13;16:41:00
7dd9778d;4/08/2025;4:30:00 p.ÿm.;P08 MANUFACTURA ODIM S.A.S.;R9;V6;
e50ac6e7;4/08/2025;4:24:00 p.ÿm.;CI CENTRO DE INTEGRACIàN;R1;V2;17:00:00
c386ae73;4/08/2025;4:55:00 p.ÿm.;P14 PRYM S.A.S.;R9;V6;
4d5aeeda;5/08/2025;4:46:00 a.ÿm.;CI CENTRO DE INTEGRACIàN;R1;V2;4:58:00
28ef21d6;5/08/2025;6:02:00 a.ÿm.;42 COOPIMAR - COOPERATIVA INDUSTRIAL MARINILLA C.T.A;R1;V2;6:47:00
bc53f0bf;5/08/2025;6:21:00 a.ÿm.;PU15 PUERTA 15;R9;V6;6:51:00
6cd4b5d7;5/08/2025;6:44:00 a.ÿm.;CD CENTRO DE DISTRIBUCIàN;R9;V17;6:53:00
dc726e2c;5/08/2025;7:09:00 a.ÿm.;36 INCOOMAR - INDUSTRIA COOPERATIVA DE MARINILLA;R1;V2;7:30:00
bf534f87;5/08/2025;6:50:00 a.ÿm.;CD CENTRO DE DISTRIBUCIàN;R9;V13;7:27:00
82fde112;5/08/2025;6:52:00 a.ÿm.;CI CENTRO DE INTEGRACIàN;R9;V6;7:24:00
cb943307;5/08/2025;7:30:00 a.ÿm.;D2 IMATEX INDUSTRIA Y MANUFACTURAS TEXTILES S.A.S;R1;V2;7:44:00
5a6f1bf7;5/08/2025;7:46:00 a.ÿm.;40 GRUPO CENIT S.A.S;R1;V2;8:06:00
f0702ee1;5/08/2025;7:52:00 a.ÿm.;B7 CREATEX FORMAS INTIMAS S.A.S.;R1;V2;8:04:00
8dc1b839;5/08/2025;7:52:00 a.ÿm.;P53 GISA SAS;R9;V13;8:06:00
5d21403f;5/08/2025;7:52:00 a.ÿm.;B3 MODATEX CONFECCIONES JFC S.A.S.;R1;V2;8:05:00
17293346;5/08/2025;8:07:00 a.ÿm.;32 MANUFACTURAS GIRALDO ZULUAGA S.A.S.;R1;V2;8:28:00
ada53989;5/08/2025;8:14:00 a.ÿm.;P54 MANUFACTURA VAMALI;R9;V13;8:46:00
6879d60c;5/08/2025;8:43:00 a.ÿm.;24 ECOOELSA C.T.A - EMPRESA COOP. EL SANTUARIO C.T.A.;R1;V2;9:38:00
973acc40;5/08/2025;8:56:00 a.ÿm.;42 COOPIMAR - COOPERATIVA INDUSTRIAL MARINILLA C.T.A;R9;V17;9:31:00
918ec301;5/08/2025;9:46:00 a.ÿm.;D4 IMAGEN TEXTIL J&S S.A.S;R1;V2;10:06:00
28232d40;5/08/2025;9:55:00 a.ÿm.;69 COOMUNELSA C.T.A -COOPERATIVA MULT. COMUNITARIA EL SANTUARIO;R1;V2;10:35:00
4638fc4d;5/08/2025;10:33:00 a.ÿm.;06 SODECON DE CONFECCION S.A.S;R1;V2;11:13:00
91977524;5/08/2025;10:35:00 a.ÿm.;39 CONFECCIONES ILUAMA S.A.S.;R1;V2;10:53:00
75aaf120;5/08/2025;10:37:00 a.ÿm.;D7 GRUPO ORIENTEX S.A.S;R1;V2;10:56:00
14a731b3;5/08/2025;10:53:00 a.ÿm.;13 ALIANZA CONAZZTEX S.A.S.;R1;V2;11:13:00
c7be8559;5/08/2025;10:54:00 a.ÿm.;46 CONFECCIONES CAVITEX S.A.S.;R1;V2;11:15:00
4ff5bd9a;5/08/2025;11:10:00 a.ÿm.;REEMPAQUE RENACER;R9;V17;11:20:00
47e7be53;5/08/2025;11:12:00 a.ÿm.;P09 FERMASA S.A.S.;R9;V13;11:42:00
b7f8dfb0;5/08/2025;11:21:00 a.ÿm.;36 INCOOMAR - INDUSTRIA COOPERATIVA DE MARINILLA;R9;V17;12:04:00
1b5e593a;5/08/2025;12:16:00 p.ÿm.;D2 IMATEX INDUSTRIA Y MANUFACTURAS TEXTILES S.A.S;R1;V2;13:27:00
a4cc0799;5/08/2025;1:00:00 p.ÿm.;CD CENTRO DE DISTRIBUCIàN;R9;V6;13:10:00
170076a3;5/08/2025;1:16:00 p.ÿm.;P12 CONFECCIONES SELEMAR;R9;V13;13:31:00
ba4024ab;5/08/2025;1:20:00 p.ÿm.;42 COOPIMAR - COOPERATIVA INDUSTRIAL MARINILLA C.T.A;R9;V17;15:21:00
f16eea21;5/08/2025;1:15:00 p.ÿm.;61 CONFECCIONES VELERO SPORT S.A.S.;R9;V6;13:20:00
67b488d0;5/08/2025;1:28:00 p.ÿm.;A6 WAGNER COMMERCIAL GROUP (ANTES PRODYCO RIONEGRO);R1;V2;13:45:00
ea208f8e;5/08/2025;1:35:00 p.ÿm.;L07 INVERSIONES TAMESCO S.A.S.;R9;V6;13:50:00
5d240e1a;5/08/2025;1:55:00 p.ÿm.;05 C.I. CONFECCIONES OLAS S.A;R9;V6;14:21:00
2c2e2fae;5/08/2025;2:11:00 p.ÿm.;P53 GISA SAS;R9;V13;14:20:00
a9ee64e8;5/08/2025;2:30:00 p.ÿm.;P14 PRYM S.A.S.;R9;V13;14:37:00
eb773238;5/08/2025;2:39:00 p.ÿm.;CD CENTRO DE DISTRIBUCIàN;R1;V2;15:42:00
f41c341c;5/08/2025;2:40:00 p.ÿm.;P85 CREACIONES VENETO SAS;R9;V13;15:01:00
c381e6a4;5/08/2025;2:30:00 p.ÿm.;P67 MAQUIDIEZ S.A.S.;R9;V6;14:35:00
734797d0;5/08/2025;2:35:00 p.ÿm.;P61 MAQUILIFE S.A.S.;R9;V6;14:45:00
de0154fc;5/08/2025;3:04:00 p.ÿm.;P46 MERAKI;R9;V6;15:20:00
1ae59b00;5/08/2025;3:11:00 p.ÿm.;P42 ROJAS CONFECCIONES;R9;V13;15:28:00
425208cf;5/08/2025;3:22:00 p.ÿm.;CD CENTRO DE DISTRIBUCIàN;R9;V17;16:01:00
1bdc0749;5/08/2025;3:29:00 p.ÿm.;P05 MAQUILADORA DYA SAS;R9;V13;15:32:00
5b081c4b;5/08/2025;3:45:00 p.ÿm.;P54 MANUFACTURA VAMALI;R9;V6;15:50:00
0467f66b;5/08/2025;3:40:00 p.ÿm.;P01 S&VCONFECCIONES;R9;V13;16:00:00
93dcef0a;5/08/2025;3:40:00 p.ÿm.;CI CENTRO DE INTEGRACIàN;R1;V2;15:52:00
a131c81a;5/08/2025;4:03:00 p.ÿm.;P59 INVERSIONES AGRARIAS;R9;V13;16:05:00
b2c96c62;5/08/2025;4:16:00 p.ÿm.;CD CENTRO DE DISTRIBUCIàN;R9;V13;16:36:00
1ef32831;5/08/2025;4:00:00 p.ÿm.;P07 BAETEX SAS;R9;V6;16:11:00
2da1e5af;5/08/2025;4:18:00 p.ÿm.;CD CENTRO DE DISTRIBUCIàN;R9;V13;16:39:00
e562ea6b;5/08/2025;4:40:00 p.ÿm.;P08 MANUFACTURA ODIM S.A.S.;R9;V6;16:35:00
912a9c2c;5/08/2025;5:35:00 p.ÿm.;61 CONFECCIONES VELERO SPORT S.A.S.;R9;V6;17:41:00
fdba1371;5/08/2025;5:51:00 p.ÿm.;CD CENTRO DE DISTRIBUCIàN;R9;V6;18:20:00
95ed815f;6/08/2025;4:53:00 a.ÿm.;CI CENTRO DE INTEGRACIàN;R1;V2;5:00:00
7337405c;6/08/2025;6:34:00 a.ÿm.;42 COOPIMAR - COOPERATIVA INDUSTRIAL MARINILLA C.T.A;R1;V2;7:55:00
016131eb;6/08/2025;6:50:00 a.ÿm.;CD CENTRO DE DISTRIBUCIàN;R9;V13;7:18:00
7d9f8939;6/08/2025;7:04:00 a.ÿm.;CD CENTRO DE DISTRIBUCIàN;R9;V17;7:29:00
2a840d97;6/08/2025;7:24:00 a.ÿm.;CI CENTRO DE INTEGRACIàN;R2;V20;7:43:00
b20b9c95;6/08/2025;7:26:00 a.ÿm.;B9 DUNNINGTON CORPORATION (ANTES NOVAL);R2;V20;7:46:00
20d45907;6/08/2025;7:28:00 a.ÿm.;LS LESENSUEL;R2;V20;7:49:00
2d87bb0c;6/08/2025;7:39:00 a.ÿm.;P14 PRYM S.A.S.;R9;V17;7:51:00
0682ca3a;6/08/2025;7:38:00 a.ÿm.;P42 ROJAS CONFECCIONES;R9;V13;7:50:00
b9a82cba;6/08/2025;7:44:00 a.ÿm.;D2 IMATEX INDUSTRIA Y MANUFACTURAS TEXTILES S.A.S;R1;V2;7:57:00
2cc9ad2a;6/08/2025;7:54:00 a.ÿm.;P01 S&VCONFECCIONES;R9;V13;7:59:00
8760ae80;6/08/2025;7:56:00 a.ÿm.;36 INCOOMAR - INDUSTRIA COOPERATIVA DE MARINILLA;R1;V2;8:23:00
d95d2fb4;6/08/2025;8:00:00 a.ÿm.;21 MANUFACTURA S.A.;R2;V20;8:28:00
a530fcd7;6/08/2025;8:21:00 a.ÿm.;P53 GISA SAS;R9;V13;8:29:00
39e2a51b;6/08/2025;8:24:00 a.ÿm.;CI CENTRO DE INTEGRACIàN;R2;V20;8:40:00
9af328ca;6/08/2025;8:26:00 a.ÿm.;30 WAGNER COMMERCIAL GROUP (ANTES TINY MED);R2;V20;8:39:00
8240479d;6/08/2025;8:40:00 a.ÿm.;40 GRUPO CENIT S.A.S;R1;V2;8:48:00
c1aa024b;6/08/2025;8:48:00 a.ÿm.;B7 CREATEX FORMAS INTIMAS S.A.S.;R1;V2;9:02:00
b40525cd;6/08/2025;8:49:00 a.ÿm.;B3 MODATEX CONFECCIONES JFC S.A.S.;R1;V2;9:02:00
65b329c5;6/08/2025;8:52:00 a.ÿm.;CI CENTRO DE INTEGRACIàN;R2;V20;10:12:00
46f2b7a8;6/08/2025;8:53:00 a.ÿm.;PU15 PUERTA 15;R2;V20;10:12:00
0c3e4924;6/08/2025;9:03:00 a.ÿm.;A4 CONFECCIONES COOL FASHION S.A.S;R1;V2;9:21:00
3914488e;6/08/2025;9:22:00 a.ÿm.;32 MANUFACTURAS GIRALDO ZULUAGA S.A.S.;R1;V2;9:34:00
9935b174;6/08/2025;9:26:00 a.ÿm.;42 COOPIMAR - COOPERATIVA INDUSTRIAL MARINILLA C.T.A;R9;V17;9:54:00
26e02d69;6/08/2025;9:47:00 a.ÿm.;42 COOPIMAR - COOPERATIVA INDUSTRIAL MARINILLA C.T.A;R13;V17;10:12:00
218b0311;6/08/2025;9:55:00 a.ÿm.;24 ECOOELSA C.T.A - EMPRESA COOP. EL SANTUARIO C.T.A.;R1;V2;12:22:00
5381a7af;6/08/2025;10:07:00 a.ÿm.;42 COOPIMAR - COOPERATIVA INDUSTRIAL MARINILLA C.T.A;R9;V17;
c979eb00;6/08/2025;10:20:00 a.ÿm.;CD CENTRO DE DISTRIBUCIàN;R2;V20;14:10:00
44fe76e3;6/08/2025;10:23:00 a.ÿm.;D4 IMAGEN TEXTIL J&S S.A.S;R1;V2;10:36:00
29c2bfa1;6/08/2025;10:37:00 a.ÿm.;69 COOMUNELSA C.T.A -COOPERATIVA MULT. COMUNITARIA EL SANTUARIO;R1;V2;11:30:00
407b22c0;6/08/2025;11:17:00 a.ÿm.;REEMPAQUE RENACER;R9;V17;11:25:00
cd5764ee;6/08/2025;11:31:00 a.ÿm.;P09 FERMASA S.A.S.;R9;V13;11:54:00
ef89f12a;6/08/2025;11:47:00 a.ÿm.;69 COOMUNELSA C.T.A -COOPERATIVA MULT. COMUNITARIA EL SANTUARIO;R9;V17;12:03:00
06b0ae1c;6/08/2025;11:48:00 a.ÿm.;CD CENTRO DE DISTRIBUCIàN;R9;V6;12:05:00
54d323f5;6/08/2025;12:05:00 p.ÿm.;CD CENTRO DE DISTRIBUCIàN;R9;V6;12:11:00
830cf919;6/08/2025;12:22:00 p.ÿm.;06 SODECON DE CONFECCION S.A.S;R1;V2;12:40:00
e60ff72d;6/08/2025;12:23:00 p.ÿm.;39 CONFECCIONES ILUAMA S.A.S.;R1;V2;12:56:00
7ca62d06;6/08/2025;12:26:00 p.ÿm.;D7 GRUPO ORIENTEX S.A.S;R1;V2;12:57:00
6600ad4a;6/08/2025;12:45:00 p.ÿm.;13 ALIANZA CONAZZTEX S.A.S.;R1;V2;13:12:00
e339d8f5;6/08/2025;12:32:00 p.ÿm.;L07 INVERSIONES TAMESCO S.A.S.;R9;V6;13:46:00
f95fff85;6/08/2025;12:46:00 p.ÿm.;46 CONFECCIONES CAVITEX S.A.S.;R1;V2;13:12:00
f99cc56c;6/08/2025;12:52:00 p.ÿm.;24 ECOOELSA C.T.A - EMPRESA COOP. EL SANTUARIO C.T.A.;R9;V17;13:01:00
58f0efd8;6/08/2025;1:13:00 p.ÿm.;56 CREACIONES MPM S.A.S.;R1;V2;13:23:00
c1447d0d;6/08/2025;1:21:00 p.ÿm.;P12 CONFECCIONES SELEMAR;R9;V13;13:29:00
f6514741;6/08/2025;12:35:00 p.ÿm.;05 C.I. CONFECCIONES OLAS S.A;R9;V6;13:20:00
7e28549e;6/08/2025;1:44:00 p.ÿm.;36 INCOOMAR - INDUSTRIA COOPERATIVA DE MARINILLA;R2;V20;14:10:00
0f1929ec;6/08/2025;1:44:00 p.ÿm.;86 COOP. TRAB. ASOCIAD. CRECER Y CREAR;R2;V20;14:10:00
383d898f;6/08/2025;1:45:00 p.ÿm.;72 COOPERATIVA MULTIACTIVA EL PE¥OL - COOMPAB;R2;V20;14:10:00
e96bace6;6/08/2025;1:45:00 p.ÿm.;REEMPAQUE RENACER;R2;V20;14:45:00
53eb2513;6/08/2025;2:03:00 p.ÿm.;42 COOPIMAR - COOPERATIVA INDUSTRIAL MARINILLA C.T.A;R2;V20;14:45:00
ce89aa55;6/08/2025;2:03:00 p.ÿm.;42 COOPIMAR - COOPERATIVA INDUSTRIAL MARINILLA C.T.A;R2;V20;14:46:00
7a567d57;6/08/2025;2:10:00 p.ÿm.;P53 GISA SAS;R9;V13;14:19:00
4f7d642d;6/08/2025;2:00:00 p.ÿm.;P61 MAQUILIFE S.A.S.;R9;V6;14:08:00
a1abf8e5;6/08/2025;2:08:00 p.ÿm.;P67 MAQUIDIEZ S.A.S.;R9;V6;14:13:00
a955cb8f;6/08/2025;2:33:00 p.ÿm.;CI CENTRO DE INTEGRACIàN;R9;V17;14:50:00
acef4d46;6/08/2025;2:33:00 p.ÿm.;P14 PRYM S.A.S.;R9;V13;14:46:00
3750d16d;6/08/2025;2:37:00 p.ÿm.;D2 IMATEX INDUSTRIA Y MANUFACTURAS TEXTILES S.A.S;R1;V2;14:20:00
b7cf408e;6/08/2025;2:35:00 p.ÿm.;P46 MERAKI;R9;V6;14:45:00
6fb8f07e;6/08/2025;2:56:00 p.ÿm.;P85 CREACIONES VENETO SAS;R9;V13;15:03:00
aa3aa9aa;6/08/2025;3:04:00 p.ÿm.;CD CENTRO DE DISTRIBUCIàN;R9;V17;15:11:00
94661aab;6/08/2025;3:05:00 p.ÿm.;P54 MANUFACTURA VAMALI;R9;V6;15:10:00
acbf50e3;6/08/2025;3:19:00 p.ÿm.;P07 BAETEX SAS;R9;V6;15:37:00
f5f18d2c;6/08/2025;3:26:00 p.ÿm.;P05 MAQUILADORA DYA SAS;R9;V13;15:35:00
d34aadb6;6/08/2025;3:45:00 p.ÿm.;P42 ROJAS CONFECCIONES;R9;V13;15:45:00
0275a757;6/08/2025;3:48:00 p.ÿm.;P01 S&VCONFECCIONES;R9;V13;15:55:00
55c593c8;6/08/2025;4:00:00 p.ÿm.;P08 MANUFACTURA ODIM S.A.S.;R9;V6;16:05:00
3cb9539a;6/08/2025;4:01:00 p.ÿm.;CD CENTRO DE DISTRIBUCIàN;R1;V2;16:53:00
d3defa95;6/08/2025;4:05:00 p.ÿm.;P59 INVERSIONES AGRARIAS;R9;V13;16:20:00
14fa0d2c;6/08/2025;4:31:00 p.ÿm.;CD CENTRO DE DISTRIBUCIàN;R9;V13;16:46:00
5c052049;6/08/2025;4:41:00 p.ÿm.;CD CENTRO DE DISTRIBUCIàN;R2;V20;17:56:00
a2243fd5;6/08/2025;4:56:00 p.ÿm.;61 CONFECCIONES VELERO SPORT S.A.S.;R9;V6;17:00:00
060c9cf9;6/08/2025;5:05:00 p.ÿm.;CD CENTRO DE DISTRIBUCIàN;R9;V6;17:41:00
fa5d98ee;6/08/2025;5:10:00 p.ÿm.;CI CENTRO DE INTEGRACIàN;R1;V2;17:26:00
a7a7fff5;6/08/2025;6:48:00 p.ÿm.;P07 BAETEX SAS;R9;V6;19:00:00
b395f88c;7/08/2025;6:14:00 a.ÿm.;CD CENTRO DE DISTRIBUCIàN;R9;V17;7:20:00
2ce58439;7/08/2025;9:35:00 a.ÿm.;42 COOPIMAR - COOPERATIVA INDUSTRIAL MARINILLA C.T.A;R9;V17;9:41:00
804aad58;7/08/2025;11:35:00 a.ÿm.;REEMPAQUE RENACER;R9;V17;11:46:00
a0287069;7/08/2025;12:38:00 p.ÿm.;42 COOPIMAR - COOPERATIVA INDUSTRIAL MARINILLA C.T.A;R9;V17;12:43:00
a8b7fcb8;7/08/2025;2:37:00 p.ÿm.;CD CENTRO DE DISTRIBUCIàN;R9;V17;15:01:00
c524f19f;8/08/2025;4:40:00 a.ÿm.;CI CENTRO DE INTEGRACIàN;R1;V2;4:58:00
ae774652;8/08/2025;6:09:00 a.ÿm.;42 COOPIMAR - COOPERATIVA INDUSTRIAL MARINILLA C.T.A;R1;V2;7:14:00
a254601e;8/08/2025;6:32:00 a.ÿm.;CI CENTRO DE INTEGRACIàN;R2;V20;7:00:00
026fab73;8/08/2025;6:42:00 a.ÿm.;CD CENTRO DE DISTRIBUCIàN;R9;V17;6:55:00
d5027c63;8/08/2025;7:02:00 a.ÿm.;30 WAGNER COMMERCIAL GROUP (ANTES TINY MED);R2;V20;7:10:00
d1977ac7;8/08/2025;7:11:00 a.ÿm.;B9 DUNNINGTON CORPORATION (ANTES NOVAL);R2;V20;7:32:00
dabe060f;8/08/2025;7:11:00 a.ÿm.;LS LESENSUEL;R2;V20;7:32:00
fb61eec5;8/08/2025;7:19:00 a.ÿm.;D2 IMATEX INDUSTRIA Y MANUFACTURAS TEXTILES S.A.S;R1;V2;7:35:00
fb9e10b8;8/08/2025;7:34:00 a.ÿm.;36 INCOOMAR - INDUSTRIA COOPERATIVA DE MARINILLA;R1;V2;7:54:00
ff0ddc06;8/08/2025;8:14:00 a.ÿm.;40 GRUPO CENIT S.A.S;R1;V2;8:36:00
20ab5b78;8/08/2025;8:22:00 a.ÿm.;B7 CREATEX FORMAS INTIMAS S.A.S.;R1;V2;8:36:00
2b81118a;8/08/2025;8:23:00 a.ÿm.;B7 CREATEX FORMAS INTIMAS S.A.S.;R1;V2;8:37:00
7c28cb6f;8/08/2025;8:41:00 a.ÿm.;A4 CONFECCIONES COOL FASHION S.A.S;R1;V2;8:53:00
c300644b;8/08/2025;8:56:00 a.ÿm.;32 MANUFACTURAS GIRALDO ZULUAGA S.A.S.;R1;V2;9:08:00
e01bdc61;8/08/2025;9:15:00 a.ÿm.;42 COOPIMAR - COOPERATIVA INDUSTRIAL MARINILLA C.T.A;R9;V17;9:24:00
7ae89026;8/08/2025;9:19:00 a.ÿm.;CI CENTRO DE INTEGRACIàN;R2;V20;9:55:00
72991349;8/08/2025;9:19:00 a.ÿm.;PU15 PUERTA 15;R2;V20;10:31:00
621d6b8f;8/08/2025;9:19:00 a.ÿm.;CD CENTRO DE DISTRIBUCIàN;R2;V20;11:31:00
d392ee54;8/08/2025;9:24:00 a.ÿm.;42 COOPIMAR - COOPERATIVA INDUSTRIAL MARINILLA C.T.A;R9;V17;9:34:00
4310e2a4;8/08/2025;9:09:00 a.ÿm.;24 ECOOELSA C.T.A - EMPRESA COOP. EL SANTUARIO C.T.A.;R1;V2;10:17:00
5f227e65;8/08/2025;9:39:00 a.ÿm.;36 INCOOMAR - INDUSTRIA COOPERATIVA DE MARINILLA;R9;V17;9:50:00
079d5620;8/08/2025;10:01:00 a.ÿm.;D4 IMAGEN TEXTIL J&S S.A.S;R1;V2;10:51:00
40995c87;8/08/2025;10:10:00 a.ÿm.;D2 IMATEX INDUSTRIA Y MANUFACTURAS TEXTILES S.A.S;R1;V2;10:51:00
11c75975;8/08/2025;10:18:00 a.ÿm.;69 COOMUNELSA C.T.A -COOPERATIVA MULT. COMUNITARIA EL SANTUARIO;R1;V2;10:56:00
aaf08abf;8/08/2025;10:56:00 a.ÿm.;06 SODECON DE CONFECCION S.A.S;R1;V2;11:19:00
a93ac3e7;8/08/2025;10:57:00 a.ÿm.;39 CONFECCIONES ILUAMA S.A.S.;R1;V2;11:19:00
8ace88ed;8/08/2025;10:59:00 a.ÿm.;D7 GRUPO ORIENTEX S.A.S;R1;V2;11:26:00
43aeb2f0;8/08/2025;11:14:00 a.ÿm.;P09 FERMASA S.A.S.;R9;V13;11:27:00
cdb23ef7;8/08/2025;11:21:00 a.ÿm.;13 ALIANZA CONAZZTEX S.A.S.;R4;V2;12:00:00
a93b9fbc;8/08/2025;11:27:00 a.ÿm.;46 CONFECCIONES CAVITEX S.A.S.;R1;V2;12:01:00
c056c1f7;8/08/2025;11:33:00 a.ÿm.;REEMPAQUE RENACER;R9;V17;11:45:00
b275e04e;8/08/2025;11:45:00 a.ÿm.;36 INCOOMAR - INDUSTRIA COOPERATIVA DE MARINILLA;R9;V17;11:56:00
fb1c49ad;8/08/2025;12:02:00 p.ÿm.;24 ECOOELSA C.T.A - EMPRESA COOP. EL SANTUARIO C.T.A.;R1;V2;13:10:00
d9a30514;8/08/2025;12:22:00 p.ÿm.;42 COOPIMAR - COOPERATIVA INDUSTRIAL MARINILLA C.T.A;R9;V17;13:23:00
124614dd;8/08/2025;12:40:00 p.ÿm.;CD CENTRO DE DISTRIBUCIàN;R9;V6;12:46:00
284d8ef4;8/08/2025;1:00:00 p.ÿm.;42 COOPIMAR - COOPERATIVA INDUSTRIAL MARINILLA C.T.A;R2;V20;14:44:00
dbb5f983;8/08/2025;1:00:00 p.ÿm.;42 COOPIMAR - COOPERATIVA INDUSTRIAL MARINILLA C.T.A;R2;V20;14:44:00
469d79e8;8/08/2025;1:00:00 p.ÿm.;42 COOPIMAR - COOPERATIVA INDUSTRIAL MARINILLA C.T.A;R2;V20;14:44:00
1fa14ca0;8/08/2025;1:00:00 p.ÿm.;L07 INVERSIONES TAMESCO S.A.S.;R9;V6;13:16:00
aea27613;8/08/2025;1:08:00 p.ÿm.;56 CREACIONES MPM S.A.S.;R1;V2;13:23:00
28d8fdcd;8/08/2025;1:18:00 p.ÿm.;P12 CONFECCIONES SELEMAR;R9;V13;13:25:00
a1d39952;8/08/2025;1:21:00 p.ÿm.;05 C.I. CONFECCIONES OLAS S.A;R9;V6;13:53:00
ac5ecddd;8/08/2025;1:33:00 p.ÿm.;42 COOPIMAR - COOPERATIVA INDUSTRIAL MARINILLA C.T.A;R9;V17;13:44:00
63d83332;8/08/2025;2:03:00 p.ÿm.;P67 MAQUIDIEZ S.A.S.;R9;V6;14:07:00
8d66529d;8/08/2025;2:07:00 p.ÿm.;P14 PRYM S.A.S.;R9;V13;14:34:00
5847ba3b;8/08/2025;2:10:00 p.ÿm.;86 COOP. TRAB. ASOCIAD. CRECER Y CREAR;R2;V20;15:44:00
d063ac4b;8/08/2025;2:10:00 p.ÿm.;72 COOPERATIVA MULTIACTIVA EL PE¥OL - COOMPAB;R2;V20;18:14:00
0e4e83c8;8/08/2025;2:10:00 p.ÿm.;36 INCOOMAR - INDUSTRIA COOPERATIVA DE MARINILLA;R2;V20;15:45:00
3c209685;8/08/2025;2:10:00 p.ÿm.;REEMPAQUE RENACER;R2;V20;15:45:00
85bbdaf4;8/08/2025;2:08:00 p.ÿm.;P61 MAQUILIFE S.A.S.;R9;V6;14:15:00
0fea5577;8/08/2025;2:32:00 p.ÿm.;P46 MERAKI;R9;V6;14:39:00
a75e7015;8/08/2025;2:40:00 p.ÿm.;CI CENTRO DE INTEGRACIàN;R9;V13;14:51:00
ffef3bb9;8/08/2025;2:53:00 p.ÿm.;P53 GISA SAS;R9;V13;15:03:00
7b3ebbbe;8/08/2025;2:58:00 p.ÿm.;CD CENTRO DE DISTRIBUCIàN;R9;V17;15:19:00
0ebafd37;8/08/2025;3:03:00 p.ÿm.;P08 MANUFACTURA ODIM S.A.S.;R9;V6;15:10:00
a4b7932d;8/08/2025;3:15:00 p.ÿm.;P85 CREACIONES VENETO SAS;R9;V13;15:19:00
ca114410;8/08/2025;3:19:00 p.ÿm.;CD CENTRO DE DISTRIBUCIàN;R9;V17;16:00:00
d1490466;8/08/2025;3:39:00 p.ÿm.;P07 BAETEX SAS;R9;V6;15:47:00
194b19b4;8/08/2025;3:34:00 p.ÿm.;CD CENTRO DE DISTRIBUCIàN;R1;V2;16:40:00
a2a9e95c;8/08/2025;3:50:00 p.ÿm.;P42 ROJAS CONFECCIONES;R9;V13;16:02:00
cf0b5d46;8/08/2025;3:52:00 p.ÿm.;P54 MANUFACTURA VAMALI;R9;V6;15:57:00
a0cee913;8/08/2025;4:04:00 p.ÿm.;P05 MAQUILADORA DYA SAS;R9;V13;16:08:00
1b11f56d;8/08/2025;4:19:00 p.ÿm.;P01 S&VCONFECCIONES;R9;V13;16:26:00
08809a66;8/08/2025;4:20:00 p.ÿm.;CD CENTRO DE DISTRIBUCIàN;R9;V6;16:50:00
65bf4cd3;8/08/2025;5:01:00 p.ÿm.;CI CENTRO DE INTEGRACIàN;R1;V2;17:14:00
aaead632;8/08/2025;5:13:00 p.ÿm.;CD CENTRO DE DISTRIBUCIàN;R9;V13;17:16:00
8e75cc3e;8/08/2025;5:50:00 p.ÿm.;CD CENTRO DE DISTRIBUCIàN;R2;V20;18:16:00
0a00aa88;9/08/2025;4:51:00 a.ÿm.;CI CENTRO DE INTEGRACIàN;R1;V2;4:55:00
062ebc3b;9/08/2025;5:59:00 a.ÿm.;36 INCOOMAR - INDUSTRIA COOPERATIVA DE MARINILLA;R1;V2;6:32:00
ecf46c12;9/08/2025;6:00:00 a.ÿm.;DF DISCOS FUENTES;R9;V6;6:22:00
e6005d1c;9/08/2025;6:31:00 a.ÿm.;42 COOPIMAR - COOPERATIVA INDUSTRIAL MARINILLA C.T.A;R1;V2;7:03:00
d736d4b8;9/08/2025;6:39:00 a.ÿm.;20 SFW;R2;V20;6:49:00
1cc6b934;9/08/2025;6:46:00 a.ÿm.;20 SFW;R2;V20;6:51:00
54881eea;9/08/2025;7:11:00 a.ÿm.;D2 IMATEX INDUSTRIA Y MANUFACTURAS TEXTILES S.A.S;R1;V2;7:48:00
668941ba;9/08/2025;6:55:00 a.ÿm.;CI CENTRO DE INTEGRACIàN;R2;V20;22:30:00
10efaab0;9/08/2025;7:50:00 a.ÿm.;B9 DUNNINGTON CORPORATION (ANTES NOVAL);R2;V20;8:06:00
8cd7de24;9/08/2025;8:06:00 a.ÿm.;B7 CREATEX FORMAS INTIMAS S.A.S.;R1;V2;8:18:00
0968d4ad;9/08/2025;8:07:00 a.ÿm.;B3 MODATEX CONFECCIONES JFC S.A.S.;R1;V2;8:19:00
a4e134d6;9/08/2025;8:21:00 a.ÿm.;30 WAGNER COMMERCIAL GROUP (ANTES TINY MED);R2;V20;8:32:00
68990f25;9/08/2025;8:21:00 a.ÿm.;32 MANUFACTURAS GIRALDO ZULUAGA S.A.S.;R1;V2;8:34:00
e1050589;9/08/2025;8:49:00 a.ÿm.;D4 IMAGEN TEXTIL J&S S.A.S;R1;V2;9:04:00
ebdd45cd;9/08/2025;8:57:00 a.ÿm.;CD CENTRO DE DISTRIBUCIàN;R9;V17;9:17:00
32d95a00;9/08/2025;8:50:00 a.ÿm.;L07 INVERSIONES TAMESCO S.A.S.;R9;V6;9:21:00
944387a7;9/08/2025;9:22:00 a.ÿm.;24 ECOOELSA C.T.A - EMPRESA COOP. EL SANTUARIO C.T.A.;R1;V2;10:19:00
db2e897e;9/08/2025;9:25:00 a.ÿm.;05 C.I. CONFECCIONES OLAS S.A;R9;V6;10:26:00
4710e82b;9/08/2025;10:11:00 a.ÿm.;69 COOMUNELSA C.T.A -COOPERATIVA MULT. COMUNITARIA EL SANTUARIO;R1;V2;10:59:00
3faa4b94;9/08/2025;10:15:00 a.ÿm.;P53 GISA SAS;R9;V13;10:27:00
80f2153e;9/08/2025;10:26:00 a.ÿm.;P67 MAQUIDIEZ S.A.S.;R9;V6;10:38:00
c6adfea6;9/08/2025;10:57:00 a.ÿm.;06 SODECON DE CONFECCION S.A.S;R1;V2;11:30:00
4c655c4d;9/08/2025;11:03:00 a.ÿm.;P09 FERMASA S.A.S.;R9;V13;11:15:00
2b86f667;9/08/2025;11:07:00 a.ÿm.;P07 BAETEX SAS;R9;V6;11:16:00
eb0be4e4;9/08/2025;11:10:00 a.ÿm.;13 ALIANZA CONAZZTEX S.A.S.;R1;V2;11:34:00
7f526729;9/08/2025;11:10:00 a.ÿm.;46 CONFECCIONES CAVITEX S.A.S.;R1;V2;11:34:00
ebb22137;9/08/2025;11:30:00 a.ÿm.;P08 MANUFACTURA ODIM S.A.S.;R9;V6;11:34:00
387dd12d;9/08/2025;11:32:00 a.ÿm.;42 COOPIMAR - COOPERATIVA INDUSTRIAL MARINILLA C.T.A;R9;V17;11:50:00
85224014;9/08/2025;11:36:00 a.ÿm.;24 ECOOELSA C.T.A - EMPRESA COOP. EL SANTUARIO C.T.A.;R1;V2;12:24:00
f7dcc4b1;9/08/2025;11:54:00 a.ÿm.;L14 VYDA S.A.S.;R9;V6;11:59:00
ae4f3df1;9/08/2025;12:05:00 p.ÿm.;69 COOMUNELSA C.T.A -COOPERATIVA MULT. COMUNITARIA EL SANTUARIO;R9;V17;12:15:00
9927b4a3;9/08/2025;12:03:00 p.ÿm.;42 COOPIMAR - COOPERATIVA INDUSTRIAL MARINILLA C.T.A;R2;V20;12:06:00
92b46be8;9/08/2025;12:06:00 p.ÿm.;42 COOPIMAR - COOPERATIVA INDUSTRIAL MARINILLA C.T.A;R2;V20;12:27:00
9716aa48;9/08/2025;12:15:00 p.ÿm.;24 ECOOELSA C.T.A - EMPRESA COOP. EL SANTUARIO C.T.A.;R9;V17;12:39:00
787f20f9;9/08/2025;12:20:00 p.ÿm.;P42 ROJAS CONFECCIONES;R9;V13;12:32:00
63ec19ba;9/08/2025;12:05:00 p.ÿm.;42 COOPIMAR - COOPERATIVA INDUSTRIAL MARINILLA C.T.A;R2;V20;12:40:00
966812ba;9/08/2025;1:17:00 p.ÿm.;D2 IMATEX INDUSTRIA Y MANUFACTURAS TEXTILES S.A.S;R1;V2;13:55:00
962a7861;9/08/2025;1:27:00 p.ÿm.;CD CENTRO DE DISTRIBUCIàN;R9;V6;13:50:00
4d5abb17;9/08/2025;1:25:00 p.ÿm.;CD CENTRO DE DISTRIBUCIàN;R9;V13;13:36:00
ae22d8d1;9/08/2025;1:08:00 p.ÿm.;36 INCOOMAR - INDUSTRIA COOPERATIVA DE MARINILLA;R2;V20;
e3474e25;9/08/2025;1:50:00 p.ÿm.;REEMPAQUE RENACER;R9;V17;13:57:00
f095e3d1;9/08/2025;1:03:00 p.ÿm.;36 INCOOMAR - INDUSTRIA COOPERATIVA DE MARINILLA;R2;V20;14:20:00
d44ffd54;9/08/2025;2:49:00 p.ÿm.;CD CENTRO DE DISTRIBUCIàN;R1;V2;15:35:00
058510c8;9/08/2025;3:18:00 p.ÿm.;CD CENTRO DE DISTRIBUCIàN;R9;V17;15:40:00
392dd2cd;9/08/2025;3:53:00 p.ÿm.;CI CENTRO DE INTEGRACIàN;R1;V2;16:08:00
fdab71ed;9/08/2025;4:05:00 p.ÿm.;CD CENTRO DE DISTRIBUCIàN;R2;V20;16:08:00
3dca9ae8;9/08/2025;4:09:00 p.ÿm.;CD CENTRO DE DISTRIBUCIàN;R2;V20;16:34:00
3b4a7089;11/08/2025;4:51:00 a.ÿm.;CI CENTRO DE INTEGRACIàN;R1;V2;4:58:00
785616af;11/08/2025;6:09:00 a.ÿm.;42 COOPIMAR - COOPERATIVA INDUSTRIAL MARINILLA C.T.A;R1;V2;6:29:00
caadb74a;11/08/2025;6:46:00 a.ÿm.;B9 DUNNINGTON CORPORATION (ANTES NOVAL);R2;V20;7:44:00
a775a3e8;11/08/2025;6:50:00 a.ÿm.;21 MANUFACTURA S.A.;R2;V20;8:00:00
cdcd3658;11/08/2025;6:51:00 a.ÿm.;36 INCOOMAR - INDUSTRIA COOPERATIVA DE MARINILLA;R1;V2;7:04:00
3bb8fd37;11/08/2025;6:58:00 a.ÿm.;CD CENTRO DE DISTRIBUCIàN;R4;V17;7:02:00
576239c1;11/08/2025;7:02:00 a.ÿm.;30 WAGNER COMMERCIAL GROUP (ANTES TINY MED);R2;V20;7:32:00
08646f62;11/08/2025;7:14:00 a.ÿm.;40 GRUPO CENIT S.A.S;R1;V2;7:25:00
478e099e;11/08/2025;7:22:00 a.ÿm.;CI CENTRO DE INTEGRACIàN;R2;V20;7:00:00
e0276877;11/08/2025;7:25:00 a.ÿm.;B7 CREATEX FORMAS INTIMAS S.A.S.;R1;V2;7:38:00
6a6bc385;11/08/2025;7:26:00 a.ÿm.;B7 CREATEX FORMAS INTIMAS S.A.S.;R1;V2;7:38:00
03aee3f0;11/08/2025;7:26:00 a.ÿm.;CD CENTRO DE DISTRIBUCIàN;R9;V13;7:39:00
57c763f6;11/08/2025;7:21:00 a.ÿm.;P14 PRYM S.A.S.;R9;V17;7:50:00
dd53a033;11/08/2025;7:43:00 a.ÿm.;A4 CONFECCIONES COOL FASHION S.A.S;R1;V2;7:51:00
c126abac;11/08/2025;7:43:00 a.ÿm.;32 MANUFACTURAS GIRALDO ZULUAGA S.A.S.;R1;V2;8:11:00
6f7a166f;11/08/2025;8:22:00 a.ÿm.;24 ECOOELSA C.T.A - EMPRESA COOP. EL SANTUARIO C.T.A.;R1;V2;9:14:00
bb61cfda;11/08/2025;8:22:00 a.ÿm.;P59 INVERSIONES AGRARIAS;R9;V13;8:27:00
d5882ac9;11/08/2025;8:23:00 a.ÿm.;24 ECOOELSA C.T.A - EMPRESA COOP. EL SANTUARIO C.T.A.;R1;V2;9:13:00
051b8fa8;11/08/2025;8:44:00 a.ÿm.;P53 GISA SAS;R9;V13;9:12:00
c8712a36;11/08/2025;9:18:00 a.ÿm.;D4 IMAGEN TEXTIL J&S S.A.S;R1;V2;9:26:00
f62dc89a;11/08/2025;9:58:00 a.ÿm.;36 INCOOMAR - INDUSTRIA COOPERATIVA DE MARINILLA;R9;V17;10:20:00
55718076;11/08/2025;9:57:00 a.ÿm.;69 COOMUNELSA C.T.A -COOPERATIVA MULT. COMUNITARIA EL SANTUARIO;R1;V2;10:05:00
5195c16f;11/08/2025;10:02:00 a.ÿm.;06 SODECON DE CONFECCION S.A.S;R1;V2;10:19:00
f9d77b88;11/08/2025;10:05:00 a.ÿm.;39 CONFECCIONES ILUAMA S.A.S.;R1;V2;10:19:00
5f1555bc;11/08/2025;10:05:00 a.ÿm.;D7 GRUPO ORIENTEX S.A.S;R1;V2;10:26:00
746fb268;11/08/2025;10:06:00 a.ÿm.;D7 GRUPO ORIENTEX S.A.S;R1;V2;10:26:00
e43693b2;11/08/2025;10:21:00 a.ÿm.;46 CONFECCIONES CAVITEX S.A.S.;R1;V2;10:44:00
b0892b3b;11/08/2025;10:22:00 a.ÿm.;13 ALIANZA CONAZZTEX S.A.S.;R1;V2;10:45:00
cd477d38;11/08/2025;9:40:00 a.ÿm.;CI CENTRO DE INTEGRACIàN;R2;V20;9:46:00
dc4dd006;11/08/2025;10:25:00 a.ÿm.;CD CENTRO DE DISTRIBUCIàN;R2;V20;11:24:00
c64e69db;11/08/2025;11:26:00 a.ÿm.;P09 FERMASA S.A.S.;R9;V13;11:45:00
9f5060ba;11/08/2025;11:20:00 a.ÿm.;L14 VYDA S.A.S.;R9;V6;11:32:00
351ce57b;11/08/2025;11:46:00 a.ÿm.;REEMPAQUE RENACER;R9;V17;11:57:00
2a866b94;11/08/2025;11:45:00 a.ÿm.;D2 IMATEX INDUSTRIA Y MANUFACTURAS TEXTILES S.A.S;R1;V2;12:05:00
cf261719;11/08/2025;12:08:00 p.ÿm.;24 ECOOELSA C.T.A - EMPRESA COOP. EL SANTUARIO C.T.A.;R9;V17;13:06:00
d4577a06;11/08/2025;12:17:00 p.ÿm.;P28 CONFECCIONES ATAVIOS;R9;V13;12:21:00
f020698e;11/08/2025;12:27:00 p.ÿm.;CD CENTRO DE DISTRIBUCIàN;R9;V6;12:55:00
e0460ed1;11/08/2025;12:55:00 p.ÿm.;CD CENTRO DE DISTRIBUCIàN;R9;V6;13:07:00
cf569316;11/08/2025;1:00:00 p.ÿm.;24 ECOOELSA C.T.A - EMPRESA COOP. EL SANTUARIO C.T.A.;R9;V17;14:50:00
6ce9041a;11/08/2025;1:12:00 p.ÿm.;CD CENTRO DE DISTRIBUCIàN;R1;V2;14:00:00
3574e05a;11/08/2025;1:18:00 p.ÿm.;P12 CONFECCIONES SELEMAR;R9;V13;13:21:00
06e627a3;11/08/2025;1:15:00 p.ÿm.;L14 VYDA S.A.S.;R9;V6;13:21:00
d9d87e2f;11/08/2025;1:45:00 p.ÿm.;L07 INVERSIONES TAMESCO S.A.S.;R9;V6;13:50:00
009e84be;11/08/2025;1:55:00 p.ÿm.;05 C.I. CONFECCIONES OLAS S.A;R9;V6;14:21:00
4a9ef911;11/08/2025;2:07:00 p.ÿm.;CI CENTRO DE INTEGRACIàN;R1;V2;14:20:00
9955032f;11/08/2025;2:10:00 p.ÿm.;P53 GISA SAS;R9;V13;14:25:00
6caf3b64;11/08/2025;1:14:00 p.ÿm.;42 COOPIMAR - COOPERATIVA INDUSTRIAL MARINILLA C.T.A;R2;V20;14:30:00
5afeec94;11/08/2025;1:14:00 p.ÿm.;42 COOPIMAR - COOPERATIVA INDUSTRIAL MARINILLA C.T.A;R2;V20;14:29:00
d64b0618;11/08/2025;1:15:00 p.ÿm.;42 COOPIMAR - COOPERATIVA INDUSTRIAL MARINILLA C.T.A;R2;V20;14:30:00
9bae3d6b;11/08/2025;2:17:00 p.ÿm.;86 COOP. TRAB. ASOCIAD. CRECER Y CREAR;R2;V20;14:30:00
30e44a3b;11/08/2025;2:17:00 p.ÿm.;72 COOPERATIVA MULTIACTIVA EL PE¥OL - COOMPAB;R2;V20;14:30:00
84dfbc18;11/08/2025;2:25:00 p.ÿm.;36 INCOOMAR - INDUSTRIA COOPERATIVA DE MARINILLA;R2;V20;16:46:00
eabb28a5;11/08/2025;2:29:00 p.ÿm.;CI CENTRO DE INTEGRACIàN;R9;V17;14:50:00
0314d5a1;11/08/2025;2:30:00 p.ÿm.;P67 MAQUIDIEZ S.A.S.;R9;V6;14:35:00
be099a67;11/08/2025;2:34:00 p.ÿm.;P61 MAQUILIFE S.A.S.;R9;V6;14:40:00
e3ece598;11/08/2025;2:35:00 p.ÿm.;P14 PRYM S.A.S.;R9;V13;14:46:00
45897d3e;11/08/2025;2:51:00 p.ÿm.;CI CENTRO DE INTEGRACIàN;R9;V13;14:55:00
5b6a5fd5;11/08/2025;2:55:00 p.ÿm.;P46 MERAKI;R9;V6;15:04:00
4aafaee5;11/08/2025;3:11:00 p.ÿm.;CD CENTRO DE DISTRIBUCIàN;R9;V17;15:21:00
46cb9d55;11/08/2025;3:14:00 p.ÿm.;P42 ROJAS CONFECCIONES;R9;V13;15:26:00
76a3c2e9;11/08/2025;3:18:00 p.ÿm.;P54 MANUFACTURA VAMALI;R9;V6;15:22:00
0285f6d9;11/08/2025;3:30:00 p.ÿm.;P07 BAETEX SAS;R9;V6;15:40:00
4aca977d;11/08/2025;3:29:00 p.ÿm.;P05 MAQUILADORA DYA SAS;R9;V13;15:36:00
7f19cb27;11/08/2025;3:33:00 p.ÿm.;P07 BAETEX SAS;R9;V6;15:40:00
6049a96b;11/08/2025;3:38:00 p.ÿm.;P01 S&VCONFECCIONES;R9;V13;15:45:00
61ca212e;11/08/2025;4:00:00 p.ÿm.;P08 MANUFACTURA ODIM S.A.S.;R9;V6;16:05:00
7eab7868;11/08/2025;4:14:00 p.ÿm.;CD CENTRO DE DISTRIBUCIàN;R9;V13;16:30:00
ae9ddb59;11/08/2025;4:25:00 p.ÿm.;P14 PRYM S.A.S.;R9;V6;16:33:00
cb853ac0;11/08/2025;4:42:00 p.ÿm.;REEMPAQUE RENACER;R2;V20;16:22:00
6d54d10d;11/08/2025;4:43:00 p.ÿm.;61 CONFECCIONES VELERO SPORT S.A.S.;R9;V6;16:48:00
cc0ee05f;11/08/2025;4:53:00 p.ÿm.;CD CENTRO DE DISTRIBUCIàN;R9;V6;17:20:00
3b681205;11/08/2025;6:22:00 p.ÿm.;CD CENTRO DE DISTRIBUCIàN;R2;V20;19:24:00
86d2836c;12/08/2025;4:58:00 a.ÿm.;CI CENTRO DE INTEGRACIàN;R1;V2;5:06:00
766bb790;12/08/2025;6:43:00 a.ÿm.;42 COOPIMAR - COOPERATIVA INDUSTRIAL MARINILLA C.T.A;R1;V2;7:36:00
abf356b9;12/08/2025;6:56:00 a.ÿm.;CD CENTRO DE DISTRIBUCIàN;R9;V17;7:17:00
e361e401;12/08/2025;7:27:00 a.ÿm.;CI CENTRO DE INTEGRACIàN;R2;V20;7:20:00
c1fce63c;12/08/2025;7:27:00 a.ÿm.;30 WAGNER COMMERCIAL GROUP (ANTES TINY MED);R2;V20;7:35:00
e05ebe6c;12/08/2025;7:38:00 a.ÿm.;B9 DUNNINGTON CORPORATION (ANTES NOVAL);R2;V20;8:08:00
edf69e76;12/08/2025;7:38:00 a.ÿm.;LS LESENSUEL;R2;V20;8:08:00
d934a9d3;12/08/2025;7:41:00 a.ÿm.;P14 PRYM S.A.S.;R9;V17;8:08:00
9de70176;12/08/2025;7:51:00 a.ÿm.;D2 IMATEX INDUSTRIA Y MANUFACTURAS TEXTILES S.A.S;R1;V2;8:25:00
42005bc5;12/08/2025;7:35:00 a.ÿm.;CD CENTRO DE DISTRIBUCIàN;R9;V13;8:14:00
8e530bfd;12/08/2025;8:08:00 a.ÿm.;21 MANUFACTURA S.A.;R2;V20;8:31:00
fa85b002;12/08/2025;8:09:00 a.ÿm.;33 LEONISA LA 33;R2;V20;8:31:00
8373f250;12/08/2025;8:07:00 a.ÿm.;36 INCOOMAR - INDUSTRIA COOPERATIVA DE MARINILLA;R1;V2;8:51:00
fc882d2b;12/08/2025;8:23:00 a.ÿm.;P85 CREACIONES VENETO SAS;R9;V13;8:30:00
c1894093;12/08/2025;8:27:00 a.ÿm.;P85 CREACIONES VENETO SAS;R9;V13;8:38:00
6ad0a1a6;12/08/2025;8:47:00 a.ÿm.;P14 PRYM S.A.S.;R9;V13;9:05:00
26644942;12/08/2025;8:51:00 a.ÿm.;40 GRUPO CENIT S.A.S;R1;V2;9:15:00
93a4ba8a;12/08/2025;9:06:00 a.ÿm.;B7 CREATEX FORMAS INTIMAS S.A.S.;R1;V2;9:15:00
28a6f239;12/08/2025;9:07:00 a.ÿm.;B3 MODATEX CONFECCIONES JFC S.A.S.;R1;V2;9:17:00
31680cdc;12/08/2025;9:12:00 a.ÿm.;A4 CONFECCIONES COOL FASHION S.A.S;R1;V2;9:17:00
fefd5f40;12/08/2025;9:18:00 a.ÿm.;32 MANUFACTURAS GIRALDO ZULUAGA S.A.S.;R1;V2;9:42:00
a00aa237;12/08/2025;9:40:00 a.ÿm.;P08 MANUFACTURA ODIM S.A.S.;R9;V13;9:45:00
1d43a290;12/08/2025;9:50:00 a.ÿm.;42 COOPIMAR - COOPERATIVA INDUSTRIAL MARINILLA C.T.A;R9;V17;10:13:00
c2e048b3;12/08/2025;9:59:00 a.ÿm.;24 ECOOELSA C.T.A - EMPRESA COOP. EL SANTUARIO C.T.A.;R1;V2;11:16:00
ce88ec30;12/08/2025;10:15:00 a.ÿm.;42 COOPIMAR - COOPERATIVA INDUSTRIAL MARINILLA C.T.A;R9;V17;10:40:00
ad1adf4e;12/08/2025;10:21:00 a.ÿm.;P05 MAQUILADORA DYA SAS;R9;V13;10:26:00
0d2133e5;12/08/2025;10:31:00 a.ÿm.;P01 S&VCONFECCIONES;R9;V13;10:36:00
6bb5aed0;12/08/2025;10:49:00 a.ÿm.;36 INCOOMAR - INDUSTRIA COOPERATIVA DE MARINILLA;R9;V17;11:04:00
f3aaa1d9;12/08/2025;9:53:00 a.ÿm.;CI CENTRO DE INTEGRACIàN;R2;V20;9:19:00
148ec78c;12/08/2025;10:47:00 a.ÿm.;PU15 PUERTA 15;R2;V20;9:01:00
d8f32519;12/08/2025;11:02:00 a.ÿm.;B9 DUNNINGTON CORPORATION (ANTES NOVAL);R2;V12;11:04:00
a800eb27;12/08/2025;11:30:00 a.ÿm.;D4 IMAGEN TEXTIL J&S S.A.S;R1;V2;11:50:00
97c149dd;12/08/2025;11:36:00 a.ÿm.;P09 FERMASA S.A.S.;R9;V13;11:59:00
01d67c32;12/08/2025;11:51:00 a.ÿm.;69 COOMUNELSA C.T.A -COOPERATIVA MULT. COMUNITARIA EL SANTUARIO;R1;V2;12:43:00
772efc41;12/08/2025;12:00:00 p.ÿm.;CD CENTRO DE DISTRIBUCIàN;R9;V6;12:16:00
e683bfdd;12/08/2025;12:20:00 p.ÿm.;REEMPAQUE RENACER;R9;V17;12:29:00
1ec732a5;12/08/2025;12:32:00 p.ÿm.;69 COOMUNELSA C.T.A -COOPERATIVA MULT. COMUNITARIA EL SANTUARIO;R9;V17;13:09:00
2e4eb32c;12/08/2025;12:20:00 p.ÿm.;61 CONFECCIONES VELERO SPORT S.A.S.;R9;V6;12:25:00
21045320;12/08/2025;12:33:00 p.ÿm.;P14 PRYM S.A.S.;R9;V6;12:45:00
4c31ecff;12/08/2025;12:43:00 p.ÿm.;06 SODECON DE CONFECCION S.A.S;R1;V2;12:59:00
da6da0a3;12/08/2025;12:46:00 p.ÿm.;39 CONFECCIONES ILUAMA S.A.S.;R1;V2;13:07:00
981bed7e;12/08/2025;12:48:00 p.ÿm.;D7 GRUPO ORIENTEX S.A.S;R1;V2;13:08:00
14edb1b9;12/08/2025;1:00:00 p.ÿm.;L07 INVERSIONES TAMESCO S.A.S.;R9;V6;13:10:00
6626ef0c;12/08/2025;1:08:00 p.ÿm.;13 ALIANZA CONAZZTEX S.A.S.;R1;V2;13:40:00
ea547367;12/08/2025;1:10:00 p.ÿm.;24 ECOOELSA C.T.A - EMPRESA COOP. EL SANTUARIO C.T.A.;R9;V17;13:55:00
08f4bb82;12/08/2025;1:10:00 p.ÿm.;P12 CONFECCIONES SELEMAR;R9;V13;13:33:00
dcf97c0f;12/08/2025;1:24:00 p.ÿm.;46 CONFECCIONES CAVITEX S.A.S.;R1;V2;13:40:00
137e26e9;12/08/2025;1:28:00 p.ÿm.;56 CREACIONES MPM S.A.S.;R1;V2;13:40:00
61347820;12/08/2025;1:15:00 p.ÿm.;05 C.I. CONFECCIONES OLAS S.A;R9;V6;13:50:00
d4d201e3;12/08/2025;12:13:00 p.ÿm.;42 COOPIMAR - COOPERATIVA INDUSTRIAL MARINILLA C.T.A;R2;V20;13:38:00
731350b7;12/08/2025;12:13:00 p.ÿm.;42 COOPIMAR - COOPERATIVA INDUSTRIAL MARINILLA C.T.A;R2;V20;14:39:00
65e7d5e4;12/08/2025;12:14:00 p.ÿm.;42 COOPIMAR - COOPERATIVA INDUSTRIAL MARINILLA C.T.A;R2;V20;14:39:00
95258017;12/08/2025;1:46:00 p.ÿm.;86 COOP. TRAB. ASOCIAD. CRECER Y CREAR;R2;V20;14:51:00
aa19e6d2;12/08/2025;1:46:00 p.ÿm.;72 COOPERATIVA MULTIACTIVA EL PE¥OL - COOMPAB;R2;V20;14:51:00
431bb5f5;12/08/2025;1:46:00 p.ÿm.;36 INCOOMAR - INDUSTRIA COOPERATIVA DE MARINILLA;R2;V20;14:52:00
3cc1fb2a;12/08/2025;2:02:00 p.ÿm.;P53 GISA SAS;R9;V13;14:15:00
9ee17e13;12/08/2025;2:05:00 p.ÿm.;P61 MAQUILIFE S.A.S.;R9;V6;14:10:00
acfbbebb;12/08/2025;2:00:00 p.ÿm.;P67 MAQUIDIEZ S.A.S.;R9;V6;14:05:00
80760654;12/08/2025;2:23:00 p.ÿm.;P54 MANUFACTURA VAMALI;R9;V6;14:32:00
237e79ed;12/08/2025;2:33:00 p.ÿm.;P14 PRYM S.A.S.;R9;V13;14:38:00
1b26b2e0;12/08/2025;2:36:00 p.ÿm.;D2 IMATEX INDUSTRIA Y MANUFACTURAS TEXTILES S.A.S;R1;V2;15:00:00
b95de867;12/08/2025;2:40:00 p.ÿm.;P07 BAETEX SAS;R9;V6;14:50:00
06e2900d;12/08/2025;2:39:00 p.ÿm.;REEMPAQUE RENACER;R2;V20;14:30:00
5071255f;12/08/2025;2:46:00 p.ÿm.;CI CENTRO DE INTEGRACIàN;R9;V13;14:53:00
d2195500;12/08/2025;2:59:00 p.ÿm.;P85 CREACIONES VENETO SAS;R9;V13;15:07:00
57efeb57;12/08/2025;3:05:00 p.ÿm.;REEMPAQUE RENACER;R9;V17;15:18:00
700a9016;12/08/2025;3:15:00 p.ÿm.;P08 MANUFACTURA ODIM S.A.S.;R9;V6;15:20:00
1753eae5;12/08/2025;3:26:00 p.ÿm.;P05 MAQUILADORA DYA SAS;R9;V13;15:31:00
4ea9c6f9;12/08/2025;3:37:00 p.ÿm.;P42 ROJAS CONFECCIONES;R9;V13;15:50:00
11fe92d8;12/08/2025;3:52:00 p.ÿm.;42 COOPIMAR - COOPERATIVA INDUSTRIAL MARINILLA C.T.A;R9;V17;16:47:00
4cca98e3;12/08/2025;3:52:00 p.ÿm.;P01 S&VCONFECCIONES;R9;V13;15:55:00
a7fbc859;12/08/2025;3:50:00 p.ÿm.;P46 MERAKI;R9;V6;16:00:00
7d4de048;12/08/2025;4:01:00 p.ÿm.;P59 INVERSIONES AGRARIAS;R9;V13;16:07:00
9577a0a5;12/08/2025;4:11:00 p.ÿm.;CD CENTRO DE DISTRIBUCIàN;R1;V2;17:19:00
ac2b05fc;12/08/2025;4:18:00 p.ÿm.;CD CENTRO DE DISTRIBUCIàN;R2;V20;
7ec4bab0;12/08/2025;4:20:00 p.ÿm.;CD CENTRO DE DISTRIBUCIàN;R9;V6;16:43:00
ff58fb98;12/08/2025;4:43:00 p.ÿm.;CD CENTRO DE DISTRIBUCIàN;R9;V13;17:01:00
daccf72c;12/08/2025;5:34:00 p.ÿm.;CI CENTRO DE INTEGRACIàN;R1;V2;17:54:00
87678f08;12/08/2025;6:26:00 p.ÿm.;CD CENTRO DE DISTRIBUCIàN;R9;V17;18:34:00
00c1a0ec;12/08/2025;6:35:00 p.ÿm.;CD CENTRO DE DISTRIBUCIàN;R9;V17;18:46:00
b2f28122;13/08/2025;4:56:00 a.ÿm.;CI CENTRO DE INTEGRACIàN;R1;V2;4:58:00
8de65ae9;13/08/2025;6:05:00 a.ÿm.;42 COOPIMAR - COOPERATIVA INDUSTRIAL MARINILLA C.T.A;R1;V2;6:57:00
bc2d4706;13/08/2025;6:17:00 a.ÿm.;CI CENTRO DE INTEGRACIàN;R2;V20;6:40:00
0e6b5e64;13/08/2025;6:31:00 a.ÿm.;CD CENTRO DE DISTRIBUCIàN;R9;V17;6:37:00
e83063e9;13/08/2025;6:54:00 a.ÿm.;P14 PRYM S.A.S.;R9;V17;7:12:00
0efd7b05;13/08/2025;6:53:00 a.ÿm.;30 WAGNER COMMERCIAL GROUP (ANTES TINY MED);R2;V20;7:00:00
e6222b89;13/08/2025;6:57:00 a.ÿm.;36 INCOOMAR - INDUSTRIA COOPERATIVA DE MARINILLA;R1;V2;7:20:00
f77ec17e;13/08/2025;7:15:00 a.ÿm.;B9 DUNNINGTON CORPORATION (ANTES NOVAL);R2;V20;7:22:00
dd46418f;13/08/2025;7:15:00 a.ÿm.;LS LESENSUEL;R2;V20;7:21:00
fa46d101;13/08/2025;7:33:00 a.ÿm.;21 MANUFACTURA S.A.;R2;V20;7:41:00
a89ee411;13/08/2025;7:42:00 a.ÿm.;D2 IMATEX INDUSTRIA Y MANUFACTURAS TEXTILES S.A.S;R1;V2;8:00:00
bb3f5e41;13/08/2025;8:02:00 a.ÿm.;40 GRUPO CENIT S.A.S;R1;V2;8:13:00
a0ca6cb0;13/08/2025;8:11:00 a.ÿm.;B7 CREATEX FORMAS INTIMAS S.A.S.;R1;V2;8:18:00
8e71773f;13/08/2025;8:12:00 a.ÿm.;B3 MODATEX CONFECCIONES JFC S.A.S.;R1;V2;8:18:00
9fcd294f;13/08/2025;7:30:00 a.ÿm.;CD CENTRO DE DISTRIBUCIàN;R9;V13;8:18:00
f9eafb8a;13/08/2025;8:18:00 a.ÿm.;A4 CONFECCIONES COOL FASHION S.A.S;R1;V2;8:34:00
65de03b8;13/08/2025;8:35:00 a.ÿm.;32 MANUFACTURAS GIRALDO ZULUAGA S.A.S.;R1;V2;9:00:00
176a43d5;13/08/2025;9:17:00 a.ÿm.;24 ECOOELSA C.T.A - EMPRESA COOP. EL SANTUARIO C.T.A.;R1;V2;10:31:00
c29ed1dc;13/08/2025;10:22:00 a.ÿm.;REEMPAQUE RENACER;R9;V17;10:32:00
6431195c;13/08/2025;10:21:00 a.ÿm.;D4 IMAGEN TEXTIL J&S S.A.S;R1;V2;10:43:00
0a71637c;13/08/2025;9:02:00 a.ÿm.;CI CENTRO DE INTEGRACIàN;R2;V20;9:03:00
ec76454a;13/08/2025;9:02:00 a.ÿm.;PU15 PUERTA 15;R2;V20;9:04:00
0d31f052;13/08/2025;10:38:00 a.ÿm.;69 COOMUNELSA C.T.A -COOPERATIVA MULT. COMUNITARIA EL SANTUARIO;R1;V2;11:25:00
c536dd79;13/08/2025;10:49:00 a.ÿm.;P53 GISA SAS;R9;V13;10:55:00
0187e8e4;13/08/2025;11:16:00 a.ÿm.;06 SODECON DE CONFECCION S.A.S;R1;V2;11:37:00
f6cda8ce;13/08/2025;11:26:00 a.ÿm.;39 CONFECCIONES ILUAMA S.A.S.;R1;V2;11:43:00
376a6826;13/08/2025;11:27:00 a.ÿm.;D7 GRUPO ORIENTEX S.A.S;R1;V2;11:50:00
b9a64182;13/08/2025;11:29:00 a.ÿm.;P09 FERMASA S.A.S.;R9;V13;11:44:00
b96ee90e;13/08/2025;11:45:00 a.ÿm.;42 COOPIMAR - COOPERATIVA INDUSTRIAL MARINILLA C.T.A;R9;V17;12:13:00
78891dd2;13/08/2025;11:43:00 a.ÿm.;13 ALIANZA CONAZZTEX S.A.S.;R1;V2;12:14:00
f8ff415d;13/08/2025;11:45:00 a.ÿm.;46 CONFECCIONES CAVITEX S.A.S.;R1;V2;12:15:00
b10aee5a;13/08/2025;12:01:00 p.ÿm.;P28 CONFECCIONES ATAVIOS;R9;V13;12:12:00
76d1aac6;13/08/2025;11:51:00 a.ÿm.;42 COOPIMAR - COOPERATIVA INDUSTRIAL MARINILLA C.T.A;R9;V17;13:38:00
819fa8e6;13/08/2025;12:22:00 p.ÿm.;42 COOPIMAR - COOPERATIVA INDUSTRIAL MARINILLA C.T.A;R2;V20;13:08:00
dae00eb6;13/08/2025;12:22:00 p.ÿm.;42 COOPIMAR - COOPERATIVA INDUSTRIAL MARINILLA C.T.A;R2;V20;13:08:00
4250c31e;13/08/2025;12:23:00 p.ÿm.;24 ECOOELSA C.T.A - EMPRESA COOP. EL SANTUARIO C.T.A.;R1;V2;12:51:00
d00bc5c0;13/08/2025;12:50:00 p.ÿm.;CD CENTRO DE DISTRIBUCIàN;R9;V6;12:56:00
276f39be;13/08/2025;12:22:00 p.ÿm.;42 COOPIMAR - COOPERATIVA INDUSTRIAL MARINILLA C.T.A;R2;V20;15:32:00
3af064e6;13/08/2025;1:01:00 p.ÿm.;56 CREACIONES MPM S.A.S.;R1;V2;13:28:00
be1e6db0;13/08/2025;1:05:00 p.ÿm.;36 INCOOMAR - INDUSTRIA COOPERATIVA DE MARINILLA;R2;V20;14:00:00
0402e8cc;13/08/2025;1:05:00 p.ÿm.;REEMPAQUE RENACER;R2;V20;15:00:00
35f674c1;13/08/2025;1:13:00 p.ÿm.;P14 PRYM S.A.S.;R9;V6;13:15:00
28801d18;13/08/2025;1:18:00 p.ÿm.;P12 CONFECCIONES SELEMAR;R9;V13;13:23:00
428a8f6e;13/08/2025;1:28:00 p.ÿm.;L07 INVERSIONES TAMESCO S.A.S.;R9;V6;13:40:00
67e6a6ce;13/08/2025;1:33:00 p.ÿm.;CI CENTRO DE INTEGRACIàN;R9;V17;
4aa9c19a;13/08/2025;1:39:00 p.ÿm.;CI CENTRO DE INTEGRACIàN;R9;V17;14:06:00
adfb6e2e;13/08/2025;1:45:00 p.ÿm.;05 C.I. CONFECCIONES OLAS S.A;R9;V6;14:10:00
fb7864a4;13/08/2025;1:59:00 p.ÿm.;P14 PRYM S.A.S.;R9;V13;14:34:00
1427fa5c;13/08/2025;2:08:00 p.ÿm.;LS LESENSUEL;R9;V17;14:25:00
2a67550c;13/08/2025;2:19:00 p.ÿm.;D2 IMATEX INDUSTRIA Y MANUFACTURAS TEXTILES S.A.S;R1;V2;14:48:00
629c2ca4;13/08/2025;2:19:00 p.ÿm.;P61 MAQUILIFE S.A.S.;R9;V6;14:27:00
8571c309;13/08/2025;2:27:00 p.ÿm.;P67 MAQUIDIEZ S.A.S.;R9;V6;14:31:00
d5f3c998;13/08/2025;2:37:00 p.ÿm.;CI CENTRO DE INTEGRACIàN;R9;V13;14:42:00
002d2e43;13/08/2025;2:47:00 p.ÿm.;P85 CREACIONES VENETO SAS;R9;V13;14:55:00
3c4e85c7;13/08/2025;2:48:00 p.ÿm.;P46 MERAKI;R9;V6;15:02:00
8a5f6ac9;13/08/2025;3:06:00 p.ÿm.;CD CENTRO DE DISTRIBUCIàN;R9;V17;15:13:00
77892bb8;13/08/2025;3:13:00 p.ÿm.;P05 MAQUILADORA DYA SAS;R9;V13;15:21:00
85d6837a;13/08/2025;3:24:00 p.ÿm.;P42 ROJAS CONFECCIONES;R9;V13;15:55:00
9933c344;13/08/2025;3:26:00 p.ÿm.;72 COOPERATIVA MULTIACTIVA EL PE¥OL - COOMPAB;R2;V20;15:34:00
9d4e72f9;13/08/2025;3:26:00 p.ÿm.;86 COOP. TRAB. ASOCIAD. CRECER Y CREAR;R2;V20;15:34:00
9e3cf66a;13/08/2025;3:22:00 p.ÿm.;P54 MANUFACTURA VAMALI;R9;V6;15:27:00
ef120c09;13/08/2025;3:35:00 p.ÿm.;P07 BAETEX SAS;R9;V6;15:43:00
f2fac3d6;13/08/2025;3:52:00 p.ÿm.;CD CENTRO DE DISTRIBUCIàN;R1;V2;16:34:00
289754ab;13/08/2025;3:53:00 p.ÿm.;P01 S&VCONFECCIONES;R9;V13;16:00:00
31185991;13/08/2025;4:05:00 p.ÿm.;P59 INVERSIONES AGRARIAS;R9;V13;16:10:00
a079b334;13/08/2025;4:06:00 p.ÿm.;P08 MANUFACTURA ODIM S.A.S.;R9;V6;16:10:00
971ad6bc;13/08/2025;4:28:00 p.ÿm.;CD CENTRO DE DISTRIBUCIàN;R9;V13;16:48:00
f37d0c57;13/08/2025;4:40:00 p.ÿm.;CD CENTRO DE DISTRIBUCIàN;R9;V6;17:20:00
bfd422d6;13/08/2025;4:45:00 p.ÿm.;CI CENTRO DE INTEGRACIàN;R1;V2;17:02:00
4dca23dd;13/08/2025;5:04:00 p.ÿm.;CD CENTRO DE DISTRIBUCIàN;R2;V20;17:30:00
420a8820;13/08/2025;6:00:00 p.ÿm.;P46 MERAKI;R9;V6;
8495f4e1;14/08/2025;4:49:00 a.ÿm.;CI CENTRO DE INTEGRACIàN;R1;V2;4:53:00
16897cd2;14/08/2025;6:10:00 a.ÿm.;42 COOPIMAR - COOPERATIVA INDUSTRIAL MARINILLA C.T.A;R1;V2;7:18:00
a653eecb;14/08/2025;6:28:00 a.ÿm.;CI CENTRO DE INTEGRACIàN;R2;V20;7:11:00
103c3d53;14/08/2025;7:10:00 a.ÿm.;CD CENTRO DE DISTRIBUCIàN;R9;V17;7:19:00
5efa8e56;14/08/2025;7:19:00 a.ÿm.;30 WAGNER COMMERCIAL GROUP (ANTES TINY MED);R2;V20;7:27:00
0b1d5acf;14/08/2025;7:29:00 a.ÿm.;36 INCOOMAR - INDUSTRIA COOPERATIVA DE MARINILLA;R1;V2;8:03:00
d4216d33;14/08/2025;7:40:00 a.ÿm.;B9 DUNNINGTON CORPORATION (ANTES NOVAL);R2;V20;7:59:00
3d4636f1;14/08/2025;7:40:00 a.ÿm.;LS LESENSUEL;R2;V20;8:01:00
fca1019a;14/08/2025;7:37:00 a.ÿm.;20 SFW;R9;V6;7:59:00
95513802;14/08/2025;7:38:00 a.ÿm.;P14 PRYM S.A.S.;R9;V17;8:11:00
d9b25ee2;14/08/2025;8:00:00 a.ÿm.;P14 PRYM S.A.S.;R9;V17;8:04:00
4bb1f6b3;14/08/2025;8:01:00 a.ÿm.;21 MANUFACTURA S.A.;R2;V20;8:27:00
be3a6bdb;14/08/2025;8:01:00 a.ÿm.;33 LEONISA LA 33;R2;V20;8:27:00
a6cc4948;14/08/2025;8:04:00 a.ÿm.;D2 IMATEX INDUSTRIA Y MANUFACTURAS TEXTILES S.A.S;R1;V2;8:22:00
3ca392f1;14/08/2025;8:22:00 a.ÿm.;B7 CREATEX FORMAS INTIMAS S.A.S.;R1;V2;8:42:00
cf5959bc;14/08/2025;8:23:00 a.ÿm.;B3 MODATEX CONFECCIONES JFC S.A.S.;R1;V2;8:42:00
f85436a1;14/08/2025;8:27:00 a.ÿm.;CI CENTRO DE INTEGRACIàN;R2;V20;9:55:00
ee78df6a;14/08/2025;8:28:00 a.ÿm.;PU15 PUERTA 15;R2;V20;10:00:00
3cd13c30;14/08/2025;8:37:00 a.ÿm.;A4 CONFECCIONES COOL FASHION S.A.S;R1;V2;8:45:00
96a6fd2f;14/08/2025;8:43:00 a.ÿm.;32 MANUFACTURAS GIRALDO ZULUAGA S.A.S.;R1;V2;8:58:00
97603981;14/08/2025;9:16:00 a.ÿm.;24 ECOOELSA C.T.A - EMPRESA COOP. EL SANTUARIO C.T.A.;R1;V2;10:59:00
5f7d7e82;14/08/2025;10:06:00 a.ÿm.;42 COOPIMAR - COOPERATIVA INDUSTRIAL MARINILLA C.T.A;R9;V17;10:24:00
f4f5ffea;14/08/2025;10:25:00 a.ÿm.;36 INCOOMAR - INDUSTRIA COOPERATIVA DE MARINILLA;R9;V17;10:36:00
04004cb2;14/08/2025;10:26:00 a.ÿm.;CD CENTRO DE DISTRIBUCIàN;R2;V20;11:17:00
1740b4eb;14/08/2025;10:59:00 a.ÿm.;D4 IMAGEN TEXTIL J&S S.A.S;R1;V2;11:19:00
ae3d3d03;14/08/2025;11:18:00 a.ÿm.;69 COOMUNELSA C.T.A -COOPERATIVA MULT. COMUNITARIA EL SANTUARIO;R1;V2;12:00:00
c121fd7f;14/08/2025;11:23:00 a.ÿm.;P09 FERMASA S.A.S.;R9;V13;11:42:00
e6ee6d8c;14/08/2025;11:45:00 a.ÿm.;CD CENTRO DE DISTRIBUCIàN;R9;V6;11:56:00
e42cdca1;14/08/2025;12:00:00 p.ÿm.;61 CONFECCIONES VELERO SPORT S.A.S.;R9;V6;12:06:00
20bd2027;14/08/2025;12:01:00 p.ÿm.;06 SODECON DE CONFECCION S.A.S;R1;V2;12:17:00
e9104dd6;14/08/2025;12:03:00 p.ÿm.;39 CONFECCIONES ILUAMA S.A.S.;R1;V2;12:30:00
2c2d9750;14/08/2025;12:03:00 p.ÿm.;D7 GRUPO ORIENTEX S.A.S;R1;V2;12:18:00
67f71db6;14/08/2025;12:13:00 p.ÿm.;P28 CONFECCIONES ATAVIOS;R9;V13;12:25:00
7e3761de;14/08/2025;12:15:00 p.ÿm.;P14 PRYM S.A.S.;R9;V6;12:23:00
dc55d0c8;14/08/2025;10:40:00 a.ÿm.;REEMPAQUE RENACER;R9;V17;12:32:00
26d1eefa;14/08/2025;12:22:00 p.ÿm.;13 ALIANZA CONAZZTEX S.A.S.;R1;V2;12:43:00
bde7f2c5;14/08/2025;12:22:00 p.ÿm.;46 CONFECCIONES CAVITEX S.A.S.;R1;V2;12:35:00
5bfb333f;14/08/2025;12:38:00 p.ÿm.;05 C.I. CONFECCIONES OLAS S.A;R9;V6;13:15:00
a45c5024;14/08/2025;12:39:00 p.ÿm.;05 C.I. CONFECCIONES OLAS S.A;R9;V6;13:15:00
86a62329;14/08/2025;12:43:00 p.ÿm.;56 CREACIONES MPM S.A.S.;R1;V2;12:50:00
1f3b48f4;14/08/2025;1:07:00 p.ÿm.;42 COOPIMAR - COOPERATIVA INDUSTRIAL MARINILLA C.T.A;R9;V17;15:43:00
d43cde74;14/08/2025;1:10:00 p.ÿm.;42 COOPIMAR - COOPERATIVA INDUSTRIAL MARINILLA C.T.A;R2;V20;14:18:00
5efebe93;14/08/2025;1:10:00 p.ÿm.;42 COOPIMAR - COOPERATIVA INDUSTRIAL MARINILLA C.T.A;R2;V20;14:18:00
4360a2f3;14/08/2025;1:10:00 p.ÿm.;42 COOPIMAR - COOPERATIVA INDUSTRIAL MARINILLA C.T.A;R2;V20;14:18:00
f24f854f;14/08/2025;1:14:00 p.ÿm.;P12 CONFECCIONES SELEMAR;R9;V13;13:24:00
a144697b;14/08/2025;1:22:00 p.ÿm.;L07 INVERSIONES TAMESCO S.A.S.;R9;V6;13:32:00
5a54d9b5;14/08/2025;1:37:00 p.ÿm.;P61 MAQUILIFE S.A.S.;R9;V6;13:45:00
42be141f;14/08/2025;1:44:00 p.ÿm.;P67 MAQUIDIEZ S.A.S.;R9;V6;13:49:00
3c8d30e5;14/08/2025;1:55:00 p.ÿm.;D2 IMATEX INDUSTRIA Y MANUFACTURAS TEXTILES S.A.S;R1;V2;14:22:00
ed973741;14/08/2025;2:00:00 p.ÿm.;P14 PRYM S.A.S.;R9;V13;14:19:00
79aabf3a;14/08/2025;2:05:00 p.ÿm.;P54 MANUFACTURA VAMALI;R9;V6;14:11:00
91978285;14/08/2025;2:15:00 p.ÿm.;86 COOP. TRAB. ASOCIAD. CRECER Y CREAR;R2;V20;14:23:00
088d61c9;14/08/2025;2:15:00 p.ÿm.;72 COOPERATIVA MULTIACTIVA EL PE¥OL - COOMPAB;R2;V20;14:23:00
d71818ef;14/08/2025;2:19:00 p.ÿm.;REEMPAQUE RENACER;R2;V20;16:07:00
7566ff26;14/08/2025;2:19:00 p.ÿm.;36 INCOOMAR - INDUSTRIA COOPERATIVA DE MARINILLA;R2;V20;15:53:00
49bf65bc;14/08/2025;2:26:00 p.ÿm.;CI CENTRO DE INTEGRACIàN;R9;V13;14:31:00
09de5028;14/08/2025;2:34:00 p.ÿm.;P85 CREACIONES VENETO SAS;R9;V13;14:50:00
dfbea5be;14/08/2025;2:13:00 p.ÿm.;P07 BAETEX SAS;R9;V6;14:33:00
1060f658;14/08/2025;3:06:00 p.ÿm.;P42 ROJAS CONFECCIONES;R9;V13;15:19:00
d3f8f92e;14/08/2025;2:55:00 p.ÿm.;P08 MANUFACTURA ODIM S.A.S.;R9;V6;15:06:00
71254013;14/08/2025;3:22:00 p.ÿm.;P05 MAQUILADORA DYA SAS;R9;V13;15:28:00
1f78bf19;14/08/2025;3:25:00 p.ÿm.;P46 MERAKI;R9;V6;15:34:00
dfcadb99;14/08/2025;3:35:00 p.ÿm.;P01 S&VCONFECCIONES;R9;V13;15:40:00
3b7f50cb;14/08/2025;3:43:00 p.ÿm.;CD CENTRO DE DISTRIBUCIàN;R9;V17;15:54:00
7e7e0a9c;14/08/2025;3:45:00 p.ÿm.;P59 INVERSIONES AGRARIAS;R9;V13;15:50:00
39d5a292;14/08/2025;3:50:00 p.ÿm.;CD CENTRO DE DISTRIBUCIàN;R9;V6;16:20:00
006a488e;14/08/2025;4:16:00 p.ÿm.;CD CENTRO DE DISTRIBUCIàN;R9;V13;16:35:00
7d24dbbd;14/08/2025;4:45:00 p.ÿm.;CD CENTRO DE DISTRIBUCIàN;R1;V2;17:31:00
16529ab1;14/08/2025;5:46:00 p.ÿm.;CI CENTRO DE INTEGRACIàN;R1;V2;18:01:00
83fbab78;14/08/2025;9:53:00 p.ÿm.;CD CENTRO DE DISTRIBUCIàN;R2;V20;22:26:00
23ccd1e5;15/08/2025;4:50:00 a.ÿm.;CI CENTRO DE INTEGRACIàN;R1;V2;4:53:00
7674963f;15/08/2025;6:08:00 a.ÿm.;42 COOPIMAR - COOPERATIVA INDUSTRIAL MARINILLA C.T.A;R1;V2;6:43:00
16d25f80;15/08/2025;6:39:00 a.ÿm.;CD CENTRO DE DISTRIBUCIàN;R9;V17;7:05:00
ec0b8026;15/08/2025;6:55:00 a.ÿm.;D2 IMATEX INDUSTRIA Y MANUFACTURAS TEXTILES S.A.S;R1;V2;7:16:00
1ddfd62a;15/08/2025;6:35:00 a.ÿm.;CI CENTRO DE INTEGRACIàN;R2;V20;7:25:00
3579e48a;15/08/2025;7:05:00 a.ÿm.;30 WAGNER COMMERCIAL GROUP (ANTES TINY MED);R2;V20;7:33:00
a8edfdab;15/08/2025;7:19:00 a.ÿm.;P14 PRYM S.A.S.;R9;V17;7:41:00
eecab079;15/08/2025;7:23:00 a.ÿm.;36 INCOOMAR - INDUSTRIA COOPERATIVA DE MARINILLA;R1;V2;7:46:00
2f233ca3;15/08/2025;7:34:00 a.ÿm.;LS LESENSUEL;R2;V20;8:02:00
cc11907d;15/08/2025;7:34:00 a.ÿm.;B9 DUNNINGTON CORPORATION (ANTES NOVAL);R2;V20;8:02:00
3e62e829;15/08/2025;7:44:00 a.ÿm.;40 GRUPO CENIT S.A.S;R1;V2;7:53:00
85e7c90b;15/08/2025;7:47:00 a.ÿm.;40 GRUPO CENIT S.A.S;R1;V2;7:54:00
d74b1d42;15/08/2025;7:54:00 a.ÿm.;B7 CREATEX FORMAS INTIMAS S.A.S.;R1;V2;8:05:00
a0ab57f3;15/08/2025;7:54:00 a.ÿm.;B3 MODATEX CONFECCIONES JFC S.A.S.;R1;V2;8:05:00
36f73681;15/08/2025;7:30:00 a.ÿm.;CD CENTRO DE DISTRIBUCIàN;R9;V13;8:21:00
006e56b7;15/08/2025;8:03:00 a.ÿm.;21 MANUFACTURA S.A.;R2;V20;9:04:00
cef1aa6d;15/08/2025;8:03:00 a.ÿm.;33 LEONISA LA 33;R2;V20;9:04:00
243a3ffa;15/08/2025;8:08:00 a.ÿm.;A4 CONFECCIONES COOL FASHION S.A.S;R1;V2;8:19:00
1f14153c;15/08/2025;8:32:00 a.ÿm.;32 MANUFACTURAS GIRALDO ZULUAGA S.A.S.;R1;V2;8:42:00
3e169c7f;15/08/2025;8:49:00 a.ÿm.;P85 CREACIONES VENETO SAS;R9;V13;8:59:00
d42b2e37;15/08/2025;8:58:00 a.ÿm.;P25 CREACIONES LONDO¥O ROJAS SAS;R1;V2;9:02:00
3146db1b;15/08/2025;9:01:00 a.ÿm.;24 ECOOELSA C.T.A - EMPRESA COOP. EL SANTUARIO C.T.A.;R1;V2;10:22:00
d00138c7;15/08/2025;9:03:00 a.ÿm.;PU15 PUERTA 15;R2;V20;10:23:00
a3a49705;15/08/2025;9:03:00 a.ÿm.;CI CENTRO DE INTEGRACIàN;R2;V20;10:23:00
121efdca;15/08/2025;9:12:00 a.ÿm.;P14 PRYM S.A.S.;R9;V13;9:21:00
1cb78f23;15/08/2025;9:16:00 a.ÿm.;42 COOPIMAR - COOPERATIVA INDUSTRIAL MARINILLA C.T.A;R9;V17;9:24:00
97ff911a;15/08/2025;9:33:00 a.ÿm.;36 INCOOMAR - INDUSTRIA COOPERATIVA DE MARINILLA;R9;V17;9:47:00
a19cb778;15/08/2025;9:30:00 a.ÿm.;33 LEONISA LA 33;R9;V13;9:52:00
7267fda0;15/08/2025;9:35:00 a.ÿm.;33 LEONISA LA 33;R9;V13;9:51:00
e0750d2b;15/08/2025;10:15:00 a.ÿm.;D4 IMAGEN TEXTIL J&S S.A.S;R1;V2;10:59:00
0554b379;15/08/2025;10:21:00 a.ÿm.;69 COOMUNELSA C.T.A -COOPERATIVA MULT. COMUNITARIA EL SANTUARIO;R1;V2;11:08:00
428dd96e;15/08/2025;11:13:00 a.ÿm.;P09 FERMASA S.A.S.;R9;V13;11:39:00
1038e85d;15/08/2025;11:24:00 a.ÿm.;24 ECOOELSA C.T.A - EMPRESA COOP. EL SANTUARIO C.T.A.;R1;V2;11:37:00
4299317d;15/08/2025;11:38:00 a.ÿm.;REEMPAQUE RENACER;R9;V17;11:53:00
20ca7e41;15/08/2025;11:41:00 a.ÿm.;06 SODECON DE CONFECCION S.A.S;R1;V2;12:06:00
836a61dd;15/08/2025;11:42:00 a.ÿm.;39 CONFECCIONES ILUAMA S.A.S.;R1;V2;12:07:00
7fdc878d;15/08/2025;11:42:00 a.ÿm.;D7 GRUPO ORIENTEX S.A.S;R1;V2;12:07:00
ec8d5503;15/08/2025;12:08:00 p.ÿm.;13 ALIANZA CONAZZTEX S.A.S.;R1;V2;12:30:00
bb807714;15/08/2025;12:12:00 p.ÿm.;42 COOPIMAR - COOPERATIVA INDUSTRIAL MARINILLA C.T.A;R2;V20;12:10:00
43dbb5b3;15/08/2025;12:12:00 p.ÿm.;42 COOPIMAR - COOPERATIVA INDUSTRIAL MARINILLA C.T.A;R2;V20;12:10:00
518e3aeb;15/08/2025;12:13:00 p.ÿm.;46 CONFECCIONES CAVITEX S.A.S.;R1;V2;12:31:00
77511f69;15/08/2025;12:32:00 p.ÿm.;56 CREACIONES MPM S.A.S.;R1;V2;12:56:00
87fb57f2;15/08/2025;12:50:00 p.ÿm.;CD CENTRO DE DISTRIBUCIàN;R9;V6;12:55:00
22d59d50;15/08/2025;1:01:00 p.ÿm.;61 CONFECCIONES VELERO SPORT S.A.S.;R9;V6;13:06:00
3f9bca58;15/08/2025;1:05:00 p.ÿm.;36 INCOOMAR - INDUSTRIA COOPERATIVA DE MARINILLA;R2;V20;13:59:00
18394696;15/08/2025;1:06:00 p.ÿm.;86 COOP. TRAB. ASOCIAD. CRECER Y CREAR;R2;V20;13:59:00
9d27533c;15/08/2025;1:06:00 p.ÿm.;72 COOPERATIVA MULTIACTIVA EL PE¥OL - COOMPAB;R2;V20;13:59:00
5cf63ebc;15/08/2025;1:17:00 p.ÿm.;42 COOPIMAR - COOPERATIVA INDUSTRIAL MARINILLA C.T.A;R9;V17;13:31:00
0a3814e1;15/08/2025;1:23:00 p.ÿm.;05 C.I. CONFECCIONES OLAS S.A;R9;V6;13:49:00
36ca9b75;15/08/2025;1:31:00 p.ÿm.;P12 CONFECCIONES SELEMAR;R9;V13;13:36:00
2f0cb374;15/08/2025;1:55:00 p.ÿm.;REEMPAQUE RENACER;R2;V20;14:32:00
70972487;15/08/2025;2:00:00 p.ÿm.;P67 MAQUIDIEZ S.A.S.;R9;V6;14:09:00
2ac90243;15/08/2025;2:09:00 p.ÿm.;P61 MAQUILIFE S.A.S.;R9;V6;14:13:00
f4adb3ca;15/08/2025;2:11:00 p.ÿm.;P14 PRYM S.A.S.;R9;V13;14:27:00
46ff51d8;15/08/2025;2:35:00 p.ÿm.;CI CENTRO DE INTEGRACIàN;R9;V13;14:40:00
56ae5981;15/08/2025;2:32:00 p.ÿm.;P46 MERAKI;R9;V6;14:40:00
3982f042;15/08/2025;2:55:00 p.ÿm.;P54 MANUFACTURA VAMALI;R9;V6;15:00:00
cc10d4c1;15/08/2025;2:50:00 p.ÿm.;P85 CREACIONES VENETO SAS;R9;V13;15:00:00
6794ba58;15/08/2025;3:10:00 p.ÿm.;P07 BAETEX SAS;R9;V6;15:30:00
8bbbf523;15/08/2025;3:20:00 p.ÿm.;P42 ROJAS CONFECCIONES;R9;V13;15:30:00
18dd367e;15/08/2025;3:26:00 p.ÿm.;CD CENTRO DE DISTRIBUCIàN;R9;V17;
520917f1;15/08/2025;3:34:00 p.ÿm.;P05 MAQUILADORA DYA SAS;R9;V13;15:40:00
f25766eb;15/08/2025;3:46:00 p.ÿm.;P01 S&VCONFECCIONES;R9;V13;15:48:00
aa522bc0;15/08/2025;3:50:00 p.ÿm.;L07 INVERSIONES TAMESCO S.A.S.;R9;V6;16:01:00
7b798a13;15/08/2025;4:01:00 p.ÿm.;P59 INVERSIONES AGRARIAS;R9;V13;16:06:00
2a4c3b1b;15/08/2025;4:32:00 p.ÿm.;CD CENTRO DE DISTRIBUCIàN;R9;V13;16:50:00
c69dbb28;15/08/2025;4:40:00 p.ÿm.;CD CENTRO DE DISTRIBUCIàN;R9;V6;17:10:00
73c672d8;15/08/2025;4:47:00 p.ÿm.;CD CENTRO DE DISTRIBUCIàN;R1;V2;17:40:00
8c7c28b9;15/08/2025;4:59:00 p.ÿm.;CD CENTRO DE DISTRIBUCIàN;R2;V20;17:33:00
26de0a98;15/08/2025;5:30:00 p.ÿm.;L07 INVERSIONES TAMESCO S.A.S.;R9;V6;17:36:00
6fd88d0c;15/08/2025;6:09:00 p.ÿm.;CI CENTRO DE INTEGRACIàN;R1;V2;18:17:00
5c5d6d69;16/08/2025;4:47:00 a.ÿm.;CI CENTRO DE INTEGRACIàN;R1;V2;5:05:00
99647cd4;16/08/2025;6:27:00 a.ÿm.;36 INCOOMAR - INDUSTRIA COOPERATIVA DE MARINILLA;R1;V2;6:56:00
ebb50651;16/08/2025;6:41:00 a.ÿm.;CI CENTRO DE INTEGRACIàN;R1;V20;6:59:00
feb17adb;16/08/2025;6:44:00 a.ÿm.;CI CENTRO DE INTEGRACIàN;R2;V20;10:02:00
129540a7;16/08/2025;6:54:00 a.ÿm.;CD CENTRO DE DISTRIBUCIàN;R9;V17;7:19:00
b0c225f2;16/08/2025;6:56:00 a.ÿm.;42 COOPIMAR - COOPERATIVA INDUSTRIAL MARINILLA C.T.A;R1;V2;7:43:00
ef470ba6;16/08/2025;7:09:00 a.ÿm.;B9 DUNNINGTON CORPORATION (ANTES NOVAL);R2;V20;7:26:00
1cbbf2c2;16/08/2025;7:46:00 a.ÿm.;D2 IMATEX INDUSTRIA Y MANUFACTURAS TEXTILES S.A.S;R1;V2;8:42:00
3e8d0efa;16/08/2025;8:14:00 a.ÿm.;40 GRUPO CENIT S.A.S;R1;V2;8:53:00
2fc2ffa1;16/08/2025;8:44:00 a.ÿm.;CI CENTRO DE INTEGRACIàN;R2;V20;
c7ba1309;16/08/2025;8:50:00 a.ÿm.;B7 CREATEX FORMAS INTIMAS S.A.S.;R1;V2;8:56:00
535b72a2;16/08/2025;8:55:00 a.ÿm.;42 COOPIMAR - COOPERATIVA INDUSTRIAL MARINILLA C.T.A;R9;V17;9:05:00
cdb5c3af;16/08/2025;8:58:00 a.ÿm.;32 MANUFACTURAS GIRALDO ZULUAGA S.A.S.;R1;V2;9:15:00
68e64eae;16/08/2025;9:00:00 a.ÿm.;CD CENTRO DE DISTRIBUCIàN;R9;V6;9:13:00
8f790b52;16/08/2025;9:18:00 a.ÿm.;42 COOPIMAR - COOPERATIVA INDUSTRIAL MARINILLA C.T.A;R9;V17;9:49:00
af6e1da6;16/08/2025;9:27:00 a.ÿm.;24 ECOOELSA C.T.A - EMPRESA COOP. EL SANTUARIO C.T.A.;R1;V2;10:37:00
a8ded69e;16/08/2025;9:52:00 a.ÿm.;69 COOMUNELSA C.T.A -COOPERATIVA MULT. COMUNITARIA EL SANTUARIO;R9;V17;10:03:00
84cab3b4;16/08/2025;9:30:00 a.ÿm.;P54 MANUFACTURA VAMALI;R9;V6;9:55:00
f98514ec;16/08/2025;10:04:00 a.ÿm.;24 ECOOELSA C.T.A - EMPRESA COOP. EL SANTUARIO C.T.A.;R9;V17;10:29:00
a6ffe6b0;16/08/2025;10:12:00 a.ÿm.;P09 FERMASA S.A.S.;R9;V13;10:22:00
1c906458;16/08/2025;10:16:00 a.ÿm.;P08 MANUFACTURA ODIM S.A.S.;R9;V6;10:45:00
96a3cb10;16/08/2025;10:38:00 a.ÿm.;D4 IMAGEN TEXTIL J&S S.A.S;R1;V2;11:06:00
d0c961b9;16/08/2025;10:43:00 a.ÿm.;P85 CREACIONES VENETO SAS;R9;V13;10:54:00
f9b155d7;16/08/2025;11:06:00 a.ÿm.;69 COOMUNELSA C.T.A -COOPERATIVA MULT. COMUNITARIA EL SANTUARIO;R1;V2;11:25:00
ed4c4a24;16/08/2025;11:14:00 a.ÿm.;P67 MAQUIDIEZ S.A.S.;R9;V6;11:25:00
8561edc5;16/08/2025;11:24:00 a.ÿm.;06 SODECON DE CONFECCION S.A.S;R1;V2;11:41:00
de20d477;16/08/2025;11:26:00 a.ÿm.;39 CONFECCIONES ILUAMA S.A.S.;R1;V2;12:06:00
c21a973b;16/08/2025;11:42:00 a.ÿm.;13 ALIANZA CONAZZTEX S.A.S.;R1;V2;12:24:00
64243920;16/08/2025;11:42:00 a.ÿm.;42 COOPIMAR - COOPERATIVA INDUSTRIAL MARINILLA C.T.A;R2;V20;12:00:00
d27cd05a;16/08/2025;11:43:00 a.ÿm.;46 CONFECCIONES CAVITEX S.A.S.;R1;V2;12:25:00
4bfd5ae1;16/08/2025;11:45:00 a.ÿm.;L14 VYDA S.A.S.;R9;V6;11:55:00
33bac5fc;16/08/2025;11:56:00 a.ÿm.;P42 ROJAS CONFECCIONES;R9;V13;12:00:00
6addc58d;16/08/2025;12:05:00 p.ÿm.;REEMPAQUE RENACER;R9;V17;12:17:00
96264241;16/08/2025;12:07:00 p.ÿm.;42 COOPIMAR - COOPERATIVA INDUSTRIAL MARINILLA C.T.A;R2;V20;12:12:00
3022b168;16/08/2025;12:17:00 p.ÿm.;CD CENTRO DE DISTRIBUCIàN;R9;V13;12:33:00
9ffd79fb;16/08/2025;12:20:00 p.ÿm.;56 CREACIONES MPM S.A.S.;R1;V2;12:31:00
caed708c;16/08/2025;12:26:00 p.ÿm.;36 INCOOMAR - INDUSTRIA COOPERATIVA DE MARINILLA;R2;V20;13:42:00
e4bc8f3a;16/08/2025;12:10:00 p.ÿm.;CD CENTRO DE DISTRIBUCIàN;R9;V6;12:40:00
48f5a3e7;16/08/2025;1:15:00 p.ÿm.;P46 MERAKI;R9;V6;13:20:00
ba417a2d;16/08/2025;1:17:00 p.ÿm.;42 COOPIMAR - COOPERATIVA INDUSTRIAL MARINILLA C.T.A;R9;V17;13:30:00
b2593598;16/08/2025;1:57:00 p.ÿm.;42 COOPIMAR - COOPERATIVA INDUSTRIAL MARINILLA C.T.A;R2;V20;14:24:00
d0de4143;16/08/2025;2:29:00 p.ÿm.;86 COOP. TRAB. ASOCIAD. CRECER Y CREAR;R2;V20;14:34:00
4292195f;16/08/2025;2:53:00 p.ÿm.;CD CENTRO DE DISTRIBUCIàN;R1;V2;15:23:00
d0fa4be7;16/08/2025;3:28:00 p.ÿm.;CD CENTRO DE DISTRIBUCIàN;R9;V17;15:45:00
3e0206a8;16/08/2025;3:36:00 p.ÿm.;CI CENTRO DE INTEGRACIàN;R1;V2;15:52:00
e29c293c;16/08/2025;3:45:00 p.ÿm.;CD CENTRO DE DISTRIBUCIàN;R9;V17;15:53:00
ca3dd85d;16/08/2025;4:09:00 p.ÿm.;CD CENTRO DE DISTRIBUCIàN;R2;V20;16:42:00
6744d3e6;19/08/2025;4:48:00 a.ÿm.;CI CENTRO DE INTEGRACIàN;R1;V2;4:55:00
aff1fd23;19/08/2025;6:03:00 a.ÿm.;42 COOPIMAR - COOPERATIVA INDUSTRIAL MARINILLA C.T.A;R1;V2;6:25:00
ad492a05;19/08/2025;6:20:00 a.ÿm.;CI CENTRO DE INTEGRACIàN;R2;V20;7:15:00
a8f72941;19/08/2025;6:27:00 a.ÿm.;36 INCOOMAR - INDUSTRIA COOPERATIVA DE MARINILLA;R1;V2;6:46:00
02ef371a;19/08/2025;6:53:00 a.ÿm.;CD CENTRO DE DISTRIBUCIàN;R9;V17;7:12:00
0609c20a;19/08/2025;6:50:00 a.ÿm.;CD CENTRO DE DISTRIBUCIàN;R9;V13;7:16:00
a7bd6ab0;19/08/2025;7:05:00 a.ÿm.;30 WAGNER COMMERCIAL GROUP (ANTES TINY MED);R2;V20;7:25:00
d026355c;19/08/2025;7:22:00 a.ÿm.;40 GRUPO CENIT S.A.S;R1;V2;7:27:00
7396bfa2;19/08/2025;7:26:00 a.ÿm.;B7 CREATEX FORMAS INTIMAS S.A.S.;R1;V2;7:35:00
59bbb696;19/08/2025;7:27:00 a.ÿm.;B3 MODATEX CONFECCIONES JFC S.A.S.;R1;V2;7:35:00
f1072721;19/08/2025;7:30:00 a.ÿm.;P14 PRYM S.A.S.;R9;V17;7:48:00
2290f126;19/08/2025;7:26:00 a.ÿm.;B9 DUNNINGTON CORPORATION (ANTES NOVAL);R2;V20;7:50:00
ef15f8f9;19/08/2025;7:35:00 a.ÿm.;LS LESENSUEL;R2;V20;7:51:00
7d415647;19/08/2025;7:33:00 a.ÿm.;A4 CONFECCIONES COOL FASHION S.A.S;R1;V2;7:46:00
132655a0;19/08/2025;7:45:00 a.ÿm.;P42 ROJAS CONFECCIONES;R9;V13;7:48:00
38131ffb;19/08/2025;7:52:00 a.ÿm.;32 MANUFACTURAS GIRALDO ZULUAGA S.A.S.;R1;V2;8:01:00
52f22153;19/08/2025;8:01:00 a.ÿm.;P59 INVERSIONES AGRARIAS;R9;V13;8:07:00
777ee2ba;19/08/2025;7:53:00 a.ÿm.;21 MANUFACTURA S.A.;R2;V20;8:00:00
0b121839;19/08/2025;8:20:00 a.ÿm.;24 ECOOELSA C.T.A - EMPRESA COOP. EL SANTUARIO C.T.A.;R1;V2;9:32:00
5ce4b1c6;19/08/2025;9:27:00 a.ÿm.;42 COOPIMAR - COOPERATIVA INDUSTRIAL MARINILLA C.T.A;R9;V17;9:41:00
a76be339;19/08/2025;9:36:00 a.ÿm.;D4 IMAGEN TEXTIL J&S S.A.S;R1;V2;9:51:00
7b52241d;19/08/2025;9:01:00 a.ÿm.;PU15 PUERTA 15;R2;V20;9:52:00
65dd4812;19/08/2025;9:01:00 a.ÿm.;CI CENTRO DE INTEGRACIàN;R2;V20;9:52:00
da2e138e;19/08/2025;9:47:00 a.ÿm.;CD CENTRO DE DISTRIBUCIàN;R2;V20;23:00:00
83db5c3f;19/08/2025;9:49:00 a.ÿm.;69 COOMUNELSA C.T.A -COOPERATIVA MULT. COMUNITARIA EL SANTUARIO;R1;V2;10:30:00
5a59fc17;19/08/2025;10:30:00 a.ÿm.;06 SODECON DE CONFECCION S.A.S;R1;V2;10:50:00
de532e0c;19/08/2025;10:32:00 a.ÿm.;39 CONFECCIONES ILUAMA S.A.S.;R1;V2;10:51:00
c1389cb0;19/08/2025;10:35:00 a.ÿm.;D7 GRUPO ORIENTEX S.A.S;R1;V2;10:54:00
2c61a0b1;19/08/2025;10:51:00 a.ÿm.;13 ALIANZA CONAZZTEX S.A.S.;R1;V2;11:21:00
d7a07699;19/08/2025;10:55:00 a.ÿm.;46 CONFECCIONES CAVITEX S.A.S.;R1;V2;11:22:00
0fe3fea4;19/08/2025;11:12:00 a.ÿm.;P09 FERMASA S.A.S.;R9;V13;11:16:00
a5cf5f59;19/08/2025;11:23:00 a.ÿm.;56 CREACIONES MPM S.A.S.;R1;V2;11:34:00
54522cd4;19/08/2025;11:25:00 a.ÿm.;CD CENTRO DE DISTRIBUCIàN;R9;V6;11:45:00
3e175b0e;19/08/2025;11:31:00 a.ÿm.;REEMPAQUE RENACER;R9;V17;11:39:00
e6146faf;19/08/2025;11:51:00 a.ÿm.;61 CONFECCIONES VELERO SPORT S.A.S.;R9;V6;11:59:00
8cf3a488;19/08/2025;12:07:00 p.ÿm.;CI CENTRO DE INTEGRACIàN;R9;V6;12:16:00
22503553;19/08/2025;12:21:00 p.ÿm.;36 INCOOMAR - INDUSTRIA COOPERATIVA DE MARINILLA;R1;V2;12:51:00
30e189a6;19/08/2025;12:30:00 p.ÿm.;05 C.I. CONFECCIONES OLAS S.A;R9;V6;13:00:00
4401e4a6;19/08/2025;12:33:00 p.ÿm.;41 PROYECCION INTIMA S.A.S.;R9;V17;
f19e731a;19/08/2025;12:39:00 p.ÿm.;42 COOPIMAR - COOPERATIVA INDUSTRIAL MARINILLA C.T.A;R9;V17;12:53:00
019d1cab;19/08/2025;12:52:00 p.ÿm.;D2 IMATEX INDUSTRIA Y MANUFACTURAS TEXTILES S.A.S;R1;V2;13:33:00
7e7d2f12;19/08/2025;1:01:00 p.ÿm.;42 COOPIMAR - COOPERATIVA INDUSTRIAL MARINILLA C.T.A;R2;V20;13:40:00
74483de7;19/08/2025;1:02:00 p.ÿm.;42 COOPIMAR - COOPERATIVA INDUSTRIAL MARINILLA C.T.A;R2;V20;13:40:00
a917a69b;19/08/2025;1:09:00 p.ÿm.;P12 CONFECCIONES SELEMAR;R9;V13;13:31:00
541f7bf0;19/08/2025;1:10:00 p.ÿm.;L07 INVERSIONES TAMESCO S.A.S.;R9;V6;13:20:00
320164f3;19/08/2025;1:30:00 p.ÿm.;P61 MAQUILIFE S.A.S.;R9;V6;13:36:00
67f10bc2;19/08/2025;1:36:00 p.ÿm.;P67 MAQUIDIEZ S.A.S.;R9;V6;13:42:00
f460a07d;19/08/2025;1:34:00 p.ÿm.;42 COOPIMAR - COOPERATIVA INDUSTRIAL MARINILLA C.T.A;R2;V20;13:40:00
4cf98ff4;19/08/2025;1:34:00 p.ÿm.;86 COOP. TRAB. ASOCIAD. CRECER Y CREAR;R2;V20;13:40:00
d9ca45f7;19/08/2025;1:34:00 p.ÿm.;72 COOPERATIVA MULTIACTIVA EL PE¥OL - COOMPAB;R2;V20;13:40:00
ff89f93b;19/08/2025;1:38:00 p.ÿm.;36 INCOOMAR - INDUSTRIA COOPERATIVA DE MARINILLA;R2;V20;14:42:00
ff659892;19/08/2025;1:38:00 p.ÿm.;REEMPAQUE RENACER;R2;V20;14:42:00
3c310d89;19/08/2025;1:51:00 p.ÿm.;P53 GISA SAS;R9;V13;14:10:00
4e8000a3;19/08/2025;1:58:00 p.ÿm.;P54 MANUFACTURA VAMALI;R9;V6;14:03:00
928265a0;19/08/2025;2:26:00 p.ÿm.;CD CENTRO DE DISTRIBUCIàN;R9;V17;14:55:00
17e1cad9;19/08/2025;2:28:00 p.ÿm.;P85 CREACIONES VENETO SAS;R9;V13;14:35:00
156f7699;19/08/2025;2:12:00 p.ÿm.;P07 BAETEX SAS;R9;V6;14:30:00
97256da7;19/08/2025;2:50:00 p.ÿm.;CD CENTRO DE DISTRIBUCIàN;R1;V2;15:38:00
20770dc9;19/08/2025;2:55:00 p.ÿm.;P08 MANUFACTURA ODIM S.A.S.;R9;V6;15:02:00
64210993;19/08/2025;2:57:00 p.ÿm.;P42 ROJAS CONFECCIONES;R9;V13;15:15:00
4ef1301a;19/08/2025;3:19:00 p.ÿm.;P05 MAQUILADORA DYA SAS;R9;V13;15:26:00
0093f9d3;19/08/2025;3:30:00 p.ÿm.;P46 MERAKI;R9;V6;15:40:00
ee28b50b;19/08/2025;3:32:00 p.ÿm.;P01 S&VCONFECCIONES;R9;V13;15:39:00
7b22d117;19/08/2025;3:50:00 p.ÿm.;P14 PRYM S.A.S.;R9;V6;15:54:00
270f0843;19/08/2025;3:46:00 p.ÿm.;P59 INVERSIONES AGRARIAS;R9;V13;15:56:00
c0a631f4;19/08/2025;3:49:00 p.ÿm.;CI CENTRO DE INTEGRACIàN;R1;V2;16:04:00
14aa39aa;19/08/2025;4:06:00 p.ÿm.;CD CENTRO DE DISTRIBUCIàN;R9;V6;16:40:00
0e9ac63f;19/08/2025;4:07:00 p.ÿm.;CD CENTRO DE DISTRIBUCIàN;R2;V20;16:48:00
9774e3b7;19/08/2025;4:11:00 p.ÿm.;CD CENTRO DE DISTRIBUCIàN;R9;V13;16:29:00
0859ee57;19/08/2025;5:27:00 p.ÿm.;P07 BAETEX SAS;R9;V6;17:40:00
776cf619;20/08/2025;4:53:00 a.ÿm.;CI CENTRO DE INTEGRACIàN;R1;V2;4:55:00
39fab50a;20/08/2025;6:02:00 a.ÿm.;42 COOPIMAR - COOPERATIVA INDUSTRIAL MARINILLA C.T.A;R1;V2;6:58:00
98d3cc6c;20/08/2025;6:23:00 a.ÿm.;CI CENTRO DE INTEGRACIàN;R2;V20;7:01:00
67405b8a;20/08/2025;6:33:00 a.ÿm.;CD CENTRO DE DISTRIBUCIàN;R9;V17;6:42:00
88d11dc9;20/08/2025;6:55:00 a.ÿm.;30 WAGNER COMMERCIAL GROUP (ANTES TINY MED);R2;V20;7:01:00
a8bff0ab;20/08/2025;7:01:00 a.ÿm.;LS LESENSUEL;R2;V20;7:24:00
31175b55;20/08/2025;7:02:00 a.ÿm.;B9 DUNNINGTON CORPORATION (ANTES NOVAL);R2;V20;7:24:00
89bbe20f;20/08/2025;6:50:00 a.ÿm.;CD CENTRO DE DISTRIBUCIàN;R9;V13;7:28:00
f8359399;20/08/2025;7:06:00 a.ÿm.;D2 IMATEX INDUSTRIA Y MANUFACTURAS TEXTILES S.A.S;R1;V2;7:32:00
82ac8f52;20/08/2025;7:24:00 a.ÿm.;21 MANUFACTURA S.A.;R2;V20;7:45:00
173141d6;20/08/2025;7:33:00 a.ÿm.;36 INCOOMAR - INDUSTRIA COOPERATIVA DE MARINILLA;R1;V2;7:39:00
717a4540;20/08/2025;7:39:00 a.ÿm.;P85 CREACIONES VENETO SAS;R9;V13;7:48:00
76dc27c8;20/08/2025;7:54:00 a.ÿm.;P53 GISA SAS;R9;V13;7:57:00
5109ae6c;20/08/2025;8:10:00 a.ÿm.;40 GRUPO CENIT S.A.S;R1;V2;8:21:00
45a4b533;20/08/2025;8:11:00 a.ÿm.;P14 PRYM S.A.S.;R9;V13;8:35:00
eb03a12e;20/08/2025;8:19:00 a.ÿm.;B7 CREATEX FORMAS INTIMAS S.A.S.;R1;V2;8:25:00
17670740;20/08/2025;8:21:00 a.ÿm.;B3 MODATEX CONFECCIONES JFC S.A.S.;R1;V2;8:25:00
90abaef1;20/08/2025;8:30:00 a.ÿm.;42 COOPIMAR - COOPERATIVA INDUSTRIAL MARINILLA C.T.A;R9;V17;8:37:00
e840786e;20/08/2025;8:30:00 a.ÿm.;A4 CONFECCIONES COOL FASHION S.A.S;R1;V2;8:35:00
fd0ebac5;20/08/2025;8:40:00 a.ÿm.;42 COOPIMAR - COOPERATIVA INDUSTRIAL MARINILLA C.T.A;R9;V17;9:00:00
c6ea700d;20/08/2025;8:38:00 a.ÿm.;32 MANUFACTURAS GIRALDO ZULUAGA S.A.S.;R1;V2;8:48:00
7572f414;20/08/2025;9:17:00 a.ÿm.;69 COOMUNELSA C.T.A -COOPERATIVA MULT. COMUNITARIA EL SANTUARIO;R9;V17;9:34:00
adf2dd44;20/08/2025;9:16:00 a.ÿm.;P05 MAQUILADORA DYA SAS;R9;V13;9:23:00
9c47fa33;20/08/2025;9:30:00 a.ÿm.;P59 INVERSIONES AGRARIAS;R9;V13;9:43:00
0c0aece3;20/08/2025;9:37:00 a.ÿm.;24 ECOOELSA C.T.A - EMPRESA COOP. EL SANTUARIO C.T.A.;R9;V17;10:25:00
acd75732;20/08/2025;8:57:00 a.ÿm.;CI CENTRO DE INTEGRACIàN;R2;V20;10:11:00
abdff1e5;20/08/2025;8:58:00 a.ÿm.;CD CENTRO DE DISTRIBUCIàN;R2;V20;10:33:00
60d1466f;20/08/2025;10:13:00 a.ÿm.;D4 IMAGEN TEXTIL J&S S.A.S;R1;V2;10:34:00
541f4a6c;20/08/2025;10:27:00 a.ÿm.;69 COOMUNELSA C.T.A -COOPERATIVA MULT. COMUNITARIA EL SANTUARIO;R1;V2;11:20:00
9360a6c7;20/08/2025;11:23:00 a.ÿm.;06 SODECON DE CONFECCION S.A.S;R1;V2;11:50:00
e27d05c2;20/08/2025;11:23:00 a.ÿm.;39 CONFECCIONES ILUAMA S.A.S.;R1;V2;12:10:00
01af5be8;20/08/2025;11:24:00 a.ÿm.;D7 GRUPO ORIENTEX S.A.S;R1;V2;12:10:00
aee38dc2;20/08/2025;11:25:00 a.ÿm.;P09 FERMASA S.A.S.;R9;V13;11:35:00
3c52a0d2;20/08/2025;11:47:00 a.ÿm.;P28 CONFECCIONES ATAVIOS;R9;V13;11:51:00
2b26ec6d;20/08/2025;11:51:00 a.ÿm.;13 ALIANZA CONAZZTEX S.A.S.;R1;V2;12:16:00
176f8fa7;20/08/2025;11:56:00 a.ÿm.;REEMPAQUE RENACER;R9;V17;12:07:00
f5b5c23b;20/08/2025;12:11:00 p.ÿm.;46 CONFECCIONES CAVITEX S.A.S.;R1;V2;12:42:00
06db2dec;20/08/2025;12:24:00 p.ÿm.;24 ECOOELSA C.T.A - EMPRESA COOP. EL SANTUARIO C.T.A.;R1;V2;12:56:00
7a0e6e85;20/08/2025;11:46:00 a.ÿm.;42 COOPIMAR - COOPERATIVA INDUSTRIAL MARINILLA C.T.A;R2;V20;12:18:00
587eda85;20/08/2025;11:46:00 a.ÿm.;42 COOPIMAR - COOPERATIVA INDUSTRIAL MARINILLA C.T.A;R2;V20;0:18:00
b5dd6e58;20/08/2025;11:46:00 a.ÿm.;42 COOPIMAR - COOPERATIVA INDUSTRIAL MARINILLA C.T.A;R2;V20;0:18:00
abeb7021;20/08/2025;12:44:00 p.ÿm.;36 INCOOMAR - INDUSTRIA COOPERATIVA DE MARINILLA;R2;V20;13:54:00
e61f65ef;20/08/2025;12:44:00 p.ÿm.;86 COOP. TRAB. ASOCIAD. CRECER Y CREAR;R2;V20;13:54:00
865197b4;20/08/2025;12:44:00 p.ÿm.;72 COOPERATIVA MULTIACTIVA EL PE¥OL - COOMPAB;R2;V20;13:54:00
f71b64ac;20/08/2025;1:09:00 p.ÿm.;42 COOPIMAR - COOPERATIVA INDUSTRIAL MARINILLA C.T.A;R9;V17;13:19:00
e3de04ae;20/08/2025;1:07:00 p.ÿm.;56 CREACIONES MPM S.A.S.;R1;V2;13:16:00
25ad5f55;20/08/2025;1:12:00 p.ÿm.;P12 CONFECCIONES SELEMAR;R9;V13;13:30:00
823ceb83;20/08/2025;1:19:00 p.ÿm.;REEMPAQUE RENACER;R2;V20;14:30:00
11fdac11;20/08/2025;1:15:00 p.ÿm.;CD CENTRO DE DISTRIBUCIàN;R9;V6;13:25:00
4b95b370;20/08/2025;1:36:00 p.ÿm.;L07 INVERSIONES TAMESCO S.A.S.;R9;V6;13:45:00
a70d1edf;20/08/2025;1:50:00 p.ÿm.;05 C.I. CONFECCIONES OLAS S.A;R9;V6;14:16:00
fda13c53;20/08/2025;2:06:00 p.ÿm.;P53 GISA SAS;R9;V13;14:13:00
ea325aa2;20/08/2025;2:25:00 p.ÿm.;P61 MAQUILIFE S.A.S.;R9;V6;14:33:00
fd9f5ee4;20/08/2025;2:34:00 p.ÿm.;P67 MAQUIDIEZ S.A.S.;R9;V6;14:37:00
7b986186;20/08/2025;2:37:00 p.ÿm.;D2 IMATEX INDUSTRIA Y MANUFACTURAS TEXTILES S.A.S;R1;V2;14:14:00
d4a6d530;20/08/2025;2:51:00 p.ÿm.;CD CENTRO DE DISTRIBUCIàN;R9;V17;14:59:00
9b26dafe;20/08/2025;2:55:00 p.ÿm.;P46 MERAKI;R9;V6;15:05:00
3dc9187c;20/08/2025;2:54:00 p.ÿm.;P42 ROJAS CONFECCIONES;R9;V13;15:12:00
5310b1de;20/08/2025;3:18:00 p.ÿm.;P54 MANUFACTURA VAMALI;R9;V6;15:23:00
672b1e0a;20/08/2025;3:18:00 p.ÿm.;P05 MAQUILADORA DYA SAS;R9;V13;15:23:00
f91529c1;20/08/2025;3:30:00 p.ÿm.;P01 S&VCONFECCIONES;R9;V13;15:35:00
6cfd5229;20/08/2025;3:41:00 p.ÿm.;P59 INVERSIONES AGRARIAS;R9;V13;15:49:00
be50241c;20/08/2025;3:31:00 p.ÿm.;P07 BAETEX SAS;R9;V6;15:40:00
faa05b19;20/08/2025;3:52:00 p.ÿm.;CI CENTRO DE INTEGRACIàN;R1;V2;16:39:00
3613562e;20/08/2025;3:56:00 p.ÿm.;P08 MANUFACTURA ODIM S.A.S.;R9;V6;16:01:00
1d3dc7bb;20/08/2025;3:59:00 p.ÿm.;CD CENTRO DE DISTRIBUCIàN;R1;V2;16:46:00
e7450b11;20/08/2025;4:14:00 p.ÿm.;P85 CREACIONES VENETO SAS;R9;V13;16:22:00
d913fa31;20/08/2025;3:45:00 p.ÿm.;CD CENTRO DE DISTRIBUCIàN;R2;V20;16:21:00
b48434d6;20/08/2025;4:17:00 p.ÿm.;CD CENTRO DE DISTRIBUCIàN;R2;V20;16:21:00
3326f4bb;20/08/2025;4:34:00 p.ÿm.;CD CENTRO DE DISTRIBUCIàN;R9;V6;17:00:00
ab16e605;20/08/2025;4:41:00 p.ÿm.;CD CENTRO DE DISTRIBUCIàN;R9;V13;17:01:00
201a61fe;20/08/2025;5:03:00 p.ÿm.;CI CENTRO DE INTEGRACIàN;R1;V2;17:20:00
0a7bfd1a;21/08/2025;4:54:00 a.ÿm.;CI CENTRO DE INTEGRACIàN;R1;V2;4:59:00
5fe16e41;21/08/2025;6:08:00 a.ÿm.;42 COOPIMAR - COOPERATIVA INDUSTRIAL MARINILLA C.T.A;R1;V2;6:56:00
e8275df1;21/08/2025;6:12:00 a.ÿm.;CI CENTRO DE INTEGRACIàN;R2;V20;7:00:00
b3be4ded;21/08/2025;6:40:00 a.ÿm.;CD CENTRO DE DISTRIBUCIàN;R9;V17;6:46:00
28cd4561;21/08/2025;7:01:00 a.ÿm.;D2 IMATEX INDUSTRIA Y MANUFACTURAS TEXTILES S.A.S;R1;V2;7:24:00
7dcb747f;21/08/2025;6:50:00 a.ÿm.;CD CENTRO DE DISTRIBUCIàN;R9;V13;7:40:00
24d06e31;21/08/2025;7:11:00 a.ÿm.;B9 DUNNINGTON CORPORATION (ANTES NOVAL);R2;V20;7:37:00
4d511b50;21/08/2025;7:12:00 a.ÿm.;LS LESENSUEL;R2;V20;7:21:00
9af47b50;21/08/2025;7:22:00 a.ÿm.;36 INCOOMAR - INDUSTRIA COOPERATIVA DE MARINILLA;R1;V2;7:42:00
0f4f41a6;21/08/2025;7:40:00 a.ÿm.;21 MANUFACTURA S.A.;R2;V20;8:00:00
bf89fce3;21/08/2025;7:40:00 a.ÿm.;33 LEONISA LA 33;R2;V20;8:00:00
bd50060b;21/08/2025;7:56:00 a.ÿm.;B7 CREATEX FORMAS INTIMAS S.A.S.;R1;V2;8:09:00
20873114;21/08/2025;7:56:00 a.ÿm.;B3 MODATEX CONFECCIONES JFC S.A.S.;R1;V2;8:09:00
f85bc5f4;21/08/2025;8:02:00 a.ÿm.;P01 S&VCONFECCIONES;R9;V13;8:10:00
3afa647b;21/08/2025;8:10:00 a.ÿm.;A4 CONFECCIONES COOL FASHION S.A.S;R1;V2;8:18:00
736bd4a4;21/08/2025;8:01:00 a.ÿm.;CI CENTRO DE INTEGRACIàN;R2;V20;8:00:00
24a8aef9;21/08/2025;8:15:00 a.ÿm.;30 WAGNER COMMERCIAL GROUP (ANTES TINY MED);R2;V20;8:36:00
e2865fb1;21/08/2025;8:19:00 a.ÿm.;32 MANUFACTURAS GIRALDO ZULUAGA S.A.S.;R1;V2;8:46:00
712b8430;21/08/2025;8:21:00 a.ÿm.;P59 INVERSIONES AGRARIAS;R9;V13;8:26:00
a6752af7;21/08/2025;8:33:00 a.ÿm.;42 COOPIMAR - COOPERATIVA INDUSTRIAL MARINILLA C.T.A;R9;V17;8:44:00
8e2fea1e;21/08/2025;8:48:00 a.ÿm.;24 ECOOELSA C.T.A - EMPRESA COOP. EL SANTUARIO C.T.A.;R1;V2;10:02:00
2bd340d7;21/08/2025;9:02:00 a.ÿm.;CI CENTRO DE INTEGRACIàN;R2;V20;10:15:00
a22029a2;21/08/2025;9:39:00 a.ÿm.;P28 CONFECCIONES ATAVIOS;R9;V13;9:48:00
e416d1e3;21/08/2025;10:13:00 a.ÿm.;D4 IMAGEN TEXTIL J&S S.A.S;R1;V2;10:41:00
e4ba3460;21/08/2025;10:18:00 a.ÿm.;CD CENTRO DE DISTRIBUCIàN;R2;V20;10:46:00
e8436e19;21/08/2025;10:42:00 a.ÿm.;69 COOMUNELSA C.T.A -COOPERATIVA MULT. COMUNITARIA EL SANTUARIO;R1;V2;11:25:00
61e4a4b7;21/08/2025;11:24:00 a.ÿm.;06 SODECON DE CONFECCION S.A.S;R1;V2;11:55:00
afdabb04;21/08/2025;11:26:00 a.ÿm.;39 CONFECCIONES ILUAMA S.A.S.;R1;V2;12:09:00
81d2ddee;21/08/2025;11:27:00 a.ÿm.;D7 GRUPO ORIENTEX S.A.S;R1;V2;11:56:00
0e4b878f;21/08/2025;11:48:00 a.ÿm.;P09 FERMASA S.A.S.;R9;V13;12:00:00
ca377813;21/08/2025;11:51:00 a.ÿm.;REEMPAQUE RENACER;R9;V17;12:01:00
67d38f7d;21/08/2025;11:57:00 a.ÿm.;13 ALIANZA CONAZZTEX S.A.S.;R1;V2;12:10:00
b16a0375;21/08/2025;11:57:00 a.ÿm.;46 CONFECCIONES CAVITEX S.A.S.;R1;V2;12:15:00
17025381;21/08/2025;12:04:00 p.ÿm.;42 COOPIMAR - COOPERATIVA INDUSTRIAL MARINILLA C.T.A;R2;V20;15:07:00
e8a8e3a6;21/08/2025;12:04:00 p.ÿm.;42 COOPIMAR - COOPERATIVA INDUSTRIAL MARINILLA C.T.A;R2;V20;15:16:00
b413d318;21/08/2025;12:06:00 p.ÿm.;46 CONFECCIONES CAVITEX S.A.S.;R1;V2;12:20:00
d3944464;21/08/2025;12:21:00 p.ÿm.;56 CREACIONES MPM S.A.S.;R1;V2;12:25:00
e5e743cc;21/08/2025;12:28:00 p.ÿm.;CD CENTRO DE DISTRIBUCIàN;R9;V6;12:40:00
59332941;21/08/2025;12:05:00 p.ÿm.;42 COOPIMAR - COOPERATIVA INDUSTRIAL MARINILLA C.T.A;R2;V20;16:22:00
86a13c53;21/08/2025;12:40:00 p.ÿm.;CD CENTRO DE DISTRIBUCIàN;R9;V6;12:47:00
bdb2130c;21/08/2025;12:58:00 p.ÿm.;P14 PRYM S.A.S.;R9;V6;13:06:00
0a0d1ada;21/08/2025;1:01:00 p.ÿm.;36 INCOOMAR - INDUSTRIA COOPERATIVA DE MARINILLA;R2;V20;15:07:00
6afcecdd;21/08/2025;1:10:00 p.ÿm.;42 COOPIMAR - COOPERATIVA INDUSTRIAL MARINILLA C.T.A;R9;V17;13:20:00
c606e41d;21/08/2025;1:19:00 p.ÿm.;L07 INVERSIONES TAMESCO S.A.S.;R9;V6;13:30:00
3c38f9d3;21/08/2025;1:09:00 p.ÿm.;36 INCOOMAR - INDUSTRIA COOPERATIVA DE MARINILLA;R1;V2;13:40:00
b3244056;21/08/2025;1:24:00 p.ÿm.;P12 CONFECCIONES SELEMAR;R9;V13;13:31:00
d359de13;21/08/2025;1:41:00 p.ÿm.;D2 IMATEX INDUSTRIA Y MANUFACTURAS TEXTILES S.A.S;R1;V2;14:11:00
8a4f8bae;21/08/2025;1:30:00 p.ÿm.;05 C.I. CONFECCIONES OLAS S.A;R9;V6;14:05:00
e60332de;21/08/2025;2:01:00 p.ÿm.;P53 GISA SAS;R9;V13;14:13:00
497f090a;21/08/2025;2:14:00 p.ÿm.;P61 MAQUILIFE S.A.S.;R9;V6;14:18:00
0a91b213;21/08/2025;2:18:00 p.ÿm.;P67 MAQUIDIEZ S.A.S.;R9;V6;14:23:00
6274a9ed;21/08/2025;2:30:00 p.ÿm.;CI CENTRO DE INTEGRACIàN;R9;V17;15:00:00
9ba5ba7d;21/08/2025;2:31:00 p.ÿm.;P85 CREACIONES VENETO SAS;R9;V13;14:40:00
762a333b;21/08/2025;2:35:00 p.ÿm.;P54 MANUFACTURA VAMALI;R9;V6;14:40:00
7b260c34;21/08/2025;2:59:00 p.ÿm.;P42 ROJAS CONFECCIONES;R9;V13;15:19:00
4b2f475c;21/08/2025;2:46:00 p.ÿm.;P07 BAETEX SAS;R9;V6;15:05:00
32c0ebb2;21/08/2025;3:01:00 p.ÿm.;72 COOPERATIVA MULTIACTIVA EL PE¥OL - COOMPAB;R2;V20;15:15:00
40228253;21/08/2025;3:01:00 p.ÿm.;86 COOP. TRAB. ASOCIAD. CRECER Y CREAR;R2;V20;15:15:00
6f664de1;21/08/2025;3:09:00 p.ÿm.;CD CENTRO DE DISTRIBUCIàN;R9;V17;15:32:00
c7318ada;21/08/2025;3:20:00 p.ÿm.;REEMPAQUE RENACER;R2;V20;16:08:00
fef1f580;21/08/2025;3:20:00 p.ÿm.;CD CENTRO DE DISTRIBUCIàN;R1;V2;16:18:00
8c995a14;21/08/2025;3:26:00 p.ÿm.;P08 MANUFACTURA ODIM S.A.S.;R9;V6;15:32:00
6143557a;21/08/2025;3:23:00 p.ÿm.;P05 MAQUILADORA DYA SAS;R9;V13;15:30:00
c7bf1dc2;21/08/2025;3:35:00 p.ÿm.;CD CENTRO DE DISTRIBUCIàN;R9;V17;16:13:00
b1bbe83f;21/08/2025;3:36:00 p.ÿm.;P59 INVERSIONES AGRARIAS;R9;V13;15:41:00
45e7045c;21/08/2025;4:01:00 p.ÿm.;P46 MERAKI;R9;V6;16:07:00
4e11a205;21/08/2025;4:24:00 p.ÿm.;CD CENTRO DE DISTRIBUCIàN;R9;V13;16:40:00
8b3221b6;21/08/2025;4:27:00 p.ÿm.;CI CENTRO DE INTEGRACIàN;R1;V2;16:41:00
b23847de;21/08/2025;4:43:00 p.ÿm.;CD CENTRO DE DISTRIBUCIàN;R9;V6;17:21:00
fbcb24a8;21/08/2025;5:37:00 p.ÿm.;L14 VYDA S.A.S.;R9;V6;
1a5a32a1;21/08/2025;6:22:00 p.ÿm.;CD CENTRO DE DISTRIBUCIàN;R2;V20;19:12:00
1a90f9c4;22/08/2025;4:47:00 a.ÿm.;CI CENTRO DE INTEGRACIàN;R1;V2;4:55:00
d612a6b5;22/08/2025;6:12:00 a.ÿm.;36 INCOOMAR - INDUSTRIA COOPERATIVA DE MARINILLA;R1;V2;6:51:00
4dc82de8;22/08/2025;6:32:00 a.ÿm.;CD CENTRO DE DISTRIBUCIàN;R9;V17;6:48:00
52213753;22/08/2025;6:46:00 a.ÿm.;42 COOPIMAR - COOPERATIVA INDUSTRIAL MARINILLA C.T.A;R1;V2;7:30:00
8768a055;22/08/2025;6:55:00 a.ÿm.;CD CENTRO DE DISTRIBUCIàN;R9;V13;7:24:00
d13b201d;22/08/2025;6:35:00 a.ÿm.;CI CENTRO DE INTEGRACIàN;R2;V20;7:15:00
594afb1c;22/08/2025;7:20:00 a.ÿm.;B9 DUNNINGTON CORPORATION (ANTES NOVAL);R2;V20;7:41:00
6bb8f10b;22/08/2025;7:20:00 a.ÿm.;LS LESENSUEL;R2;V20;7:52:00
002ae89f;22/08/2025;7:40:00 a.ÿm.;D2 IMATEX INDUSTRIA Y MANUFACTURAS TEXTILES S.A.S;R1;V2;8:02:00
0abc137b;22/08/2025;7:52:00 a.ÿm.;21 MANUFACTURA S.A.;R2;V20;8:32:00
1d84a69f;22/08/2025;8:06:00 a.ÿm.;CI CENTRO DE INTEGRACIàN;R9;V6;8:35:00
14ae2f24;22/08/2025;8:06:00 a.ÿm.;B7 CREATEX FORMAS INTIMAS S.A.S.;R1;V2;8:25:00
2222b41c;22/08/2025;8:05:00 a.ÿm.;P53 GISA SAS;R9;V13;8:12:00
ff44e925;22/08/2025;8:06:00 a.ÿm.;B3 MODATEX CONFECCIONES JFC S.A.S.;R1;V2;8:25:00
bfb86fab;22/08/2025;8:07:00 a.ÿm.;B3 MODATEX CONFECCIONES JFC S.A.S.;R1;V2;8:14:00
ad8cb366;22/08/2025;8:13:00 a.ÿm.;CI CENTRO DE INTEGRACIàN;R2;V20;8:15:00
27ef20ae;22/08/2025;8:13:00 a.ÿm.;30 WAGNER COMMERCIAL GROUP (ANTES TINY MED);R2;V20;8:35:00
385f7b12;22/08/2025;8:43:00 a.ÿm.;42 COOPIMAR - COOPERATIVA INDUSTRIAL MARINILLA C.T.A;R9;V17;9:17:00
94f545d7;22/08/2025;8:46:00 a.ÿm.;A4 CONFECCIONES COOL FASHION S.A.S;R1;V2;8:55:00
e9c7f23f;22/08/2025;8:53:00 a.ÿm.;32 MANUFACTURAS GIRALDO ZULUAGA S.A.S.;R1;V2;9:05:00
098ccca1;22/08/2025;9:01:00 a.ÿm.;CI CENTRO DE INTEGRACIàN;R2;V20;10:28:00
a6f2d0e3;22/08/2025;9:08:00 a.ÿm.;P01 S&VCONFECCIONES;R9;V13;9:19:00
6c22e057;22/08/2025;9:22:00 a.ÿm.;24 ECOOELSA C.T.A - EMPRESA COOP. EL SANTUARIO C.T.A.;R1;V2;11:49:00
9e08bd42;22/08/2025;9:43:00 a.ÿm.;CD CENTRO DE DISTRIBUCIàN;R9;V13;9:48:00
f44ef6e2;22/08/2025;10:11:00 a.ÿm.;D4 IMAGEN TEXTIL J&S S.A.S;R1;V2;10:28:00
d67c5731;22/08/2025;10:12:00 a.ÿm.;REEMPAQUE RENACER;R9;V17;11:26:00
0706cbef;22/08/2025;10:25:00 a.ÿm.;CD CENTRO DE DISTRIBUCIàN;R2;V20;11:12:00
8444c12a;22/08/2025;10:28:00 a.ÿm.;69 COOMUNELSA C.T.A -COOPERATIVA MULT. COMUNITARIA EL SANTUARIO;R1;V2;11:05:00
8a7e6536;22/08/2025;11:28:00 a.ÿm.;P09 FERMASA S.A.S.;R9;V13;11:51:00
615af13c;22/08/2025;12:06:00 p.ÿm.;06 SODECON DE CONFECCION S.A.S;R1;V2;12:18:00
2ec0062d;22/08/2025;12:07:00 p.ÿm.;39 CONFECCIONES ILUAMA S.A.S.;R1;V2;12:24:00
8cde7d22;22/08/2025;12:08:00 p.ÿm.;D7 GRUPO ORIENTEX S.A.S;R1;V2;12:24:00
3976125e;22/08/2025;12:25:00 p.ÿm.;13 ALIANZA CONAZZTEX S.A.S.;R1;V2;12:50:00
2caf7989;22/08/2025;12:25:00 p.ÿm.;46 CONFECCIONES CAVITEX S.A.S.;R1;V2;12:58:00
4009ffde;22/08/2025;12:41:00 p.ÿm.;CD CENTRO DE DISTRIBUCIàN;R9;V17;13:02:00
1d09c185;22/08/2025;12:50:00 p.ÿm.;RA RACIONAL;R9;V6;12:52:00
272ed67e;22/08/2025;1:05:00 p.ÿm.;REEMPAQUE RENACER;R2;V20;13:01:00
6ef323c4;22/08/2025;1:06:00 p.ÿm.;42 COOPIMAR - COOPERATIVA INDUSTRIAL MARINILLA C.T.A;R2;V20;13:15:00
d1e64893;22/08/2025;1:06:00 p.ÿm.;42 COOPIMAR - COOPERATIVA INDUSTRIAL MARINILLA C.T.A;R2;V20;13:20:00
8d272422;22/08/2025;1:06:00 p.ÿm.;42 COOPIMAR - COOPERATIVA INDUSTRIAL MARINILLA C.T.A;R2;V20;13:20:00
cad1c132;22/08/2025;1:05:00 p.ÿm.;L07 INVERSIONES TAMESCO S.A.S.;R9;V6;13:15:00
1cadcefd;22/08/2025;1:13:00 p.ÿm.;P12 CONFECCIONES SELEMAR;R9;V13;13:24:00
d491c14d;22/08/2025;1:20:00 p.ÿm.;05 C.I. CONFECCIONES OLAS S.A;R9;V6;13:42:00
1527d87c;22/08/2025;1:55:00 p.ÿm.;P53 GISA SAS;R9;V13;14:03:00
c76b0bdd;22/08/2025;1:53:00 p.ÿm.;P61 MAQUILIFE S.A.S.;R9;V6;13:57:00
602b6602;22/08/2025;1:57:00 p.ÿm.;P67 MAQUIDIEZ S.A.S.;R9;V6;14:02:00
8a060008;22/08/2025;1:58:00 p.ÿm.;86 COOP. TRAB. ASOCIAD. CRECER Y CREAR;R2;V20;14:59:00
431c0047;22/08/2025;1:59:00 p.ÿm.;72 COOPERATIVA MULTIACTIVA EL PE¥OL - COOMPAB;R2;V20;14:59:00
b5de4211;22/08/2025;1:59:00 p.ÿm.;36 INCOOMAR - INDUSTRIA COOPERATIVA DE MARINILLA;R2;V20;14:59:00
57a1ac48;22/08/2025;2:16:00 p.ÿm.;P46 MERAKI;R9;V6;14:23:00
2944e8c1;22/08/2025;2:26:00 p.ÿm.;P14 PRYM S.A.S.;R9;V13;14:36:00
75b8f325;22/08/2025;2:30:00 p.ÿm.;D2 IMATEX INDUSTRIA Y MANUFACTURAS TEXTILES S.A.S;R1;V2;14:51:00
0301a52f;22/08/2025;2:45:00 p.ÿm.;CI CENTRO DE INTEGRACIàN;R9;V13;14:47:00
2132dda7;22/08/2025;2:45:00 p.ÿm.;P54 MANUFACTURA VAMALI;R9;V6;14:50:00
8f575fd8;22/08/2025;2:54:00 p.ÿm.;P85 CREACIONES VENETO SAS;R9;V13;15:05:00
a928f341;22/08/2025;2:58:00 p.ÿm.;P07 BAETEX SAS;R9;V6;15:06:00
892bb263;22/08/2025;3:21:00 p.ÿm.;P42 ROJAS CONFECCIONES;R9;V13;15:35:00
261ae14a;22/08/2025;3:25:00 p.ÿm.;P08 MANUFACTURA ODIM S.A.S.;R9;V6;15:30:00
f0cf6de2;22/08/2025;3:40:00 p.ÿm.;P05 MAQUILADORA DYA SAS;R9;V13;15:47:00
f4032bbf;22/08/2025;3:56:00 p.ÿm.;CD CENTRO DE DISTRIBUCIàN;R9;V6;16:25:00
4d39d785;22/08/2025;3:50:00 p.ÿm.;P01 S&VCONFECCIONES;R9;V13;16:00:00
eacd8aa5;22/08/2025;4:05:00 p.ÿm.;P59 INVERSIONES AGRARIAS;R9;V13;16:10:00
09e593a5;22/08/2025;4:25:00 p.ÿm.;CD CENTRO DE DISTRIBUCIàN;R1;V2;17:50:00
f590c396;22/08/2025;4:27:00 p.ÿm.;CD CENTRO DE DISTRIBUCIàN;R2;V20;17:46:00
b93c2171;22/08/2025;4:40:00 p.ÿm.;L14 VYDA S.A.S.;R9;V6;16:50:00
b751df8a;22/08/2025;4:46:00 p.ÿm.;CD CENTRO DE DISTRIBUCIàN;R9;V13;17:15:00
cafb98c4;22/08/2025;5:03:00 p.ÿm.;CD CENTRO DE DISTRIBUCIàN;R9;V6;17:26:00
a7fb1ba5;22/08/2025;5:40:00 p.ÿm.;L14 VYDA S.A.S.;R9;V6;17:45:00
e48dca48;22/08/2025;5:50:00 p.ÿm.;CI CENTRO DE INTEGRACIàN;R1;V2;18:14:00
3e627cd4;22/08/2025;6:00:00 p.ÿm.;CD CENTRO DE DISTRIBUCIàN;R9;V6;18:30:00
cd472d77;22/08/2025;6:55:00 p.ÿm.;P54 MANUFACTURA VAMALI;R9;V6;19:05:00
234a0fa5;23/08/2025;4:49:00 a.ÿm.;CI CENTRO DE INTEGRACIàN;R1;V2;4:52:00
841723d9;23/08/2025;6:39:00 a.ÿm.;CI CENTRO DE INTEGRACIàN;R2;V20;6:56:00
b6597dfb;23/08/2025;6:46:00 a.ÿm.;42 COOPIMAR - COOPERATIVA INDUSTRIAL MARINILLA C.T.A;R1;V2;7:23:00
3e73aad8;23/08/2025;6:56:00 a.ÿm.;CD CENTRO DE DISTRIBUCIàN;R9;V17;7:03:00
d65ac34d;23/08/2025;7:01:00 a.ÿm.;30 WAGNER COMMERCIAL GROUP (ANTES TINY MED);R2;V20;7:07:00
d9bdacb2;23/08/2025;7:19:00 a.ÿm.;B9 DUNNINGTON CORPORATION (ANTES NOVAL);R2;V20;7:29:00
04b4f2f4;23/08/2025;7:32:00 a.ÿm.;36 INCOOMAR - INDUSTRIA COOPERATIVA DE MARINILLA;R1;V2;8:01:00
6ad8fd43;23/08/2025;8:08:00 a.ÿm.;D2 IMATEX INDUSTRIA Y MANUFACTURAS TEXTILES S.A.S;R1;V2;8:23:00
b776d1e8;23/08/2025;8:32:00 a.ÿm.;40 GRUPO CENIT S.A.S;R1;V2;8:38:00
723f6a3b;23/08/2025;8:34:00 a.ÿm.;B7 CREATEX FORMAS INTIMAS S.A.S.;R1;V2;8:49:00
38dbf5cc;23/08/2025;8:36:00 a.ÿm.;B3 MODATEX CONFECCIONES JFC S.A.S.;R1;V2;8:50:00
4a8db79a;23/08/2025;8:37:00 a.ÿm.;CI CENTRO DE INTEGRACIàN;R2;V20;10:16:00
cc539326;23/08/2025;8:53:00 a.ÿm.;A4 CONFECCIONES COOL FASHION S.A.S;R1;V2;8:56:00
a47f4f7f;23/08/2025;8:58:00 a.ÿm.;32 MANUFACTURAS GIRALDO ZULUAGA S.A.S.;R1;V2;9:43:00
90b66cdb;23/08/2025;9:27:00 a.ÿm.;24 ECOOELSA C.T.A - EMPRESA COOP. EL SANTUARIO C.T.A.;R1;V2;10:20:00
ea7ebd71;23/08/2025;9:50:00 a.ÿm.;CD CENTRO DE DISTRIBUCIàN;R9;V6;10:05:00
a37ef821;23/08/2025;9:57:00 a.ÿm.;REEMPAQUE RENACER;R9;V17;10:05:00
1d032a45;23/08/2025;10:13:00 a.ÿm.;P09 FERMASA S.A.S.;R9;V13;10:39:00
79db0314;23/08/2025;10:16:00 a.ÿm.;D4 IMAGEN TEXTIL J&S S.A.S;R1;V2;10:28:00
6b43e6b3;23/08/2025;10:20:00 a.ÿm.;P07 BAETEX SAS;R9;V6;10:25:00
3f00a61f;23/08/2025;10:28:00 a.ÿm.;69 COOMUNELSA C.T.A -COOPERATIVA MULT. COMUNITARIA EL SANTUARIO;R1;V2;10:55:00
2f0d3a50;23/08/2025;10:30:00 a.ÿm.;05 C.I. CONFECCIONES OLAS S.A;R9;V6;10:55:00
8f98bccc;23/08/2025;10:35:00 a.ÿm.;CD CENTRO DE DISTRIBUCIàN;R2;V20;10:46:00
c6df2629;23/08/2025;10:42:00 a.ÿm.;42 COOPIMAR - COOPERATIVA INDUSTRIAL MARINILLA C.T.A;R9;V17;10:49:00
697cc4f1;23/08/2025;10:56:00 a.ÿm.;06 SODECON DE CONFECCION S.A.S;R1;V2;11:24:00
f9ae844b;23/08/2025;10:57:00 a.ÿm.;39 CONFECCIONES ILUAMA S.A.S.;R1;V2;11:26:00
8fb15965;23/08/2025;11:01:00 a.ÿm.;42 COOPIMAR - COOPERATIVA INDUSTRIAL MARINILLA C.T.A;R9;V17;11:08:00
d3d43a2c;23/08/2025;11:01:00 a.ÿm.;D7 GRUPO ORIENTEX S.A.S;R1;V2;11:29:00
5ba66a4b;23/08/2025;11:05:00 a.ÿm.;P61 MAQUILIFE S.A.S.;R9;V6;11:10:00
bb5b06bf;23/08/2025;11:10:00 a.ÿm.;P67 MAQUIDIEZ S.A.S.;R9;V6;11:15:00
166608f8;23/08/2025;11:14:00 a.ÿm.;P85 CREACIONES VENETO SAS;R9;V13;11:21:00
da4faa0f;23/08/2025;11:24:00 a.ÿm.;69 COOMUNELSA C.T.A -COOPERATIVA MULT. COMUNITARIA EL SANTUARIO;R9;V17;11:36:00
3a1f7dcc;23/08/2025;11:28:00 a.ÿm.;13 ALIANZA CONAZZTEX S.A.S.;R1;V2;12:01:00
fa734089;23/08/2025;11:29:00 a.ÿm.;46 CONFECCIONES CAVITEX S.A.S.;R1;V2;12:02:00
2e64aa08;23/08/2025;11:42:00 a.ÿm.;P54 MANUFACTURA VAMALI;R9;V6;11:46:00
b34a97a7;23/08/2025;11:49:00 a.ÿm.;24 ECOOELSA C.T.A - EMPRESA COOP. EL SANTUARIO C.T.A.;R9;V17;11:53:00
3dfe2c40;23/08/2025;11:55:00 a.ÿm.;P07 BAETEX SAS;R9;V6;12:04:00
d2ec1273;23/08/2025;11:58:00 a.ÿm.;P42 ROJAS CONFECCIONES;R9;V13;12:13:00
04e23efa;23/08/2025;12:05:00 p.ÿm.;56 CREACIONES MPM S.A.S.;R1;V2;12:13:00
7f67740e;23/08/2025;12:19:00 p.ÿm.;24 ECOOELSA C.T.A - EMPRESA COOP. EL SANTUARIO C.T.A.;R1;V2;13:12:00
fb43817d;23/08/2025;12:30:00 p.ÿm.;P08 MANUFACTURA ODIM S.A.S.;R9;V6;12:40:00
0ef6d7d6;23/08/2025;12:28:00 p.ÿm.;42 COOPIMAR - COOPERATIVA INDUSTRIAL MARINILLA C.T.A;R2;V20;
5fecc37d;23/08/2025;12:40:00 p.ÿm.;CD CENTRO DE DISTRIBUCIàN;R9;V13;12:47:00
29b7d965;23/08/2025;12:47:00 p.ÿm.;42 COOPIMAR - COOPERATIVA INDUSTRIAL MARINILLA C.T.A;R2;V20;
5b1a5733;23/08/2025;12:52:00 p.ÿm.;42 COOPIMAR - COOPERATIVA INDUSTRIAL MARINILLA C.T.A;R2;V20;13:29:00
bafebfb2;23/08/2025;12:55:00 p.ÿm.;42 COOPIMAR - COOPERATIVA INDUSTRIAL MARINILLA C.T.A;R2;V20;13:06:00
88e1148d;23/08/2025;1:05:00 p.ÿm.;CD CENTRO DE DISTRIBUCIàN;R9;V6;13:30:00
1f8ab691;23/08/2025;1:06:00 p.ÿm.;86 COOP. TRAB. ASOCIAD. CRECER Y CREAR;R2;V20;13:14:00
97944910;23/08/2025;1:30:00 p.ÿm.;36 INCOOMAR - INDUSTRIA COOPERATIVA DE MARINILLA;R2;V20;13:48:00
47894b9f;23/08/2025;1:46:00 p.ÿm.;CD CENTRO DE DISTRIBUCIàN;R13;V17;14:16:00
8804b72c;23/08/2025;2:13:00 p.ÿm.;42 COOPIMAR - COOPERATIVA INDUSTRIAL MARINILLA C.T.A;R1;V2;14:30:00
e834f64e;23/08/2025;2:07:00 p.ÿm.;P54 MANUFACTURA VAMALI;R9;V6;14:15:00
9f8b1faa;23/08/2025;2:31:00 p.ÿm.;REEMPAQUE RENACER;R2;V20;15:17:00
dfe883e1;23/08/2025;2:36:00 p.ÿm.;D2 IMATEX INDUSTRIA Y MANUFACTURAS TEXTILES S.A.S;R1;V2;14:49:00
747c32c1;23/08/2025;3:52:00 p.ÿm.;CD CENTRO DE DISTRIBUCIàN;R1;V2;16:32:00
cdfcff4b;23/08/2025;4:21:00 p.ÿm.;CD CENTRO DE DISTRIBUCIàN;R2;V20;17:06:00
c5351ea1;23/08/2025;4:33:00 p.ÿm.;CI CENTRO DE INTEGRACIàN;R1;V2;17:00:00
30cab973;25/08/2025;4:47:00 a.ÿm.;CI CENTRO DE INTEGRACIàN;R1;V2;4:50:00
67b13036;25/08/2025;6:05:00 a.ÿm.;42 COOPIMAR - COOPERATIVA INDUSTRIAL MARINILLA C.T.A;R1;V2;6:43:00
9884e84b;25/08/2025;6:19:00 a.ÿm.;CI CENTRO DE INTEGRACIàN;R2;V20;7:15:00
5274674b;25/08/2025;6:53:00 a.ÿm.;30 WAGNER COMMERCIAL GROUP (ANTES TINY MED);R2;V20;7:03:00
ac283e5b;25/08/2025;6:53:00 a.ÿm.;36 INCOOMAR - INDUSTRIA COOPERATIVA DE MARINILLA;R1;V2;7:05:00
cffbe8a7;25/08/2025;7:05:00 a.ÿm.;CD CENTRO DE DISTRIBUCIàN;R9;V17;7:29:00
5122c7d7;25/08/2025;7:15:00 a.ÿm.;B9 DUNNINGTON CORPORATION (ANTES NOVAL);R2;V20;7:37:00
4a7efdfe;25/08/2025;7:00:00 a.ÿm.;CD CENTRO DE DISTRIBUCIàN;R9;V13;7:20:00
ae603f77;25/08/2025;7:25:00 a.ÿm.;40 GRUPO CENIT S.A.S;R1;V2;7:33:00
91ca8fb1;25/08/2025;7:33:00 a.ÿm.;B7 CREATEX FORMAS INTIMAS S.A.S.;R1;V2;7:39:00
9edf1a2c;25/08/2025;7:33:00 a.ÿm.;B3 MODATEX CONFECCIONES JFC S.A.S.;R1;V2;7:40:00
022df1eb;25/08/2025;7:38:00 a.ÿm.;21 MANUFACTURA S.A.;R2;V20;8:06:00
b991447d;25/08/2025;7:41:00 a.ÿm.;32 MANUFACTURAS GIRALDO ZULUAGA S.A.S.;R1;V2;7:51:00
38a329d4;25/08/2025;7:45:00 a.ÿm.;P14 PRYM S.A.S.;R9;V13;7:56:00
a968efc0;25/08/2025;8:06:00 a.ÿm.;PU15 PUERTA 15;R9;V13;8:13:00
66962464;25/08/2025;8:13:00 a.ÿm.;24 ECOOELSA C.T.A - EMPRESA COOP. EL SANTUARIO C.T.A.;R1;V2;9:30:00
9eb2bc97;25/08/2025;8:50:00 a.ÿm.;P42 ROJAS CONFECCIONES;R9;V13;8:59:00
6d51c1ed;25/08/2025;8:52:00 a.ÿm.;P42 ROJAS CONFECCIONES;R9;V13;15:15:00
d6cf7e34;25/08/2025;9:03:00 a.ÿm.;CI CENTRO DE INTEGRACIàN;R2;V20;9:58:00
949ba271;25/08/2025;9:04:00 a.ÿm.;CD CENTRO DE DISTRIBUCIàN;R2;V20;10:31:00
c9c8f766;25/08/2025;9:19:00 a.ÿm.;42 COOPIMAR - COOPERATIVA INDUSTRIAL MARINILLA C.T.A;R9;V17;9:31:00
ca3ee172;25/08/2025;9:35:00 a.ÿm.;D4 IMAGEN TEXTIL J&S S.A.S;R1;V2;9:50:00
8991950b;25/08/2025;9:41:00 a.ÿm.;CI CENTRO DE INTEGRACIàN;R2;V20;9:58:00
54a3c8c5;25/08/2025;9:41:00 a.ÿm.;CD CENTRO DE DISTRIBUCIàN;R2;V20;9:58:00
764a623c;25/08/2025;9:46:00 a.ÿm.;69 COOMUNELSA C.T.A -COOPERATIVA MULT. COMUNITARIA EL SANTUARIO;R1;V2;10:24:00
85906954;25/08/2025;10:25:00 a.ÿm.;06 SODECON DE CONFECCION S.A.S;R1;V2;10:42:00
2d625a98;25/08/2025;10:25:00 a.ÿm.;39 CONFECCIONES ILUAMA S.A.S.;R1;V2;10:42:00
56fad9c2;25/08/2025;10:26:00 a.ÿm.;D7 GRUPO ORIENTEX S.A.S;R1;V2;10:46:00
852cca9a;25/08/2025;10:47:00 a.ÿm.;13 ALIANZA CONAZZTEX S.A.S.;R1;V2;11:02:00
08b40a0c;25/08/2025;10:48:00 a.ÿm.;46 CONFECCIONES CAVITEX S.A.S.;R1;V2;11:03:00
c6d94e4f;25/08/2025;11:07:00 a.ÿm.;56 CREACIONES MPM S.A.S.;R1;V2;11:17:00
a5b6a59d;25/08/2025;11:17:00 a.ÿm.;P09 FERMASA S.A.S.;R9;V13;23:30:00
6825deca;25/08/2025;11:20:00 a.ÿm.;CD CENTRO DE DISTRIBUCIàN;R9;V6;11:30:00
b53c8cda;25/08/2025;11:35:00 a.ÿm.;61 CONFECCIONES VELERO SPORT S.A.S.;R9;V6;11:56:00
516e556a;25/08/2025;11:57:00 a.ÿm.;42 COOPIMAR - COOPERATIVA INDUSTRIAL MARINILLA C.T.A;R2;V20;12:46:00
2f05a2d4;25/08/2025;11:57:00 a.ÿm.;42 COOPIMAR - COOPERATIVA INDUSTRIAL MARINILLA C.T.A;R2;V20;12:46:00
958b04de;25/08/2025;11:58:00 a.ÿm.;42 COOPIMAR - COOPERATIVA INDUSTRIAL MARINILLA C.T.A;R2;V20;12:46:00
63410d4c;25/08/2025;12:21:00 p.ÿm.;36 INCOOMAR - INDUSTRIA COOPERATIVA DE MARINILLA;R1;V2;12:33:00
20dc0284;25/08/2025;12:23:00 p.ÿm.;36 INCOOMAR - INDUSTRIA COOPERATIVA DE MARINILLA;R1;V2;12:38:00
d9228fa0;25/08/2025;12:28:00 p.ÿm.;REEMPAQUE RENACER;R9;V17;12:39:00
976636ce;25/08/2025;12:34:00 p.ÿm.;D2 IMATEX INDUSTRIA Y MANUFACTURAS TEXTILES S.A.S;R1;V2;12:53:00
68622925;25/08/2025;12:39:00 p.ÿm.;72 COOPERATIVA MULTIACTIVA EL PE¥OL - COOMPAB;R2;V20;12:47:00
b1ff1d34;25/08/2025;12:39:00 p.ÿm.;86 COOP. TRAB. ASOCIAD. CRECER Y CREAR;R2;V20;12:48:00
7a7d48b1;25/08/2025;12:45:00 p.ÿm.;36 INCOOMAR - INDUSTRIA COOPERATIVA DE MARINILLA;R2;V20;13:49:00
5d52cb74;25/08/2025;12:45:00 p.ÿm.;REEMPAQUE RENACER;R2;V20;13:50:00
e65e3807;25/08/2025;12:20:00 p.ÿm.;05 C.I. CONFECCIONES OLAS S.A;R9;V6;13:07:00
d6f3dc20;25/08/2025;1:13:00 p.ÿm.;L07 INVERSIONES TAMESCO S.A.S.;R9;V6;13:26:00
27f98358;25/08/2025;1:17:00 p.ÿm.;P12 CONFECCIONES SELEMAR;R9;V13;13:21:00
27e665e5;25/08/2025;1:31:00 p.ÿm.;P67 MAQUIDIEZ S.A.S.;R9;V6;13:36:00
94e6986f;25/08/2025;1:35:00 p.ÿm.;P61 MAQUILIFE S.A.S.;R9;V6;13:42:00
770a4d7f;25/08/2025;1:34:00 p.ÿm.;42 COOPIMAR - COOPERATIVA INDUSTRIAL MARINILLA C.T.A;R9;V17;15:07:00
d7d38c9c;25/08/2025;2:00:00 p.ÿm.;P54 MANUFACTURA VAMALI;R9;V6;14:05:00
69413720;25/08/2025;2:10:00 p.ÿm.;CD CENTRO DE DISTRIBUCIàN;R1;V2;14:57:00
5574dcd0;25/08/2025;2:12:00 p.ÿm.;P07 BAETEX SAS;R9;V6;14:25:00
a1137885;25/08/2025;2:14:00 p.ÿm.;P53 GISA SAS;R9;V13;14:22:00
de19c8be;25/08/2025;2:44:00 p.ÿm.;P08 MANUFACTURA ODIM S.A.S.;R9;V6;14:48:00
3e0294b1;25/08/2025;2:49:00 p.ÿm.;CD CENTRO DE DISTRIBUCIàN;R2;V20;15:19:00
7f3ec039;25/08/2025;3:00:00 p.ÿm.;CI CENTRO DE INTEGRACIàN;R1;V2;15:14:00
078d79b4;25/08/2025;3:07:00 p.ÿm.;CD CENTRO DE DISTRIBUCIàN;R9;V17;15:14:00
f30ab286;25/08/2025;3:12:00 p.ÿm.;P46 MERAKI;R9;V6;15:23:00
4d59d2bb;25/08/2025;3:18:00 p.ÿm.;P05 MAQUILADORA DYA SAS;R9;V13;15:20:00
d3ee0f32;25/08/2025;3:27:00 p.ÿm.;P01 S&VCONFECCIONES;R9;V13;15:30:00
b2b07182;25/08/2025;3:38:00 p.ÿm.;P14 PRYM S.A.S.;R9;V6;15:44:00
bb0fe4a2;25/08/2025;3:37:00 p.ÿm.;P59 INVERSIONES AGRARIAS;R9;V13;15:49:00
0211e8d8;25/08/2025;3:54:00 p.ÿm.;P85 CREACIONES VENETO SAS;R9;V13;16:07:00
6b426ec8;25/08/2025;3:55:00 p.ÿm.;CD CENTRO DE DISTRIBUCIàN;R9;V6;16:20:00
ec0bd0c6;25/08/2025;4:16:00 p.ÿm.;CD CENTRO DE DISTRIBUCIàN;R9;V13;16:32:00
8cb18e65;26/08/2025;4:48:00 a.ÿm.;CI CENTRO DE INTEGRACIàN;R1;V2;4:50:00
f014025f;26/08/2025;6:07:00 a.ÿm.;42 COOPIMAR - COOPERATIVA INDUSTRIAL MARINILLA C.T.A;R1;V2;7:12:00
a1e87925;26/08/2025;7:17:00 a.ÿm.;CI CENTRO DE INTEGRACIàN;R2;V20;7:23:00
7fcb3f6e;26/08/2025;7:33:00 a.ÿm.;B9 DUNNINGTON CORPORATION (ANTES NOVAL);R2;V20;7:50:00
8cc91204;26/08/2025;7:38:00 a.ÿm.;D2 IMATEX INDUSTRIA Y MANUFACTURAS TEXTILES S.A.S;R1;V2;7:58:00
38a06d38;26/08/2025;7:46:00 a.ÿm.;CD CENTRO DE DISTRIBUCIàN;R9;V13;8:05:00
89355972;26/08/2025;7:58:00 a.ÿm.;36 INCOOMAR - INDUSTRIA COOPERATIVA DE MARINILLA;R1;V2;8:20:00
7e37d5a2;26/08/2025;8:05:00 a.ÿm.;21 MANUFACTURA S.A.;R2;V20;8:16:00
824bd060;26/08/2025;8:21:00 a.ÿm.;40 GRUPO CENIT S.A.S;R1;V2;8:39:00
1394b11a;26/08/2025;8:30:00 a.ÿm.;B7 CREATEX FORMAS INTIMAS S.A.S.;R1;V2;8:45:00
5f8c615b;26/08/2025;8:30:00 a.ÿm.;CI CENTRO DE INTEGRACIàN;R2;V20;8:42:00
48f281ea;26/08/2025;8:30:00 a.ÿm.;P14 PRYM S.A.S.;R9;V13;8:56:00
5db8b187;26/08/2025;8:31:00 a.ÿm.;B3 MODATEX CONFECCIONES JFC S.A.S.;R1;V2;8:45:00
35a0fed0;26/08/2025;8:44:00 a.ÿm.;30 WAGNER COMMERCIAL GROUP (ANTES TINY MED);R2;V20;8:58:00
52ebe000;26/08/2025;8:45:00 a.ÿm.;A4 CONFECCIONES COOL FASHION S.A.S;R1;V2;8:57:00
5df1e391;26/08/2025;9:01:00 a.ÿm.;CI CENTRO DE INTEGRACIàN;R9;V13;9:06:00
19e37cc7;26/08/2025;9:03:00 a.ÿm.;32 MANUFACTURAS GIRALDO ZULUAGA S.A.S.;R1;V2;9:39:00
51684064;26/08/2025;9:13:00 a.ÿm.;P53 GISA SAS;R9;V13;9:18:00
120fafda;26/08/2025;9:24:00 a.ÿm.;42 COOPIMAR - COOPERATIVA INDUSTRIAL MARINILLA C.T.A;R9;V17;9:32:00
524b03b2;26/08/2025;9:22:00 a.ÿm.;24 ECOOELSA C.T.A - EMPRESA COOP. EL SANTUARIO C.T.A.;R1;V2;10:53:00
7547b828;26/08/2025;9:30:00 a.ÿm.;P14 PRYM S.A.S.;R2;V20;9:44:00
cc0abec9;26/08/2025;9:38:00 a.ÿm.;42 COOPIMAR - COOPERATIVA INDUSTRIAL MARINILLA C.T.A;R9;V17;9:58:00
4d2ce500;26/08/2025;9:36:00 a.ÿm.;P05 MAQUILADORA DYA SAS;R9;V13;9:51:00
c07a7d92;26/08/2025;10:48:00 a.ÿm.;D4 IMAGEN TEXTIL J&S S.A.S;R1;V2;10:55:00
13824de0;26/08/2025;10:56:00 a.ÿm.;69 COOMUNELSA C.T.A -COOPERATIVA MULT. COMUNITARIA EL SANTUARIO;R1;V2;11:37:00
12ad580f;26/08/2025;10:59:00 a.ÿm.;69 COOMUNELSA C.T.A -COOPERATIVA MULT. COMUNITARIA EL SANTUARIO;R9;V17;11:16:00
f07cf90a;26/08/2025;11:06:00 a.ÿm.;P09 FERMASA S.A.S.;R9;V13;11:41:00
b1cdd661;26/08/2025;11:05:00 a.ÿm.;CI CENTRO DE INTEGRACIàN;R2;V20;11:23:00
7ad5a093;26/08/2025;11:14:00 a.ÿm.;CD CENTRO DE DISTRIBUCIàN;R2;V20;11:23:00
f72acbe2;26/08/2025;11:26:00 a.ÿm.;24 ECOOELSA C.T.A - EMPRESA COOP. EL SANTUARIO C.T.A.;R9;V17;12:13:00
604a3b80;26/08/2025;11:38:00 a.ÿm.;06 SODECON DE CONFECCION S.A.S;R1;V2;12:03:00
e0ad5bcc;26/08/2025;11:39:00 a.ÿm.;39 CONFECCIONES ILUAMA S.A.S.;R1;V2;12:04:00
28e0eab0;26/08/2025;11:40:00 a.ÿm.;D7 GRUPO ORIENTEX S.A.S;R1;V2;12:04:00
ba300e47;26/08/2025;12:04:00 p.ÿm.;13 ALIANZA CONAZZTEX S.A.S.;R1;V2;12:26:00
f507a0c9;26/08/2025;12:19:00 p.ÿm.;46 CONFECCIONES CAVITEX S.A.S.;R1;V2;12:31:00
0c921da3;26/08/2025;12:35:00 p.ÿm.;56 CREACIONES MPM S.A.S.;R1;V2;12:43:00
72ab481d;26/08/2025;12:45:00 p.ÿm.;24 ECOOELSA C.T.A - EMPRESA COOP. EL SANTUARIO C.T.A.;R1;V2;13:23:00
e38a2a0e;26/08/2025;12:50:00 p.ÿm.;CD CENTRO DE DISTRIBUCIàN;R9;V6;12:55:00
926be048;26/08/2025;1:05:00 p.ÿm.;L14 VYDA S.A.S.;R9;V6;13:11:00
d2548187;26/08/2025;1:05:00 p.ÿm.;P14 PRYM S.A.S.;R9;V6;13:12:00
d33bda8d;26/08/2025;1:14:00 p.ÿm.;P12 CONFECCIONES SELEMAR;R9;V13;13:19:00
db716db9;26/08/2025;1:15:00 p.ÿm.;REEMPAQUE RENACER;R9;V17;13:26:00
2039b552;26/08/2025;1:27:00 p.ÿm.;L07 INVERSIONES TAMESCO S.A.S.;R9;V6;13:35:00
3bb5b75f;26/08/2025;1:40:00 p.ÿm.;05 C.I. CONFECCIONES OLAS S.A;R9;V6;14:06:00
2460fa9f;26/08/2025;1:38:00 p.ÿm.;42 COOPIMAR - COOPERATIVA INDUSTRIAL MARINILLA C.T.A;R2;V20;15:01:00
89ca6c3d;26/08/2025;1:39:00 p.ÿm.;P53 GISA SAS;R9;V13;13:51:00
86a3d4df;26/08/2025;2:14:00 p.ÿm.;P85 CREACIONES VENETO SAS;R9;V13;14:21:00
08cbd55e;26/08/2025;2:14:00 p.ÿm.;P67 MAQUIDIEZ S.A.S.;R9;V6;14:22:00
b8e7619e;26/08/2025;2:22:00 p.ÿm.;P61 MAQUILIFE S.A.S.;R9;V6;14:26:00
7e591c74;26/08/2025;1:26:00 p.ÿm.;42 COOPIMAR - COOPERATIVA INDUSTRIAL MARINILLA C.T.A;R9;V17;14:46:00
c3797a09;26/08/2025;2:26:00 p.ÿm.;D2 IMATEX INDUSTRIA Y MANUFACTURAS TEXTILES S.A.S;R1;V2;14:30:00
6e90bf65;26/08/2025;2:36:00 p.ÿm.;CD CENTRO DE DISTRIBUCIàN;R9;V6;14:56:00
5b684058;26/08/2025;2:43:00 p.ÿm.;P05 MAQUILADORA DYA SAS;R9;V13;15:13:00
0e283c4f;26/08/2025;2:50:00 p.ÿm.;36 INCOOMAR - INDUSTRIA COOPERATIVA DE MARINILLA;R2;V20;15:01:00
0f705364;26/08/2025;3:03:00 p.ÿm.;86 COOP. TRAB. ASOCIAD. CRECER Y CREAR;R2;V20;15:26:00
873cb01d;26/08/2025;3:20:00 p.ÿm.;P46 MERAKI;R9;V6;15:30:00
87d8f877;26/08/2025;3:20:00 p.ÿm.;P42 ROJAS CONFECCIONES;R9;V13;15:40:00
76dd91b4;26/08/2025;3:26:00 p.ÿm.;72 COOPERATIVA MULTIACTIVA EL PE¥OL - COOMPAB;R2;V20;16:04:00
ebcbc374;26/08/2025;3:41:00 p.ÿm.;P01 S&VCONFECCIONES;R9;V13;15:44:00
4d66655e;26/08/2025;3:51:00 p.ÿm.;P59 INVERSIONES AGRARIAS;R9;V13;16:00:00
384994c3;26/08/2025;3:43:00 p.ÿm.;REEMPAQUE RENACER;R2;V20;16:03:00
a1051ffa;26/08/2025;4:01:00 p.ÿm.;CD CENTRO DE DISTRIBUCIàN;R1;V2;16:39:00
0f8654e2;26/08/2025;3:45:00 p.ÿm.;P54 MANUFACTURA VAMALI;R9;V6;15:55:00
fa5d3060;26/08/2025;4:03:00 p.ÿm.;P07 BAETEX SAS;R9;V6;16:19:00
2910a2ee;26/08/2025;4:17:00 p.ÿm.;CD CENTRO DE DISTRIBUCIàN;R9;V13;16:29:00
47146925;26/08/2025;4:28:00 p.ÿm.;CD CENTRO DE DISTRIBUCIàN;R9;V17;16:38:00
706ad6d6;26/08/2025;4:51:00 p.ÿm.;CI CENTRO DE INTEGRACIàN;R1;V2;
4ca5c438;26/08/2025;5:17:00 p.ÿm.;CD CENTRO DE DISTRIBUCIàN;R9;V6;17:30:00
cf29237c;26/08/2025;4:40:00 p.ÿm.;P08 MANUFACTURA ODIM S.A.S.;R9;V6;16:48:00
4fee61e1;26/08/2025;5:40:00 p.ÿm.;CD CENTRO DE DISTRIBUCIàN;R2;V20;18:00:00
50db75ff;27/08/2025;4:48:00 a.ÿm.;CI CENTRO DE INTEGRACIàN;R1;V2;4:51:00
e69d60e1;27/08/2025;6:04:00 a.ÿm.;42 COOPIMAR - COOPERATIVA INDUSTRIAL MARINILLA C.T.A;R1;V2;7:05:00
e6fb35c2;27/08/2025;6:40:00 a.ÿm.;CD CENTRO DE DISTRIBUCIàN;R9;V17;7:09:00
4414c3fd;27/08/2025;7:00:00 a.ÿm.;CD CENTRO DE DISTRIBUCIàN;R9;V13;7:33:00
eef69dcf;27/08/2025;7:05:00 a.ÿm.;36 INCOOMAR - INDUSTRIA COOPERATIVA DE MARINILLA;R1;V2;7:20:00
9cda96d9;27/08/2025;7:10:00 a.ÿm.;CD CENTRO DE DISTRIBUCIàN;R9;V17;7:19:00
27a1804d;27/08/2025;7:25:00 a.ÿm.;CI CENTRO DE INTEGRACIàN;R2;V20;7:32:00
9eb47a0c;27/08/2025;7:32:00 a.ÿm.;30 WAGNER COMMERCIAL GROUP (ANTES TINY MED);R2;V20;7:38:00
bc56f5a1;27/08/2025;7:41:00 a.ÿm.;40 GRUPO CENIT S.A.S;R1;V2;7:55:00
ab8c830b;27/08/2025;7:47:00 a.ÿm.;P85 CREACIONES VENETO SAS;R9;V13;7:58:00
0f9b1540;27/08/2025;7:53:00 a.ÿm.;B7 CREATEX FORMAS INTIMAS S.A.S.;R1;V2;8:06:00
4a4eb0a2;27/08/2025;7:55:00 a.ÿm.;B9 DUNNINGTON CORPORATION (ANTES NOVAL);R2;V20;8:11:00
a56ca75a;27/08/2025;7:55:00 a.ÿm.;B3 MODATEX CONFECCIONES JFC S.A.S.;R1;V2;8:06:00
b1962eab;27/08/2025;8:08:00 a.ÿm.;32 MANUFACTURAS GIRALDO ZULUAGA S.A.S.;R1;V2;8:38:00
b859e463;27/08/2025;8:20:00 a.ÿm.;P42 ROJAS CONFECCIONES;R9;V13;8:25:00
4fd05373;27/08/2025;8:29:00 a.ÿm.;21 MANUFACTURA S.A.;R2;V20;10:20:00
1e0448fa;27/08/2025;8:35:00 a.ÿm.;P59 INVERSIONES AGRARIAS;R9;V13;8:39:00
931fecdd;27/08/2025;8:38:00 a.ÿm.;24 ECOOELSA C.T.A - EMPRESA COOP. EL SANTUARIO C.T.A.;R1;V2;10:11:00
d9cb8e8e;27/08/2025;9:17:00 a.ÿm.;D4 IMAGEN TEXTIL J&S S.A.S;R1;V2;9:56:00
9292515a;27/08/2025;9:52:00 a.ÿm.;P28 CONFECCIONES ATAVIOS;R9;V13;10:00:00
d2de15c8;27/08/2025;9:35:00 a.ÿm.;CI CENTRO DE INTEGRACIàN;R2;V20;10:21:00
af577735;27/08/2025;10:44:00 a.ÿm.;CD CENTRO DE DISTRIBUCIàN;R2;V20;11:00:00
720da75a;27/08/2025;11:02:00 a.ÿm.;69 COOMUNELSA C.T.A -COOPERATIVA MULT. COMUNITARIA EL SANTUARIO;R1;V2;11:12:00
08bf3f28;27/08/2025;11:12:00 a.ÿm.;06 SODECON DE CONFECCION S.A.S;R1;V2;11:28:00
6105863f;27/08/2025;11:13:00 a.ÿm.;39 CONFECCIONES ILUAMA S.A.S.;R1;V2;11:31:00
944eae19;27/08/2025;11:13:00 a.ÿm.;D7 GRUPO ORIENTEX S.A.S;R1;V2;11:31:00
d7fc7517;27/08/2025;11:15:00 a.ÿm.;P09 FERMASA S.A.S.;R9;V13;23:30:00
4b8f85a2;27/08/2025;11:28:00 a.ÿm.;13 ALIANZA CONAZZTEX S.A.S.;R1;V2;11:49:00
bf9e88de;27/08/2025;11:28:00 a.ÿm.;46 CONFECCIONES CAVITEX S.A.S.;R1;V2;11:49:00
3ad9569b;27/08/2025;11:51:00 a.ÿm.;REEMPAQUE RENACER;R9;V17;11:59:00
4e6e9e73;27/08/2025;11:54:00 a.ÿm.;56 CREACIONES MPM S.A.S.;R1;V2;12:05:00
54e0557b;27/08/2025;12:30:00 p.ÿm.;CD CENTRO DE DISTRIBUCIàN;R9;V6;12:33:00
e1cd5fa6;27/08/2025;12:35:00 p.ÿm.;P14 PRYM S.A.S.;R9;V6;12:43:00
9f1da8f9;27/08/2025;12:47:00 p.ÿm.;42 COOPIMAR - COOPERATIVA INDUSTRIAL MARINILLA C.T.A;R9;V17;13:05:00
0611cde4;27/08/2025;12:45:00 p.ÿm.;D2 IMATEX INDUSTRIA Y MANUFACTURAS TEXTILES S.A.S;R1;V2;13:27:00
298e35ce;27/08/2025;1:03:00 p.ÿm.;L07 INVERSIONES TAMESCO S.A.S.;R9;V6;13:21:00
44bd5ff1;27/08/2025;1:15:00 p.ÿm.;P12 CONFECCIONES SELEMAR;R9;V13;13:30:00
ec2eca5e;27/08/2025;12:56:00 p.ÿm.;42 COOPIMAR - COOPERATIVA INDUSTRIAL MARINILLA C.T.A;R2;V20;13:55:00
3ec79e92;27/08/2025;1:22:00 p.ÿm.;05 C.I. CONFECCIONES OLAS S.A;R9;V6;13:57:00
819e7c96;27/08/2025;1:56:00 p.ÿm.;86 COOP. TRAB. ASOCIAD. CRECER Y CREAR;R2;V20;14:37:00
6512ec65;27/08/2025;2:07:00 p.ÿm.;P53 GISA SAS;R9;V13;14:17:00
cc9abd4e;27/08/2025;2:09:00 p.ÿm.;P61 MAQUILIFE S.A.S.;R9;V6;14:20:00
47336578;27/08/2025;2:19:00 p.ÿm.;36 INCOOMAR - INDUSTRIA COOPERATIVA DE MARINILLA;R2;V20;14:40:00
76e11a46;27/08/2025;2:22:00 p.ÿm.;P67 MAQUIDIEZ S.A.S.;R9;V6;14:27:00
de88b16a;27/08/2025;2:38:00 p.ÿm.;P14 PRYM S.A.S.;R9;V13;14:49:00
47c373a5;27/08/2025;2:41:00 p.ÿm.;72 COOPERATIVA MULTIACTIVA EL PE¥OL - COOMPAB;R2;V20;15:08:00
9a1d1f35;27/08/2025;2:52:00 p.ÿm.;CI CENTRO DE INTEGRACIàN;R9;V13;15:00:00
ed19ffb1;27/08/2025;2:50:00 p.ÿm.;P46 MERAKI;R9;V6;15:00:00
2ac23b0c;27/08/2025;3:02:00 p.ÿm.;P85 CREACIONES VENETO SAS;R9;V13;15:08:00
bf9a081c;27/08/2025;3:04:00 p.ÿm.;CD CENTRO DE DISTRIBUCIàN;R1;V2;15:40:00
0a2bbcb6;27/08/2025;3:20:00 p.ÿm.;P54 MANUFACTURA VAMALI;R9;V6;15:24:00
c4c5446d;27/08/2025;3:24:00 p.ÿm.;CD CENTRO DE DISTRIBUCIàN;R9;V17;15:48:00
969ff2ee;27/08/2025;3:22:00 p.ÿm.;REEMPAQUE RENACER;R2;V20;16:03:00
a09951f3;27/08/2025;3:24:00 p.ÿm.;P42 ROJAS CONFECCIONES;R9;V13;15:38:00
796608f8;27/08/2025;3:43:00 p.ÿm.;P05 MAQUILADORA DYA SAS;R9;V13;15:50:00
45538014;27/08/2025;3:30:00 p.ÿm.;P07 BAETEX SAS;R9;V6;15:35:00
aa195d46;27/08/2025;3:56:00 p.ÿm.;P08 MANUFACTURA ODIM S.A.S.;R9;V6;16:01:00
b9230a71;27/08/2025;4:30:00 p.ÿm.;CD CENTRO DE DISTRIBUCIàN;R9;V6;17:00:00
c230d2a9;27/08/2025;4:10:00 p.ÿm.;CI CENTRO DE INTEGRACIàN;R1;V2;17:03:00
5ac3683c;27/08/2025;5:28:00 p.ÿm.;CD CENTRO DE DISTRIBUCIàN;R2;V20;18:07:00
d5b9266a;28/08/2025;4:50:00 a.ÿm.;CI CENTRO DE INTEGRACIàN;R1;V2;4:53:00
0a5665fa;28/08/2025;6:42:00 a.ÿm.;CD CENTRO DE DISTRIBUCIàN;R9;V17;6:54:00
7ce69fc6;28/08/2025;6:51:00 a.ÿm.;42 COOPIMAR - COOPERATIVA INDUSTRIAL MARINILLA C.T.A;R1;V2;7:33:00
84e9c1d0;28/08/2025;7:35:00 a.ÿm.;D2 IMATEX INDUSTRIA Y MANUFACTURAS TEXTILES S.A.S;R1;V2;7:56:00
78652652;28/08/2025;7:10:00 a.ÿm.;CD CENTRO DE DISTRIBUCIàN;R9;V13;7:53:00
6fef4098;28/08/2025;7:45:00 a.ÿm.;CI CENTRO DE INTEGRACIàN;R2;V20;7:56:00
8bead3ec;28/08/2025;7:56:00 a.ÿm.;36 INCOOMAR - INDUSTRIA COOPERATIVA DE MARINILLA;R1;V2;8:20:00
423fb9fc;28/08/2025;8:06:00 a.ÿm.;B9 DUNNINGTON CORPORATION (ANTES NOVAL);R2;V20;8:23:00
d2e07851;28/08/2025;8:13:00 a.ÿm.;P85 CREACIONES VENETO SAS;R9;V13;8:19:00
dcd41e47;28/08/2025;8:26:00 a.ÿm.;LS LESENSUEL;R2;V20;8:41:00
5c35a2b7;28/08/2025;8:33:00 a.ÿm.;40 GRUPO CENIT S.A.S;R1;V2;8:44:00
d6defd68;28/08/2025;8:45:00 a.ÿm.;B7 CREATEX FORMAS INTIMAS S.A.S.;R1;V2;8:51:00
037f44c0;28/08/2025;8:46:00 a.ÿm.;B3 MODATEX CONFECCIONES JFC S.A.S.;R1;V2;8:51:00
d4af8944;28/08/2025;8:51:00 a.ÿm.;21 MANUFACTURA S.A.;R2;V20;9:04:00
b31691df;28/08/2025;8:52:00 a.ÿm.;A4 CONFECCIONES COOL FASHION S.A.S;R1;V2;8:58:00
7d478af5;28/08/2025;8:59:00 a.ÿm.;P53 GISA SAS;R9;V13;9:03:00
8d390062;28/08/2025;8:59:00 a.ÿm.;32 MANUFACTURAS GIRALDO ZULUAGA S.A.S.;R1;V2;9:11:00
16222eb2;28/08/2025;9:14:00 a.ÿm.;42 COOPIMAR - COOPERATIVA INDUSTRIAL MARINILLA C.T.A;R1;V2;9:43:00
e40eb094;28/08/2025;9:15:00 a.ÿm.;CI CENTRO DE INTEGRACIàN;R2;V20;9:24:00
56837564;28/08/2025;9:33:00 a.ÿm.;30 WAGNER COMMERCIAL GROUP (ANTES TINY MED);R2;V20;9:37:00
9b275d0a;28/08/2025;10:00:00 a.ÿm.;24 ECOOELSA C.T.A - EMPRESA COOP. EL SANTUARIO C.T.A.;R1;V2;11:34:00
ec5b3d61;28/08/2025;11:34:00 a.ÿm.;REEMPAQUE RENACER;R9;V17;12:49:00
645a1ffb;28/08/2025;9:48:00 a.ÿm.;CI CENTRO DE INTEGRACIàN;R2;V20;11:57:00
bcf70fc3;28/08/2025;11:46:00 a.ÿm.;D4 IMAGEN TEXTIL J&S S.A.S;R1;V2;12:07:00
cbbe78ab;28/08/2025;11:58:00 a.ÿm.;69 COOMUNELSA C.T.A -COOPERATIVA MULT. COMUNITARIA EL SANTUARIO;R1;V2;12:38:00
efcac22f;28/08/2025;12:01:00 p.ÿm.;P09 FERMASA S.A.S.;R9;V13;12:21:00
edca9e8a;28/08/2025;12:39:00 p.ÿm.;06 SODECON DE CONFECCION S.A.S;R1;V2;12:56:00
612b4003;28/08/2025;12:40:00 p.ÿm.;CD CENTRO DE DISTRIBUCIàN;R9;V6;12:45:00
bd2b463a;28/08/2025;12:40:00 p.ÿm.;39 CONFECCIONES ILUAMA S.A.S.;R1;V2;12:56:00
a33bba4e;28/08/2025;12:41:00 p.ÿm.;D7 GRUPO ORIENTEX S.A.S;R1;V2;12:57:00
71bcd5a3;28/08/2025;12:50:00 p.ÿm.;61 CONFECCIONES VELERO SPORT S.A.S.;R9;V6;12:55:00
77cce787;28/08/2025;12:51:00 p.ÿm.;42 COOPIMAR - COOPERATIVA INDUSTRIAL MARINILLA C.T.A;R9;V17;13:05:00
c50bf47c;28/08/2025;1:00:00 p.ÿm.;13 ALIANZA CONAZZTEX S.A.S.;R1;V2;13:16:00
89880e2f;28/08/2025;1:00:00 p.ÿm.;46 CONFECCIONES CAVITEX S.A.S.;R1;V2;13:22:00
9be6c496;28/08/2025;1:04:00 p.ÿm.;P14 PRYM S.A.S.;R9;V6;13:08:00
1a39c6b5;28/08/2025;1:12:00 p.ÿm.;P12 CONFECCIONES SELEMAR;R9;V13;13:21:00
6db827bf;28/08/2025;1:22:00 p.ÿm.;L07 INVERSIONES TAMESCO S.A.S.;R9;V6;13:30:00
8dc2b562;28/08/2025;1:23:00 p.ÿm.;56 CREACIONES MPM S.A.S.;R1;V2;13:31:00
2677f658;28/08/2025;1:35:00 p.ÿm.;05 C.I. CONFECCIONES OLAS S.A;R9;V6;13:53:00
7e09721c;28/08/2025;1:53:00 p.ÿm.;42 COOPIMAR - COOPERATIVA INDUSTRIAL MARINILLA C.T.A;R2;V20;16:35:00
ffa3331f;28/08/2025;2:01:00 p.ÿm.;P53 GISA SAS;R9;V13;14:12:00
92c94682;28/08/2025;2:03:00 p.ÿm.;P61 MAQUILIFE S.A.S.;R9;V6;14:08:00
ce6e3826;28/08/2025;2:08:00 p.ÿm.;P67 MAQUIDIEZ S.A.S.;R9;V6;14:12:00
98e8084b;28/08/2025;2:16:00 p.ÿm.;D2 IMATEX INDUSTRIA Y MANUFACTURAS TEXTILES S.A.S;R1;V2;14:46:00
372f24ca;28/08/2025;2:24:00 p.ÿm.;P54 MANUFACTURA VAMALI;R9;V6;14:30:00
e1a77c90;28/08/2025;2:26:00 p.ÿm.;P14 PRYM S.A.S.;R9;V13;14:34:00
6c4a20d3;28/08/2025;2:40:00 p.ÿm.;CI CENTRO DE INTEGRACIàN;R9;V13;14:45:00
e6afd131;28/08/2025;2:38:00 p.ÿm.;P07 BAETEX SAS;R9;V6;14:45:00
e3dc817c;28/08/2025;2:50:00 p.ÿm.;P85 CREACIONES VENETO SAS;R9;V13;15:09:00
706ca295;28/08/2025;1:54:00 p.ÿm.;42 COOPIMAR - COOPERATIVA INDUSTRIAL MARINILLA C.T.A;R2;V20;
5ce24fd6;28/08/2025;3:07:00 p.ÿm.;P08 MANUFACTURA ODIM S.A.S.;R9;V6;15:11:00
763a3d9c;28/08/2025;3:15:00 p.ÿm.;CD CENTRO DE DISTRIBUCIàN;R9;V17;15:27:00
8fbc24d8;28/08/2025;3:20:00 p.ÿm.;P05 MAQUILADORA DYA SAS;R9;V13;15:30:00
75d1e6c4;28/08/2025;3:32:00 p.ÿm.;P42 ROJAS CONFECCIONES;R9;V13;15:39:00
a8206c47;28/08/2025;3:35:00 p.ÿm.;P46 MERAKI;R9;V6;16:40:00
153bc72a;28/08/2025;3:45:00 p.ÿm.;P01 S&VCONFECCIONES;R9;V13;15:44:00
ae8da23d;28/08/2025;4:00:00 p.ÿm.;CD CENTRO DE DISTRIBUCIàN;R1;V2;17:03:00
7c50bfaa;28/08/2025;4:03:00 p.ÿm.;CD CENTRO DE DISTRIBUCIàN;R9;V6;16:40:00
05940c5d;28/08/2025;4:01:00 p.ÿm.;CD CENTRO DE DISTRIBUCIàN;R9;V13;16:13:00
14df7d3a;28/08/2025;4:36:00 p.ÿm.;36 INCOOMAR - INDUSTRIA COOPERATIVA DE MARINILLA;R2;V20;16:54:00
a5bc9957;28/08/2025;4:49:00 p.ÿm.;86 COOP. TRAB. ASOCIAD. CRECER Y CREAR;R2;V20;16:55:00
de46c605;28/08/2025;4:55:00 p.ÿm.;72 COOPERATIVA MULTIACTIVA EL PE¥OL - COOMPAB;R2;V20;17:06:00
19993d00;28/08/2025;5:00:00 p.ÿm.;REEMPAQUE RENACER;R2;V20;17:07:00
2abaa86d;28/08/2025;5:19:00 p.ÿm.;CI CENTRO DE INTEGRACIàN;R1;V2;17:40:00
e9b479aa;28/08/2025;5:20:00 p.ÿm.;P46 MERAKI;R9;V6;17:25:00
6eb0664c;28/08/2025;7:21:00 p.ÿm.;CD CENTRO DE DISTRIBUCIàN;R2;V20;19:56:00
23714d8b;29/08/2025;4:55:00 a.ÿm.;CI CENTRO DE INTEGRACIàN;R1;V2;5:00:00
f840028c;29/08/2025;6:32:00 a.ÿm.;36 INCOOMAR - INDUSTRIA COOPERATIVA DE MARINILLA;R1;V2;6:39:00
866554dc;29/08/2025;6:39:00 a.ÿm.;D2 IMATEX INDUSTRIA Y MANUFACTURAS TEXTILES S.A.S;R1;V2;7:01:00
7dc85e16;29/08/2025;6:50:00 a.ÿm.;CD CENTRO DE DISTRIBUCIàN;R9;V17;7:18:00
729babf6;29/08/2025;7:00:00 a.ÿm.;42 COOPIMAR - COOPERATIVA INDUSTRIAL MARINILLA C.T.A;R1;V2;7:43:00
0b55e57f;29/08/2025;6:45:00 a.ÿm.;CD CENTRO DE DISTRIBUCIàN;R9;V13;7:24:00
10a78f0c;29/08/2025;7:23:00 a.ÿm.;CI CENTRO DE INTEGRACIàN;R2;V20;7:32:00
5cbd875b;29/08/2025;7:30:00 a.ÿm.;30 WAGNER COMMERCIAL GROUP (ANTES TINY MED);R2;V20;7:33:00
1f1a15b5;29/08/2025;7:51:00 a.ÿm.;P85 CREACIONES VENETO SAS;R9;V13;8:02:00
894cf737;29/08/2025;7:55:00 a.ÿm.;36 INCOOMAR - INDUSTRIA COOPERATIVA DE MARINILLA;R1;V2;8:07:00
22171073;29/08/2025;8:04:00 a.ÿm.;P14 PRYM S.A.S.;R9;V13;8:10:00
2b6ca8f2;29/08/2025;7:34:00 a.ÿm.;B9 DUNNINGTON CORPORATION (ANTES NOVAL);R2;V20;8:11:00
06ce7d55;29/08/2025;8:07:00 a.ÿm.;40 GRUPO CENIT S.A.S;R1;V2;8:20:00
bab77299;29/08/2025;8:17:00 a.ÿm.;PU15 PUERTA 15;R9;V13;8:31:00
0fb256a8;29/08/2025;8:18:00 a.ÿm.;B7 CREATEX FORMAS INTIMAS S.A.S.;R1;V2;9:14:00
4a5a495e;29/08/2025;8:20:00 a.ÿm.;B3 MODATEX CONFECCIONES JFC S.A.S.;R1;V2;9:15:00
b3e99e43;29/08/2025;8:11:00 a.ÿm.;21 MANUFACTURA S.A.;R2;V20;8:47:00
4df81d8c;29/08/2025;9:12:00 a.ÿm.;A4 CONFECCIONES COOL FASHION S.A.S;R1;V2;9:24:00
98645578;29/08/2025;9:17:00 a.ÿm.;42 COOPIMAR - COOPERATIVA INDUSTRIAL MARINILLA C.T.A;R1;V2;9:23:00
4e632e39;29/08/2025;9:21:00 a.ÿm.;32 MANUFACTURAS GIRALDO ZULUAGA S.A.S.;R1;V2;9:40:00
777b3b68;29/08/2025;9:36:00 a.ÿm.;42 COOPIMAR - COOPERATIVA INDUSTRIAL MARINILLA C.T.A;R9;V17;9:49:00
37d3a8a4;29/08/2025;9:56:00 a.ÿm.;24 ECOOELSA C.T.A - EMPRESA COOP. EL SANTUARIO C.T.A.;R1;V2;10:40:00
0bc0a31f;29/08/2025;10:03:00 a.ÿm.;CI CENTRO DE INTEGRACIàN;R2;V20;10:39:00
0c85484a;29/08/2025;10:13:00 a.ÿm.;CD CENTRO DE DISTRIBUCIàN;R2;V20;10:38:00
b3d37609;29/08/2025;10:35:00 a.ÿm.;D4 IMAGEN TEXTIL J&S S.A.S;R1;V2;10:50:00
0a87f4b4;29/08/2025;10:51:00 a.ÿm.;69 COOMUNELSA C.T.A -COOPERATIVA MULT. COMUNITARIA EL SANTUARIO;R1;V2;11:58:00
5aa74e21;29/08/2025;10:54:00 a.ÿm.;REEMPAQUE RENACER;R9;V17;11:17:00
a91547ec;29/08/2025;10:56:00 a.ÿm.;CD CENTRO DE DISTRIBUCIàN;R9;V6;11:30:00
896c6dcf;29/08/2025;11:04:00 a.ÿm.;P09 FERMASA S.A.S.;R9;V13;11:39:00
fe430b94;29/08/2025;11:59:00 a.ÿm.;06 SODECON DE CONFECCION S.A.S;R1;V2;12:10:00
4381cc93;29/08/2025;11:59:00 a.ÿm.;39 CONFECCIONES ILUAMA S.A.S.;R1;V2;12:14:00
c45afcf9;29/08/2025;12:00:00 p.ÿm.;D7 GRUPO ORIENTEX S.A.S;R1;V2;12:14:00
9544b179;29/08/2025;12:14:00 p.ÿm.;13 ALIANZA CONAZZTEX S.A.S.;R1;V2;12:35:00
65c21b53;29/08/2025;12:17:00 p.ÿm.;56 CREACIONES MPM S.A.S.;R1;V2;12:36:00
22e1f330;30/10/2025;10:00:00 a.ÿm.;32 MANUFACTURAS GIRALDO ZULUAGA S.A.S.;R9;V25;10:18:00
cfc59fc1;29/08/2025;12:20:00 p.ÿm.;05 C.I. CONFECCIONES OLAS S.A;R9;V6;13:02:00
2b878b06;29/08/2025;12:32:00 p.ÿm.;42 COOPIMAR - COOPERATIVA INDUSTRIAL MARINILLA C.T.A;R9;V17;12:44:00
b2349f7b;29/08/2025;12:33:00 p.ÿm.;46 CONFECCIONES CAVITEX S.A.S.;R1;V2;12:42:00
45292888;30/10/2025;10:18:00 a.ÿm.;69 COOMUNELSA C.T.A -COOPERATIVA MULT. COMUNITARIA EL SANTUARIO;R9;V25;10:21:00
f8856d3b;30/10/2025;10:22:00 a.ÿm.;24 ECOOELSA C.T.A - EMPRESA COOP. EL SANTUARIO C.T.A.;R9;V25;10:37:00
22ed0bd9;29/08/2025;10:39:00 a.ÿm.;42 COOPIMAR - COOPERATIVA INDUSTRIAL MARINILLA C.T.A;R2;V20;13:20:00
9cf98790;29/08/2025;1:12:00 p.ÿm.;P61 MAQUILIFE S.A.S.;R9;V6;13:18:00
53a70a06;29/08/2025;1:18:00 p.ÿm.;P67 MAQUIDIEZ S.A.S.;R9;V6;13:24:00
c2bc322b;29/08/2025;1:22:00 p.ÿm.;P12 CONFECCIONES SELEMAR;R9;V13;13:28:00
a2a0aa1a;29/08/2025;1:24:00 p.ÿm.;36 INCOOMAR - INDUSTRIA COOPERATIVA DE MARINILLA;R2;V20;15:16:00
0610b2bc;29/08/2025;1:30:00 p.ÿm.;24 ECOOELSA C.T.A - EMPRESA COOP. EL SANTUARIO C.T.A.;R1;V2;13:48:00
ea041659;29/08/2025;1:40:00 p.ÿm.;P46 MERAKI;R9;V6;13:53:00
c1c32903;29/08/2025;1:57:00 p.ÿm.;P53 GISA SAS;R9;V13;14:12:00
5268dd59;29/08/2025;1:57:00 p.ÿm.;56 CREACIONES MPM S.A.S.;R1;V2;14:08:00
f813b1c1;29/08/2025;1:59:00 p.ÿm.;86 COOP. TRAB. ASOCIAD. CRECER Y CREAR;R2;V20;15:16:00
33226ab1;29/08/2025;2:03:00 p.ÿm.;L07 INVERSIONES TAMESCO S.A.S.;R9;V6;14:15:00
f8a21f5f;29/08/2025;2:16:00 p.ÿm.;CD CENTRO DE DISTRIBUCIàN;R9;V17;14:21:00
8df836a8;29/08/2025;2:20:00 p.ÿm.;P14 PRYM S.A.S.;R9;V13;14:30:00
b693f01b;29/08/2025;2:25:00 p.ÿm.;P54 MANUFACTURA VAMALI;R9;V6;14:28:00
ab1d8a4c;29/08/2025;2:36:00 p.ÿm.;P07 BAETEX SAS;R9;V6;14:45:00
e6fc72e6;29/08/2025;2:39:00 p.ÿm.;P85 CREACIONES VENETO SAS;R9;V13;14:50:00
ec5f1b8b;29/10/2025;2:17:00 p.ÿm.;32 MANUFACTURAS GIRALDO ZULUAGA S.A.S.;R9;V25;14:25:00
7ebf79bb;29/08/2025;3:01:00 p.ÿm.;D2 IMATEX INDUSTRIA Y MANUFACTURAS TEXTILES S.A.S;R1;V2;15:24:00
083473f2;29/08/2025;3:03:00 p.ÿm.;P42 ROJAS CONFECCIONES;R9;V13;15:15:00
788ed3fa;29/08/2025;3:05:00 p.ÿm.;P08 MANUFACTURA ODIM S.A.S.;R9;V6;15:12:00
982ec06a;29/08/2025;3:16:00 p.ÿm.;REEMPAQUE RENACER;R2;V20;15:34:00
27e39ed8;29/08/2025;3:18:00 p.ÿm.;P05 MAQUILADORA DYA SAS;R9;V13;15:25:00
7273f095;29/08/2025;3:28:00 p.ÿm.;P01 S&VCONFECCIONES;R9;V13;15:35:00
75917db4;29/08/2025;3:34:00 p.ÿm.;72 COOPERATIVA MULTIACTIVA EL PE¥OL - COOMPAB;R2;V20;16:10:00
ae1dbbbd;29/08/2025;3:35:00 p.ÿm.;P59 INVERSIONES AGRARIAS;R9;V13;15:45:00
a2a5b081;29/08/2025;3:45:00 p.ÿm.;CD CENTRO DE DISTRIBUCIàN;R9;V6;16:10:00
46c63270;29/08/2025;3:58:00 p.ÿm.;CD CENTRO DE DISTRIBUCIàN;R9;V13;16:12:00
ae5afa08;29/08/2025;4:44:00 p.ÿm.;CD CENTRO DE DISTRIBUCIàN;R1;V2;17:25:00
3a8ae235;29/08/2025;4:11:00 p.ÿm.;CD CENTRO DE DISTRIBUCIàN;R2;V20;18:11:00
cdc5a7ba;29/08/2025;5:27:00 p.ÿm.;CI CENTRO DE INTEGRACIàN;R1;V2;18:00:00
83b8d425;30/08/2025;4:46:00 a.ÿm.;CI CENTRO DE INTEGRACIàN;R1;V2;4:53:00
659c86ac;30/08/2025;6:12:00 a.ÿm.;42 COOPIMAR - COOPERATIVA INDUSTRIAL MARINILLA C.T.A;R1;V2;7:04:00
e4a39fcc;30/08/2025;6:54:00 a.ÿm.;B9 DUNNINGTON CORPORATION (ANTES NOVAL);R2;V20;7:13:00
7ae71eca;30/08/2025;7:05:00 a.ÿm.;36 INCOOMAR - INDUSTRIA COOPERATIVA DE MARINILLA;R1;V2;7:41:00
072470fe;30/08/2025;7:10:00 a.ÿm.;CD CENTRO DE DISTRIBUCIàN;R9;V17;7:22:00
479a0f3f;29/10/2025;2:25:00 p.ÿm.;69 COOMUNELSA C.T.A -COOPERATIVA MULT. COMUNITARIA EL SANTUARIO;R9;V25;14:32:00
cff85521;30/08/2025;7:49:00 a.ÿm.;D2 IMATEX INDUSTRIA Y MANUFACTURAS TEXTILES S.A.S;R1;V2;8:03:00
76ba7de4;30/08/2025;8:03:00 a.ÿm.;40 GRUPO CENIT S.A.S;R1;V2;8:20:00
cfd6c561;30/08/2025;8:16:00 a.ÿm.;B7 CREATEX FORMAS INTIMAS S.A.S.;R1;V2;10:01:00
d0f23aea;30/08/2025;8:17:00 a.ÿm.;B7 CREATEX FORMAS INTIMAS S.A.S.;R1;V2;8:32:00
5db8b2bb;30/08/2025;8:20:00 a.ÿm.;B3 MODATEX CONFECCIONES JFC S.A.S.;R1;V2;8:36:00
4dc37f3c;30/08/2025;8:37:00 a.ÿm.;32 MANUFACTURAS GIRALDO ZULUAGA S.A.S.;R1;V2;8:51:00
15112793;30/08/2025;8:51:00 a.ÿm.;42 COOPIMAR - COOPERATIVA INDUSTRIAL MARINILLA C.T.A;R1;V2;9:19:00
572e23e7;29/10/2025;2:32:00 p.ÿm.;24 ECOOELSA C.T.A - EMPRESA COOP. EL SANTUARIO C.T.A.;R9;V25;14:53:00
66cfb470;29/10/2025;2:43:00 p.ÿm.;P86 CREACIONES SARAI;R9;V25;14:55:00
8a940b47;30/08/2025;9:19:00 a.ÿm.;CD CENTRO DE DISTRIBUCIàN;R9;V13;9:27:00
0c8077d7;30/08/2025;9:28:00 a.ÿm.;42 COOPIMAR - COOPERATIVA INDUSTRIAL MARINILLA C.T.A;R9;V17;9:50:00
5bd89fd6;30/08/2025;9:30:00 a.ÿm.;CD CENTRO DE DISTRIBUCIàN;R9;V6;9:35:00
4c81829a;30/08/2025;9:42:00 a.ÿm.;24 ECOOELSA C.T.A - EMPRESA COOP. EL SANTUARIO C.T.A.;R1;V2;10:45:00
88c47545;30/08/2025;9:47:00 a.ÿm.;CD CENTRO DE DISTRIBUCIàN;R2;V20;9:55:00
97107e8f;29/10/2025;2:55:00 p.ÿm.;D7 GRUPO ORIENTEX S.A.S;R9;V25;15:00:00
550cde6e;30/08/2025;9:56:00 a.ÿm.;CD CENTRO DE DISTRIBUCIàN;R2;V20;10:28:00
d21cfbcf;29/10/2025;3:00:00 p.ÿm.;46 CONFECCIONES CAVITEX S.A.S.;R9;V25;15:03:00
99fdf912;30/08/2025;10:16:00 a.ÿm.;P09 FERMASA S.A.S.;R9;V13;10:40:00
b13e858d;30/08/2025;10:25:00 a.ÿm.;P67 MAQUIDIEZ S.A.S.;R9;V6;10:41:00
3b30ecfd;30/08/2025;10:00:00 a.ÿm.;L07 INVERSIONES TAMESCO S.A.S.;R9;V6;10:16:00
ff27f5fb;30/08/2025;10:35:00 a.ÿm.;69 COOMUNELSA C.T.A -COOPERATIVA MULT. COMUNITARIA EL SANTUARIO;R1;V2;11:23:00
8e7bbbeb;29/10/2025;3:04:00 p.ÿm.;36 INCOOMAR - INDUSTRIA COOPERATIVA DE MARINILLA;R9;V25;15:08:00
5ae62e43;30/08/2025;10:56:00 a.ÿm.;P07 BAETEX SAS;R9;V6;11:16:00
c5d77283;30/08/2025;11:16:00 a.ÿm.;REEMPAQUE RENACER;R9;V17;11:30:00
3e326dbd;30/08/2025;11:23:00 a.ÿm.;06 SODECON DE CONFECCION S.A.S;R1;V2;11:53:00
f6ec10e6;30/08/2025;11:25:00 a.ÿm.;39 CONFECCIONES ILUAMA S.A.S.;R1;V2;11:54:00
7dba94b6;30/08/2025;11:28:00 a.ÿm.;D7 GRUPO ORIENTEX S.A.S;R1;V2;11:55:00
ea2a4b34;30/08/2025;11:38:00 a.ÿm.;P08 MANUFACTURA ODIM S.A.S.;R9;V6;11:43:00
ef41123e;30/08/2025;11:42:00 a.ÿm.;13 ALIANZA CONAZZTEX S.A.S.;R1;V2;12:03:00
c93571e0;30/08/2025;11:42:00 a.ÿm.;46 CONFECCIONES CAVITEX S.A.S.;R1;V2;12:04:00
e530652c;30/08/2025;11:20:00 a.ÿm.;P85 CREACIONES VENETO SAS;R9;V13;11:40:00
253ca49d;30/08/2025;12:04:00 p.ÿm.;P42 ROJAS CONFECCIONES;R9;V13;12:09:00
ea5d120d;30/08/2025;12:06:00 p.ÿm.;24 ECOOELSA C.T.A - EMPRESA COOP. EL SANTUARIO C.T.A.;R1;V2;12:45:00
f0031b9b;30/08/2025;12:09:00 p.ÿm.;D4 IMAGEN TEXTIL J&S S.A.S;R1;V2;12:44:00
1b1134b0;30/08/2025;12:20:00 p.ÿm.;42 COOPIMAR - COOPERATIVA INDUSTRIAL MARINILLA C.T.A;R9;V17;12:31:00
127f7aec;30/08/2025;12:20:00 p.ÿm.;L14 VYDA S.A.S.;R9;V6;13:36:00
a11aa6ae;29/10/2025;3:08:00 p.ÿm.;42 COOPIMAR - COOPERATIVA INDUSTRIAL MARINILLA C.T.A;R9;V25;15:15:00
e214984c;30/08/2025;12:28:00 p.ÿm.;CD CENTRO DE DISTRIBUCIàN;R9;V13;12:34:00
2aef5770;30/08/2025;12:06:00 p.ÿm.;42 COOPIMAR - COOPERATIVA INDUSTRIAL MARINILLA C.T.A;R2;V20;13:56:00
64c8bc14;30/08/2025;1:01:00 p.ÿm.;56 CREACIONES MPM S.A.S.;R1;V2;13:07:00
14c43bae;30/08/2025;12:50:00 p.ÿm.;CD CENTRO DE DISTRIBUCIàN;R9;V6;13:15:00
9d698f92;30/08/2025;1:57:00 p.ÿm.;36 INCOOMAR - INDUSTRIA COOPERATIVA DE MARINILLA;R2;V20;14:13:00
976b8e2b;30/08/2025;2:13:00 p.ÿm.;86 COOP. TRAB. ASOCIAD. CRECER Y CREAR;R2;V20;14:35:00
c6174587;30/08/2025;2:17:00 p.ÿm.;CD CENTRO DE DISTRIBUCIàN;R9;V17;14:43:00
056cba7c;30/08/2025;2:30:00 p.ÿm.;D2 IMATEX INDUSTRIA Y MANUFACTURAS TEXTILES S.A.S;R1;V2;14:36:00
49574095;30/08/2025;2:36:00 p.ÿm.;72 COOPERATIVA MULTIACTIVA EL PE¥OL - COOMPAB;R2;V20;14:41:00
83fbd29d;30/08/2025;2:42:00 p.ÿm.;CD CENTRO DE DISTRIBUCIàN;R2;V20;
27109f4f;30/08/2025;3:30:00 p.ÿm.;CD CENTRO DE DISTRIBUCIàN;R1;V2;16:06:00
77b6d5f3;30/08/2025;4:18:00 p.ÿm.;CI CENTRO DE INTEGRACIàN;R1;V2;16:36:00
886f12ce;1/09/2025;4:48:00 a.ÿm.;CI CENTRO DE INTEGRACIàN;R1;V2;4:51:00
589f8421;1/09/2025;6:05:00 a.ÿm.;42 COOPIMAR - COOPERATIVA INDUSTRIAL MARINILLA C.T.A;R1;V2;7:04:00
918eef79;1/09/2025;6:30:00 a.ÿm.;CD CENTRO DE DISTRIBUCIàN;R9;V17;6:52:00
0900a620;1/09/2025;6:34:00 a.ÿm.;CI CENTRO DE INTEGRACIàN;R2;V20;7:07:00
ac07ad7a;1/09/2025;7:01:00 a.ÿm.;36 INCOOMAR - INDUSTRIA COOPERATIVA DE MARINILLA;R1;V2;7:06:00
cbb1f086;1/09/2025;7:07:00 a.ÿm.;B9 DUNNINGTON CORPORATION (ANTES NOVAL);R2;V20;7:26:00
c56fa021;1/09/2025;7:26:00 a.ÿm.;31 CONFECCIONES CREARTEX R.I. S.A.S.;R2;V20;
767c7e01;1/09/2025;7:38:00 a.ÿm.;21 MANUFACTURA S.A.;R2;V20;7:49:00
b973eefe;1/09/2025;7:15:00 a.ÿm.;CD CENTRO DE DISTRIBUCIàN;R9;V13;7:50:00
d1471137;1/09/2025;7:39:00 a.ÿm.;40 GRUPO CENIT S.A.S;R1;V2;7:49:00
38ffd313;1/09/2025;7:44:00 a.ÿm.;B7 CREATEX FORMAS INTIMAS S.A.S.;R1;V2;7:47:00
d2a930f5;1/09/2025;7:44:00 a.ÿm.;B3 MODATEX CONFECCIONES JFC S.A.S.;R1;V2;7:53:00
07548cac;1/09/2025;7:51:00 a.ÿm.;32 MANUFACTURAS GIRALDO ZULUAGA S.A.S.;R1;V2;8:00:00
7b085563;1/09/2025;7:50:00 a.ÿm.;30 WAGNER COMMERCIAL GROUP (ANTES TINY MED);R2;V20;8:31:00
ba6363e1;1/09/2025;8:27:00 a.ÿm.;24 ECOOELSA C.T.A - EMPRESA COOP. EL SANTUARIO C.T.A.;R1;V2;9:30:00
9600a2b8;1/09/2025;8:31:00 a.ÿm.;CI CENTRO DE INTEGRACIàN;R2;V20;10:47:00
08a2515f;1/09/2025;9:43:00 a.ÿm.;D4 IMAGEN TEXTIL J&S S.A.S;R1;V2;10:34:00
171fb330;1/09/2025;10:33:00 a.ÿm.;06 SODECON DE CONFECCION S.A.S;R1;V2;10:53:00
8d1d50b3;1/09/2025;10:35:00 a.ÿm.;39 CONFECCIONES ILUAMA S.A.S.;R1;V2;10:54:00
b3f0c73d;1/09/2025;10:35:00 a.ÿm.;D7 GRUPO ORIENTEX S.A.S;R1;V2;10:54:00
42e6241a;1/09/2025;10:47:00 a.ÿm.;CD CENTRO DE DISTRIBUCIàN;R2;V20;11:10:00
17342c77;1/09/2025;11:01:00 a.ÿm.;REEMPAQUE RENACER;R9;V17;11:11:00
f54ccc4b;1/09/2025;10:55:00 a.ÿm.;13 ALIANZA CONAZZTEX S.A.S.;R1;V2;11:12:00
21173455;1/09/2025;11:01:00 a.ÿm.;46 CONFECCIONES CAVITEX S.A.S.;R1;V2;11:14:00
d477551b;1/09/2025;11:13:00 a.ÿm.;P09 FERMASA S.A.S.;R9;V13;11:36:00
e2a02820;28/10/2025;1:23:00 p.ÿm.;87 TEXTYLE S.A.S;R9;V25;13:30:00
707d9a91;28/10/2025;1:30:00 p.ÿm.;24 ECOOELSA C.T.A - EMPRESA COOP. EL SANTUARIO C.T.A.;R9;V25;13:35:00
ada88a4a;28/10/2025;1:35:00 p.ÿm.;D7 GRUPO ORIENTEX S.A.S;R9;V25;13:40:00
8ce089d9;1/09/2025;12:12:00 p.ÿm.;D2 IMATEX INDUSTRIA Y MANUFACTURAS TEXTILES S.A.S;R1;V2;12:42:00
76bee187;1/09/2025;12:00:00 p.ÿm.;CD CENTRO DE DISTRIBUCIàN;R9;V6;12:06:00
0f466fe6;1/09/2025;12:31:00 p.ÿm.;32 MANUFACTURAS GIRALDO ZULUAGA S.A.S.;R9;V17;
b60d1031;1/09/2025;12:47:00 p.ÿm.;42 COOPIMAR - COOPERATIVA INDUSTRIAL MARINILLA C.T.A;R9;V17;13:01:00
d2138dda;1/09/2025;12:25:00 p.ÿm.;L07 INVERSIONES TAMESCO S.A.S.;R9;V6;12:50:00
1f1b2dbc;1/09/2025;12:55:00 p.ÿm.;05 C.I. CONFECCIONES OLAS S.A;R9;V6;13:30:00
b0113e85;1/09/2025;1:25:00 p.ÿm.;P12 CONFECCIONES SELEMAR;R9;V13;13:29:00
c37fc5e5;1/09/2025;11:11:00 a.ÿm.;42 COOPIMAR - COOPERATIVA INDUSTRIAL MARINILLA C.T.A;R2;V20;14:03:00
2f2caeca;1/09/2025;1:44:00 p.ÿm.;61 CONFECCIONES VELERO SPORT S.A.S.;R9;V6;13:50:00
d80db0a6;1/09/2025;1:50:00 p.ÿm.;P67 MAQUIDIEZ S.A.S.;R9;V6;13:56:00
8fa22651;1/09/2025;2:02:00 p.ÿm.;CD CENTRO DE DISTRIBUCIàN;R9;V17;14:47:00
1d45934d;1/09/2025;2:05:00 p.ÿm.;P53 GISA SAS;R9;V13;14:16:00
1ffe2a7a;1/09/2025;2:10:00 p.ÿm.;P54 MANUFACTURA VAMALI;R9;V6;14:30:00
4ae531e0;1/09/2025;2:27:00 p.ÿm.;P85 CREACIONES VENETO SAS;R9;V13;14:38:00
83305aad;1/09/2025;2:30:00 p.ÿm.;P07 BAETEX SAS;R9;V6;14:45:00
81eb82bf;1/09/2025;2:39:00 p.ÿm.;CI CENTRO DE INTEGRACIàN;R1;V2;15:00:00
eeb85e32;1/09/2025;2:54:00 p.ÿm.;P42 ROJAS CONFECCIONES;R9;V13;15:15:00
04e2825b;1/09/2025;3:06:00 p.ÿm.;P08 MANUFACTURA ODIM S.A.S.;R9;V6;15:15:00
465d8f6a;1/09/2025;3:08:00 p.ÿm.;P05 MAQUILADORA DYA SAS;R9;V13;15:25:00
fb3ec579;1/09/2025;3:14:00 p.ÿm.;36 INCOOMAR - INDUSTRIA COOPERATIVA DE MARINILLA;R2;V20;15:25:00
cd9b94de;1/09/2025;3:27:00 p.ÿm.;86 COOP. TRAB. ASOCIAD. CRECER Y CREAR;R2;V20;15:30:00
541ae682;1/09/2025;3:30:00 p.ÿm.;72 COOPERATIVA MULTIACTIVA EL PE¥OL - COOMPAB;R2;V20;15:32:00
e2203459;1/09/2025;3:32:00 p.ÿm.;P01 S&VCONFECCIONES;R9;V13;15:40:00
82bf6d88;1/09/2025;3:37:00 p.ÿm.;REEMPAQUE RENACER;R2;V20;16:24:00
36534582;1/09/2025;3:45:00 p.ÿm.;P46 MERAKI;R9;V6;16:45:00
92bd35ed;1/09/2025;3:51:00 p.ÿm.;P59 INVERSIONES AGRARIAS;R9;V13;16:00:00
a0b25070;1/09/2025;4:15:00 p.ÿm.;CD CENTRO DE DISTRIBUCIàN;R9;V13;16:31:00
c9ad76e0;1/09/2025;4:10:00 p.ÿm.;P14 PRYM S.A.S.;R9;V6;16:15:00
a1de2303;1/09/2025;4:25:00 p.ÿm.;CD CENTRO DE DISTRIBUCIàN;R9;V6;16:50:00
6eef4d4b;1/09/2025;5:15:00 p.ÿm.;L14 VYDA S.A.S.;R9;V6;17:20:00
24c489db;1/09/2025;5:32:00 p.ÿm.;CD CENTRO DE DISTRIBUCIàN;R2;V20;18:38:00
4619859b;2/09/2025;4:51:00 a.ÿm.;CI CENTRO DE INTEGRACIàN;R1;V2;4:56:00
ee9c18bd;2/09/2025;6:41:00 a.ÿm.;42 COOPIMAR - COOPERATIVA INDUSTRIAL MARINILLA C.T.A;R1;V2;7:52:00
626f12a9;2/09/2025;7:00:00 a.ÿm.;CD CENTRO DE DISTRIBUCIàN;R9;V13;7:38:00
642a3b53;2/09/2025;7:03:00 a.ÿm.;CI CENTRO DE INTEGRACIàN;R2;V20;7:17:00
cc80ffc7;2/09/2025;7:17:00 a.ÿm.;30 WAGNER COMMERCIAL GROUP (ANTES TINY MED);R2;V20;7:26:00
f367b0e2;2/09/2025;7:27:00 a.ÿm.;B9 DUNNINGTON CORPORATION (ANTES NOVAL);R2;V20;7:51:00
b358b874;2/09/2025;7:51:00 a.ÿm.;21 MANUFACTURA S.A.;R2;V20;8:12:00
a020aa5a;2/09/2025;7:52:00 a.ÿm.;P05 MAQUILADORA DYA SAS;R9;V13;8:07:00
48f210b4;2/09/2025;7:57:00 a.ÿm.;D2 IMATEX INDUSTRIA Y MANUFACTURAS TEXTILES S.A.S;R1;V2;8:20:00
4652699d;2/09/2025;8:22:00 a.ÿm.;36 INCOOMAR - INDUSTRIA COOPERATIVA DE MARINILLA;R1;V2;8:31:00
d4c4d45a;2/09/2025;8:30:00 a.ÿm.;P59 INVERSIONES AGRARIAS;R9;V13;8:39:00
07fc8957;2/09/2025;8:31:00 a.ÿm.;40 GRUPO CENIT S.A.S;R1;V2;8:44:00
8d08f393;2/09/2025;8:33:00 a.ÿm.;42 COOPIMAR - COOPERATIVA INDUSTRIAL MARINILLA C.T.A;R9;V17;8:58:00
15eb4c2c;2/09/2025;8:44:00 a.ÿm.;B7 CREATEX FORMAS INTIMAS S.A.S.;R1;V2;8:58:00
6e8de38b;2/09/2025;8:44:00 a.ÿm.;B3 MODATEX CONFECCIONES JFC S.A.S.;R1;V2;9:00:00
f7fa9505;2/09/2025;9:04:00 a.ÿm.;A4 CONFECCIONES COOL FASHION S.A.S;R1;V2;9:11:00
602cc8e3;2/09/2025;9:09:00 a.ÿm.;32 MANUFACTURAS GIRALDO ZULUAGA S.A.S.;R1;V2;10:54:00
0a698031;2/09/2025;9:15:00 a.ÿm.;69 COOMUNELSA C.T.A -COOPERATIVA MULT. COMUNITARIA EL SANTUARIO;R9;V17;9:31:00
21024c96;2/09/2025;9:32:00 a.ÿm.;24 ECOOELSA C.T.A - EMPRESA COOP. EL SANTUARIO C.T.A.;R9;V17;10:17:00
907327a2;2/09/2025;8:12:00 a.ÿm.;CI CENTRO DE INTEGRACIàN;R2;V20;10:45:00
bbe765ab;2/09/2025;9:39:00 a.ÿm.;24 ECOOELSA C.T.A - EMPRESA COOP. EL SANTUARIO C.T.A.;R1;V2;12:04:00
01f2c0c2;2/09/2025;10:57:00 a.ÿm.;D4 IMAGEN TEXTIL J&S S.A.S;R1;V2;11:14:00
05d8b080;2/09/2025;10:45:00 a.ÿm.;CD CENTRO DE DISTRIBUCIàN;R2;V20;11:31:00
9f220db7;2/09/2025;11:11:00 a.ÿm.;P09 FERMASA S.A.S.;R9;V13;11:32:00
ef2d8b52;28/10/2025;1:40:00 p.ÿm.;75 SULEA LTDA;R9;V25;13:54:00
89afa766;28/10/2025;1:55:00 p.ÿm.;36 INCOOMAR - INDUSTRIA COOPERATIVA DE MARINILLA;R9;V25;14:00:00
75f74163;28/10/2025;2:00:00 p.ÿm.;P86 CREACIONES SARAI;R9;V25;14:04:00
32dfb06d;25/10/2025;7:41:00 a.ÿm.;42 COOPIMAR - COOPERATIVA INDUSTRIAL MARINILLA C.T.A;R9;V25;13:03:00
15580cfe;25/10/2025;12:12:00 p.ÿm.;32 MANUFACTURAS GIRALDO ZULUAGA S.A.S.;R9;V25;13:03:00
80d656bf;25/10/2025;12:12:00 p.ÿm.;24 ECOOELSA C.T.A - EMPRESA COOP. EL SANTUARIO C.T.A.;R9;V25;13:03:00
b41b04fd;25/10/2025;12:12:00 p.ÿm.;P86 CREACIONES SARAI;R9;V25;13:04:00
03c6d36c;2/09/2025;11:49:00 a.ÿm.;REEMPAQUE RENACER;R9;V17;11:58:00
c1ae5ab0;25/10/2025;12:12:00 p.ÿm.;46 CONFECCIONES CAVITEX S.A.S.;R9;V25;13:04:00
9aaa1bb2;25/10/2025;12:13:00 p.ÿm.;36 INCOOMAR - INDUSTRIA COOPERATIVA DE MARINILLA;R9;V25;13:04:00
feb31afb;25/10/2025;12:13:00 p.ÿm.;CD CENTRO DE DISTRIBUCIàN;R9;V25;14:08:00
f01f7a6a;2/09/2025;12:06:00 p.ÿm.;69 COOMUNELSA C.T.A -COOPERATIVA MULT. COMUNITARIA EL SANTUARIO;R1;V2;12:51:00
1887cae2;24/10/2025;2:52:00 p.ÿm.;32 MANUFACTURAS GIRALDO ZULUAGA S.A.S.;R9;V25;15:11:00
44f9214a;24/10/2025;2:52:00 p.ÿm.;69 COOMUNELSA C.T.A -COOPERATIVA MULT. COMUNITARIA EL SANTUARIO;R9;V25;15:11:00
0ae387f3;2/09/2025;12:51:00 p.ÿm.;06 SODECON DE CONFECCION S.A.S;R1;V2;13:06:00
369df1aa;2/09/2025;12:52:00 p.ÿm.;39 CONFECCIONES ILUAMA S.A.S.;R1;V2;13:06:00
0467751a;2/09/2025;12:52:00 p.ÿm.;D7 GRUPO ORIENTEX S.A.S;R1;V2;13:09:00
c4995c4c;2/09/2025;12:55:00 p.ÿm.;CD CENTRO DE DISTRIBUCIàN;R9;V6;13:07:00
e05ad640;2/09/2025;1:06:00 p.ÿm.;13 ALIANZA CONAZZTEX S.A.S.;R1;V2;13:29:00
606097c2;2/09/2025;1:09:00 p.ÿm.;46 CONFECCIONES CAVITEX S.A.S.;R1;V2;13:29:00
35cbcb8e;2/09/2025;1:17:00 a.ÿm.;P12 CONFECCIONES SELEMAR;R9;V13;13:29:00
a9ba26fa;2/09/2025;1:22:00 p.ÿm.;L07 INVERSIONES TAMESCO S.A.S.;R9;V6;13:35:00
2d19f02a;2/09/2025;1:31:00 p.ÿm.;42 COOPIMAR - COOPERATIVA INDUSTRIAL MARINILLA C.T.A;R9;V17;13:56:00
b312bc63;2/09/2025;1:40:00 p.ÿm.;05 C.I. CONFECCIONES OLAS S.A;R9;V6;14:10:00
7f776846;2/09/2025;1:57:00 p.ÿm.;P53 GISA SAS;R9;V13;14:09:00
5b767a27;2/09/2025;11:31:00 a.ÿm.;42 COOPIMAR - COOPERATIVA INDUSTRIAL MARINILLA C.T.A;R2;V20;14:28:00
d89ed59d;2/09/2025;2:20:00 p.ÿm.;D2 IMATEX INDUSTRIA Y MANUFACTURAS TEXTILES S.A.S;R1;V2;14:41:00
36504191;2/09/2025;2:20:00 p.ÿm.;P61 MAQUILIFE S.A.S.;R9;V6;14:35:00
df26c685;2/09/2025;2:28:00 p.ÿm.;P85 CREACIONES VENETO SAS;R9;V13;14:44:00
18f28cce;2/09/2025;2:28:00 p.ÿm.;36 INCOOMAR - INDUSTRIA COOPERATIVA DE MARINILLA;R2;V20;15:16:00
0cd98ae7;2/09/2025;2:35:00 p.ÿm.;P67 MAQUIDIEZ S.A.S.;R9;V6;14:41:00
1d52b427;2/09/2025;2:59:00 p.ÿm.;P42 ROJAS CONFECCIONES;R9;V13;15:12:00
91a7dba6;2/09/2025;3:14:00 p.ÿm.;P05 MAQUILADORA DYA SAS;R9;V13;15:18:00
e29af5a6;2/09/2025;3:17:00 p.ÿm.;86 COOP. TRAB. ASOCIAD. CRECER Y CREAR;R2;V20;15:51:00
e57eda0f;2/09/2025;3:00:00 p.ÿm.;P46 MERAKI;R9;V6;15:10:00
2b99b903;24/10/2025;2:52:00 p.ÿm.;24 ECOOELSA C.T.A - EMPRESA COOP. EL SANTUARIO C.T.A.;R9;V25;15:12:00
e472eb56;2/09/2025;3:25:00 p.ÿm.;P01 S&VCONFECCIONES;R9;V13;15:29:00
dec5976d;2/09/2025;3:28:00 p.ÿm.;P54 MANUFACTURA VAMALI;R9;V6;15:34:00
1108fa82;2/09/2025;3:41:00 p.ÿm.;P59 INVERSIONES AGRARIAS;R9;V13;15:50:00
b85143e9;2/09/2025;3:48:00 p.ÿm.;CD CENTRO DE DISTRIBUCIàN;R9;V17;16:13:00
3c4bd542;2/09/2025;3:39:00 p.ÿm.;P07 BAETEX SAS;R9;V6;15:45:00
84dcf1e2;2/09/2025;3:51:00 p.ÿm.;72 COOPERATIVA MULTIACTIVA EL PE¥OL - COOMPAB;R2;V20;16:38:00
50c230f8;2/09/2025;4:01:00 p.ÿm.;CD CENTRO DE DISTRIBUCIàN;R1;V2;16:47:00
0c943370;2/09/2025;4:05:00 p.ÿm.;P08 MANUFACTURA ODIM S.A.S.;R9;V6;16:10:00
8ddfe21f;2/09/2025;4:13:00 p.ÿm.;CD CENTRO DE DISTRIBUCIàN;R9;V17;16:23:00
5edd0fad;2/09/2025;4:28:00 p.ÿm.;CD CENTRO DE DISTRIBUCIàN;R9;V13;16:48:00
a99e56ab;2/09/2025;4:35:00 p.ÿm.;CD CENTRO DE DISTRIBUCIàN;R9;V6;16:50:00
910361a9;2/09/2025;4:38:00 p.ÿm.;REEMPAQUE RENACER;R2;V20;16:44:00
f25e4ba1;2/09/2025;5:01:00 p.ÿm.;CI CENTRO DE INTEGRACIàN;R1;V2;17:13:00
130b47f8;2/09/2025;4:45:00 p.ÿm.;CD CENTRO DE DISTRIBUCIàN;R2;V20;19:11:00
39869b07;3/09/2025;4:49:00 a.ÿm.;CI CENTRO DE INTEGRACIàN;R1;V2;4:57:00
c4b1fb48;3/09/2025;6:10:00 a.ÿm.;42 COOPIMAR - COOPERATIVA INDUSTRIAL MARINILLA C.T.A;R1;V2;7:03:00
b95aca71;3/09/2025;6:28:00 a.ÿm.;CD CENTRO DE DISTRIBUCIàN;R9;V17;6:32:00
6f5243ae;3/09/2025;6:45:00 a.ÿm.;CD CENTRO DE DISTRIBUCIàN;R9;V13;6:55:00
300d852f;3/09/2025;7:14:00 a.ÿm.;D2 IMATEX INDUSTRIA Y MANUFACTURAS TEXTILES S.A.S;R1;V2;7:28:00
9c2c6c3b;3/09/2025;7:23:00 a.ÿm.;CI CENTRO DE INTEGRACIàN;R2;V20;7:27:00
96d9a8a4;3/09/2025;7:27:00 a.ÿm.;B9 DUNNINGTON CORPORATION (ANTES NOVAL);R2;V20;8:02:00
af8a3d9b;3/09/2025;7:28:00 a.ÿm.;36 INCOOMAR - INDUSTRIA COOPERATIVA DE MARINILLA;R1;V2;8:06:00
23504360;3/09/2025;8:03:00 a.ÿm.;P01 S&VCONFECCIONES;R9;V13;8:07:00
965644d9;3/09/2025;8:06:00 a.ÿm.;40 GRUPO CENIT S.A.S;R1;V2;8:12:00
c9c66c97;3/09/2025;8:12:00 a.ÿm.;B7 CREATEX FORMAS INTIMAS S.A.S.;R1;V2;8:23:00
180ab552;3/09/2025;8:13:00 a.ÿm.;B3 MODATEX CONFECCIONES JFC S.A.S.;R1;V2;8:24:00
c8b9f102;3/09/2025;8:02:00 a.ÿm.;21 MANUFACTURA S.A.;R2;V20;8:55:00
94f43faa;3/09/2025;8:24:00 a.ÿm.;32 MANUFACTURAS GIRALDO ZULUAGA S.A.S.;R1;V2;8:38:00
b408dbea;3/09/2025;8:25:00 a.ÿm.;P59 INVERSIONES AGRARIAS;R9;V13;8:29:00
1f4b8ad1;3/09/2025;8:39:00 a.ÿm.;42 COOPIMAR - COOPERATIVA INDUSTRIAL MARINILLA C.T.A;R1;V2;9:02:00
f2f8cc77;3/09/2025;8:47:00 a.ÿm.;P53 GISA SAS;R9;V13;8:56:00
666155ef;3/09/2025;9:00:00 a.ÿm.;CI CENTRO DE INTEGRACIàN;R2;V20;9:24:00
0c919f26;3/09/2025;9:14:00 a.ÿm.;30 WAGNER COMMERCIAL GROUP (ANTES TINY MED);R2;V20;9:27:00
2e5f109d;3/09/2025;9:30:00 a.ÿm.;24 ECOOELSA C.T.A - EMPRESA COOP. EL SANTUARIO C.T.A.;R1;V2;10:30:00
7e9ab0a0;3/09/2025;10:06:00 a.ÿm.;CI CENTRO DE INTEGRACIàN;R2;V20;14:24:00
425b6e20;3/09/2025;10:30:00 a.ÿm.;69 COOMUNELSA C.T.A -COOPERATIVA MULT. COMUNITARIA EL SANTUARIO;R1;V2;11:20:00
087e0d15;3/09/2025;11:20:00 a.ÿm.;P09 FERMASA S.A.S.;R9;V13;23:30:00
74f2e0c4;3/09/2025;11:20:00 a.ÿm.;06 SODECON DE CONFECCION S.A.S;R1;V2;11:41:00
1c1f7387;3/09/2025;11:21:00 a.ÿm.;39 CONFECCIONES ILUAMA S.A.S.;R1;V2;11:42:00
c8927f9c;3/09/2025;11:21:00 a.ÿm.;D7 GRUPO ORIENTEX S.A.S;R1;V2;12:02:00
03b3247a;24/10/2025;2:53:00 p.ÿm.;P86 CREACIONES SARAI;R9;V25;15:12:00
1380c365;3/09/2025;11:26:00 a.ÿm.;CD CENTRO DE DISTRIBUCIàN;R2;V20;11:39:00
957ce01f;3/09/2025;11:36:00 a.ÿm.;REEMPAQUE RENACER;R9;V17;11:42:00
c2287e20;24/10/2025;2:53:00 p.ÿm.;D7 GRUPO ORIENTEX S.A.S;R9;V25;15:13:00
9aaa466f;24/10/2025;2:54:00 p.ÿm.;46 CONFECCIONES CAVITEX S.A.S.;R9;V25;15:14:00
206e1d08;3/09/2025;12:06:00 p.ÿm.;13 ALIANZA CONAZZTEX S.A.S.;R1;V2;12:16:00
8b67ad95;3/09/2025;12:07:00 p.ÿm.;46 CONFECCIONES CAVITEX S.A.S.;R1;V2;12:16:00
41f60615;3/09/2025;12:17:00 p.ÿm.;D4 IMAGEN TEXTIL J&S S.A.S;R1;V2;13:24:00
95dc2658;3/09/2025;12:22:00 p.ÿm.;42 COOPIMAR - COOPERATIVA INDUSTRIAL MARINILLA C.T.A;R9;V17;12:41:00
c74f830f;3/09/2025;12:27:00 p.ÿm.;24 ECOOELSA C.T.A - EMPRESA COOP. EL SANTUARIO C.T.A.;R1;V2;12:54:00
a3ecba50;3/09/2025;12:50:00 p.ÿm.;CD CENTRO DE DISTRIBUCIàN;R4;V6;13:10:00
6133fe85;3/09/2025;1:10:00 p.ÿm.;CD CENTRO DE DISTRIBUCIàN;R9;V6;13:15:00
78b740f3;24/10/2025;2:54:00 p.ÿm.;36 INCOOMAR - INDUSTRIA COOPERATIVA DE MARINILLA;R9;V25;15:14:00
e6cd5698;24/10/2025;2:54:00 p.ÿm.;42 COOPIMAR - COOPERATIVA INDUSTRIAL MARINILLA C.T.A;R9;V25;15:15:00
903503fd;24/10/2025;2:54:00 p.ÿm.;CD CENTRO DE DISTRIBUCIàN;R9;V25;20:14:00
43def3b0;23/10/2025;12:37:00 p.ÿm.;32 MANUFACTURAS GIRALDO ZULUAGA S.A.S.;R9;V25;12:48:00
44f3fb15;23/10/2025;12:38:00 p.ÿm.;69 COOMUNELSA C.T.A -COOPERATIVA MULT. COMUNITARIA EL SANTUARIO;R9;V25;12:48:00
1b3ca2c5;3/09/2025;1:15:00 p.ÿm.;P12 CONFECCIONES SELEMAR;R9;V13;13:25:00
eaf76f26;3/09/2025;1:20:00 p.ÿm.;P14 PRYM S.A.S.;R9;V6;13:35:00
3d37a97c;3/09/2025;1:24:00 p.ÿm.;56 CREACIONES MPM S.A.S.;R1;V2;13:30:00
a58ce2cb;3/09/2025;1:48:00 p.ÿm.;L07 INVERSIONES TAMESCO S.A.S.;R9;V6;14:00:00
468b1278;3/09/2025;2:08:00 p.ÿm.;P53 GISA SAS;R9;V13;14:29:00
c5d575e4;3/09/2025;2:16:00 p.ÿm.;CD CENTRO DE DISTRIBUCIàN;R9;V17;19:01:00
3a17d0ac;3/09/2025;2:16:00 p.ÿm.;D2 IMATEX INDUSTRIA Y MANUFACTURAS TEXTILES S.A.S;R1;V2;14:49:00
a9991aeb;3/09/2025;2:05:00 p.ÿm.;05 C.I. CONFECCIONES OLAS S.A;R9;V6;14:30:00
d9e7ee27;3/09/2025;2:22:00 p.ÿm.;42 COOPIMAR - COOPERATIVA INDUSTRIAL MARINILLA C.T.A;R2;V20;14:46:00
6829979f;3/09/2025;2:46:00 p.ÿm.;86 COOP. TRAB. ASOCIAD. CRECER Y CREAR;R2;V20;15:09:00
0343bf46;3/09/2025;2:48:00 p.ÿm.;P85 CREACIONES VENETO SAS;R9;V13;15:08:00
60631c8f;3/09/2025;2:40:00 p.ÿm.;P67 MAQUIDIEZ S.A.S.;R9;V6;14:50:00
032eea32;3/09/2025;2:50:00 p.ÿm.;P61 MAQUILIFE S.A.S.;R9;V6;14:53:00
94611fc6;3/09/2025;3:10:00 p.ÿm.;72 COOPERATIVA MULTIACTIVA EL PE¥OL - COOMPAB;R2;V20;15:28:00
ed35f439;3/09/2025;3:16:00 p.ÿm.;P46 MERAKI;R9;V6;15:25:00
0fbc979a;3/09/2025;3:28:00 p.ÿm.;36 INCOOMAR - INDUSTRIA COOPERATIVA DE MARINILLA;R2;V20;15:44:00
9cbd6d02;3/09/2025;3:34:00 p.ÿm.;P42 ROJAS CONFECCIONES;R9;V13;15:51:00
e478c409;3/09/2025;3:16:00 p.ÿm.;P46 MERAKI;R9;V6;15:24:00
e2bbe60e;3/09/2025;3:40:00 p.ÿm.;P54 MANUFACTURA VAMALI;R9;V6;15:45:00
3d9a2f2e;3/09/2025;3:50:00 p.ÿm.;P07 BAETEX SAS;R9;V6;15:55:00
bc488c45;3/09/2025;3:50:00 p.ÿm.;P07 BAETEX SAS;R9;V6;15:55:00
22917fa5;3/09/2025;4:05:00 p.ÿm.;CD CENTRO DE DISTRIBUCIàN;R1;V2;17:40:00
fce265b0;3/09/2025;4:10:00 p.ÿm.;P01 S&VCONFECCIONES;R9;V13;16:10:00
e5918fbe;23/10/2025;12:38:00 p.ÿm.;24 ECOOELSA C.T.A - EMPRESA COOP. EL SANTUARIO C.T.A.;R9;V25;12:48:00
9fa490fe;3/09/2025;4:15:00 p.ÿm.;CD CENTRO DE DISTRIBUCIàN;R9;V6;16:43:00
a2e7c5a7;3/09/2025;4:16:00 p.ÿm.;P59 INVERSIONES AGRARIAS;R9;V13;16:28:00
76ce3396;3/09/2025;4:52:00 p.ÿm.;CD CENTRO DE DISTRIBUCIàN;R9;V13;17:19:00
11929520;3/09/2025;5:20:00 p.ÿm.;P08 MANUFACTURA ODIM S.A.S.;R9;V6;17:25:00
4dec7b8e;3/09/2025;5:31:00 p.ÿm.;CI CENTRO DE INTEGRACIàN;R1;V2;17:50:00
8b9534d8;3/09/2025;6:21:00 p.ÿm.;CD CENTRO DE DISTRIBUCIàN;R2;V20;18:26:00
f3ebd580;3/09/2025;6:10:00 p.ÿm.;CD CENTRO DE DISTRIBUCIàN;R9;V6;18:25:00
28cf8acb;4/09/2025;4:52:00 a.ÿm.;CI CENTRO DE INTEGRACIàN;R1;V2;4:55:00
efa004b5;4/09/2025;6:12:00 a.ÿm.;42 COOPIMAR - COOPERATIVA INDUSTRIAL MARINILLA C.T.A;R1;V2;7:30:00
aaeddf99;4/09/2025;6:25:00 a.ÿm.;CD CENTRO DE DISTRIBUCIàN;R9;V13;6:42:00
64ee71ad;4/09/2025;6:44:00 a.ÿm.;CI CENTRO DE INTEGRACIàN;R2;V20;6:51:00
0cc375b1;4/09/2025;6:51:00 a.ÿm.;CD CENTRO DE DISTRIBUCIàN;R9;V17;7:11:00
137ad7fb;4/09/2025;6:51:00 a.ÿm.;30 WAGNER COMMERCIAL GROUP (ANTES TINY MED);R2;V20;6:59:00
938a7bb2;4/09/2025;6:59:00 a.ÿm.;B9 DUNNINGTON CORPORATION (ANTES NOVAL);R2;V20;7:21:00
c5344ddb;4/09/2025;7:08:00 a.ÿm.;P42 ROJAS CONFECCIONES;R9;V13;7:23:00
8bff459a;4/09/2025;7:21:00 a.ÿm.;21 MANUFACTURA S.A.;R2;V20;7:51:00
4f4a6848;4/09/2025;7:32:00 a.ÿm.;36 INCOOMAR - INDUSTRIA COOPERATIVA DE MARINILLA;R1;V2;8:00:00
022cc696;4/09/2025;8:14:00 a.ÿm.;D2 IMATEX INDUSTRIA Y MANUFACTURAS TEXTILES S.A.S;R1;V2;8:32:00
3868e19b;4/09/2025;8:32:00 a.ÿm.;40 GRUPO CENIT S.A.S;R1;V2;8:39:00
b8fb203b;4/09/2025;8:38:00 a.ÿm.;B7 CREATEX FORMAS INTIMAS S.A.S.;R1;V2;8:48:00
785ff310;4/09/2025;8:44:00 a.ÿm.;A4 CONFECCIONES COOL FASHION S.A.S;R1;V2;8:49:00
0130834f;4/09/2025;7:12:00 a.ÿm.;42 COOPIMAR - COOPERATIVA INDUSTRIAL MARINILLA C.T.A;R9;V17;9:06:00
9c411780;4/09/2025;8:51:00 a.ÿm.;32 MANUFACTURAS GIRALDO ZULUAGA S.A.S.;R1;V2;9:05:00
a054839b;4/09/2025;9:18:00 a.ÿm.;24 ECOOELSA C.T.A - EMPRESA COOP. EL SANTUARIO C.T.A.;R1;V2;10:40:00
d083fc4a;4/09/2025;7:51:00 a.ÿm.;CI CENTRO DE INTEGRACIàN;R2;V20;10:50:00
948e91f6;4/09/2025;10:57:00 a.ÿm.;D4 IMAGEN TEXTIL J&S S.A.S;R1;V2;11:13:00
cf8f446f;4/09/2025;10:50:00 a.ÿm.;CD CENTRO DE DISTRIBUCIàN;R2;V20;11:46:00
bf31dc73;4/09/2025;11:14:00 a.ÿm.;69 COOMUNELSA C.T.A -COOPERATIVA MULT. COMUNITARIA EL SANTUARIO;R1;V2;12:06:00
20fc6398;4/09/2025;11:27:00 a.ÿm.;P09 FERMASA S.A.S.;R9;V13;11:45:00
212bb720;4/09/2025;11:55:00 a.ÿm.;L14 VYDA S.A.S.;R9;V6;11:58:00
9e164b91;4/09/2025;12:04:00 p.ÿm.;06 SODECON DE CONFECCION S.A.S;R1;V2;12:20:00
f33bda59;4/09/2025;12:07:00 p.ÿm.;39 CONFECCIONES ILUAMA S.A.S.;R1;V2;12:21:00
d7bafd0b;4/09/2025;12:07:00 p.ÿm.;D7 GRUPO ORIENTEX S.A.S;R1;V2;12:50:00
522e4db2;4/09/2025;12:14:00 p.ÿm.;P14 PRYM S.A.S.;R9;V6;12:20:00
49c4f52d;4/09/2025;12:41:00 p.ÿm.;REEMPAQUE RENACER;R9;V17;
ab261b9a;4/09/2025;12:49:00 p.ÿm.;13 ALIANZA CONAZZTEX S.A.S.;R1;V2;13:00:00
95339874;4/09/2025;12:49:00 p.ÿm.;46 CONFECCIONES CAVITEX S.A.S.;R1;V2;13:00:00
cb9c8b17;4/09/2025;12:50:00 p.ÿm.;56 CREACIONES MPM S.A.S.;R1;V2;13:01:00
5cd9a7aa;23/10/2025;12:38:00 p.ÿm.;P86 CREACIONES SARAI;R9;V25;12:49:00
736a47c8;23/10/2025;12:39:00 p.ÿm.;D7 GRUPO ORIENTEX S.A.S;R9;V25;12:49:00
55131a54;23/10/2025;12:39:00 p.ÿm.;46 CONFECCIONES CAVITEX S.A.S.;R9;V25;12:49:00
33b7f8b7;4/09/2025;1:26:00 p.ÿm.;P12 CONFECCIONES SELEMAR;R9;V13;13:35:00
696d0a2a;4/09/2025;12:35:00 p.ÿm.;L07 INVERSIONES TAMESCO S.A.S.;R9;V6;12:52:00
3820ee9e;4/09/2025;12:58:00 p.ÿm.;05 C.I. CONFECCIONES OLAS S.A;R9;V6;13:31:00
f71b47e8;4/09/2025;1:45:00 p.ÿm.;P61 MAQUILIFE S.A.S.;R9;V6;13:50:00
205ad304;4/09/2025;1:50:00 p.ÿm.;P67 MAQUIDIEZ S.A.S.;R9;V6;13:50:00
d8a3eb4e;23/10/2025;12:39:00 p.ÿm.;36 INCOOMAR - INDUSTRIA COOPERATIVA DE MARINILLA;R9;V25;12:50:00
edb4f5a7;23/10/2025;12:39:00 p.ÿm.;42 COOPIMAR - COOPERATIVA INDUSTRIAL MARINILLA C.T.A;R9;V25;12:50:00
b1483786;23/10/2025;12:40:00 p.ÿm.;CD CENTRO DE DISTRIBUCIàN;R9;V25;18:12:00
e6669154;4/09/2025;1:48:00 p.ÿm.;36 INCOOMAR - INDUSTRIA COOPERATIVA DE MARINILLA;R1;V2;14:03:00
9357e3cc;4/09/2025;1:52:00 p.ÿm.;D2 IMATEX INDUSTRIA Y MANUFACTURAS TEXTILES S.A.S;R1;V2;14:10:00
497b5889;4/09/2025;1:44:00 p.ÿm.;42 COOPIMAR - COOPERATIVA INDUSTRIAL MARINILLA C.T.A;R2;V20;14:23:00
68563522;4/09/2025;2:08:00 p.ÿm.;P54 MANUFACTURA VAMALI;R9;V6;14:16:00
ad043286;4/09/2025;2:15:00 p.ÿm.;P53 GISA SAS;R9;V13;14:25:00
b3ab920c;4/09/2025;2:23:00 p.ÿm.;72 COOPERATIVA MULTIACTIVA EL PE¥OL - COOMPAB;R2;V20;14:59:00
c3be8486;4/09/2025;2:24:00 p.ÿm.;P07 BAETEX SAS;R9;V6;14:30:00
19d24901;23/10/2025;12:40:00 p.ÿm.;REEMPAQUE RENACER;R9;V25;12:50:00
760dfdce;22/10/2025;3:19:00 p.ÿm.;32 MANUFACTURAS GIRALDO ZULUAGA S.A.S.;R9;V25;18:24:00
88ec4722;4/09/2025;2:44:00 p.ÿm.;P14 PRYM S.A.S.;R9;V13;14:58:00
c3f6e678;4/09/2025;2:46:00 p.ÿm.;P08 MANUFACTURA ODIM S.A.S.;R9;V6;14:50:00
002ba99d;4/09/2025;3:01:00 p.ÿm.;36 INCOOMAR - INDUSTRIA COOPERATIVA DE MARINILLA;R2;V20;15:13:00
4274c3bd;4/09/2025;3:04:00 p.ÿm.;CI CENTRO DE INTEGRACIàN;R9;V13;15:10:00
93b30b4f;4/09/2025;3:18:00 p.ÿm.;P85 CREACIONES VENETO SAS;R9;V13;15:21:00
55025bf7;4/09/2025;3:27:00 p.ÿm.;P05 MAQUILADORA DYA SAS;R9;V13;15:32:00
b5ed8d50;4/09/2025;3:29:00 p.ÿm.;CD CENTRO DE DISTRIBUCIàN;R1;V2;16:16:00
4cfaf197;4/09/2025;3:36:00 p.ÿm.;P42 ROJAS CONFECCIONES;R9;V13;15:41:00
a6016694;4/09/2025;3:55:00 p.ÿm.;P59 INVERSIONES AGRARIAS;R9;V13;16:02:00
ffffe5eb;4/09/2025;3:13:00 p.ÿm.;REEMPAQUE RENACER;R2;V20;16:03:00
ea2d3444;4/09/2025;3:45:00 p.ÿm.;L14 VYDA S.A.S.;R9;V6;15:52:00
ea623bee;4/09/2025;4:10:00 p.ÿm.;CD CENTRO DE DISTRIBUCIàN;R9;V6;16:30:00
cabb523a;4/09/2025;4:24:00 p.ÿm.;CD CENTRO DE DISTRIBUCIàN;R9;V13;16:38:00
bab4df10;4/09/2025;4:28:00 p.ÿm.;CI CENTRO DE INTEGRACIàN;R1;V2;16:40:00
e67f9f6a;4/09/2025;5:25:00 p.ÿm.;P07 BAETEX SAS;R9;V6;17:40:00
713bf66d;22/10/2025;4:34:00 p.ÿm.;36 INCOOMAR - INDUSTRIA COOPERATIVA DE MARINILLA;R9;V25;18:24:00
1d90f496;4/09/2025;4:03:00 p.ÿm.;CD CENTRO DE DISTRIBUCIàN;R2;V20;19:17:00
7f1aa9bc;5/09/2025;4:50:00 a.ÿm.;CI CENTRO DE INTEGRACIàN;R1;V2;4:53:00
08afbef3;5/09/2025;6:07:00 a.ÿm.;P42 ROJAS CONFECCIONES;R1;V2;6:59:00
edcff249;5/09/2025;6:57:00 a.ÿm.;43 CREACIONES JIREHMAR S.A.S.;R1;V2;7:02:00
826de773;5/09/2025;7:00:00 a.ÿm.;42 COOPIMAR - COOPERATIVA INDUSTRIAL MARINILLA C.T.A;R1;V2;7:05:00
81e51b9c;5/09/2025;7:03:00 a.ÿm.;36 INCOOMAR - INDUSTRIA COOPERATIVA DE MARINILLA;R1;V2;7:16:00
742d1642;5/09/2025;7:12:00 a.ÿm.;CD CENTRO DE DISTRIBUCIàN;R9;V13;7:21:00
6e48d9b8;5/09/2025;7:26:00 a.ÿm.;CI CENTRO DE INTEGRACIàN;R2;V20;7:44:00
e748c04b;5/09/2025;7:28:00 a.ÿm.;D2 IMATEX INDUSTRIA Y MANUFACTURAS TEXTILES S.A.S;R1;V2;7:48:00
6330d0f2;5/09/2025;7:44:00 a.ÿm.;30 WAGNER COMMERCIAL GROUP (ANTES TINY MED);R2;V20;7:48:00
56e28cba;5/09/2025;7:53:00 a.ÿm.;40 GRUPO CENIT S.A.S;R1;V2;8:02:00
0116d79b;5/09/2025;7:57:00 a.ÿm.;P01 S&VCONFECCIONES;R9;V13;8:15:00
f1746656;5/09/2025;7:48:00 a.ÿm.;CI CENTRO DE INTEGRACIàN;R2;V20;8:08:00
0c9c2399;5/09/2025;8:04:00 a.ÿm.;B7 CREATEX FORMAS INTIMAS S.A.S.;R1;V2;8:09:00
8a675269;5/09/2025;8:06:00 a.ÿm.;B3 MODATEX CONFECCIONES JFC S.A.S.;R1;V2;8:10:00
60caa9f4;5/09/2025;8:08:00 a.ÿm.;B9 DUNNINGTON CORPORATION (ANTES NOVAL);R2;V20;8:11:00
6ae41da0;5/09/2025;8:12:00 a.ÿm.;LS LESENSUEL;R2;V20;8:29:00
1f797693;5/09/2025;8:15:00 a.ÿm.;32 MANUFACTURAS GIRALDO ZULUAGA S.A.S.;R1;V2;8:41:00
014b6374;5/09/2025;8:30:00 a.ÿm.;30 WAGNER COMMERCIAL GROUP (ANTES TINY MED);R2;V20;8:33:00
8e6f7752;5/09/2025;8:34:00 a.ÿm.;21 MANUFACTURA S.A.;R2;V20;8:52:00
5b0b6b2b;5/09/2025;8:55:00 a.ÿm.;CD CENTRO DE DISTRIBUCIàN;R9;V13;9:11:00
b0e26772;5/09/2025;9:21:00 a.ÿm.;P85 CREACIONES VENETO SAS;R9;V13;9:30:00
bf1190ab;5/09/2025;9:39:00 a.ÿm.;D4 IMAGEN TEXTIL J&S S.A.S;R1;V2;10:08:00
087723cb;5/09/2025;9:48:00 a.ÿm.;D4 IMAGEN TEXTIL J&S S.A.S;R1;V2;10:45:00
61a9849e;5/09/2025;10:07:00 a.ÿm.;69 COOMUNELSA C.T.A -COOPERATIVA MULT. COMUNITARIA EL SANTUARIO;R1;V2;10:59:00
9ec0c685;5/09/2025;10:28:00 a.ÿm.;CI CENTRO DE INTEGRACIàN;R2;V20;10:47:00
99986026;5/09/2025;10:59:00 a.ÿm.;24 ECOOELSA C.T.A - EMPRESA COOP. EL SANTUARIO C.T.A.;R1;V2;11:42:00
c31bda62;5/09/2025;11:27:00 a.ÿm.;P09 FERMASA S.A.S.;R9;V13;11:43:00
37272d65;5/09/2025;10:47:00 a.ÿm.;CD CENTRO DE DISTRIBUCIàN;R2;V20;11:42:00
3289849b;5/09/2025;11:43:00 a.ÿm.;06 SODECON DE CONFECCION S.A.S;R1;V2;12:04:00
322cfe7f;5/09/2025;11:44:00 a.ÿm.;39 CONFECCIONES ILUAMA S.A.S.;R1;V2;12:05:00
124659ea;5/09/2025;11:45:00 a.ÿm.;D7 GRUPO ORIENTEX S.A.S;R1;V2;12:06:00
8897b4a9;5/09/2025;12:05:00 p.ÿm.;CD CENTRO DE DISTRIBUCIàN;R9;V6;12:15:00
11012766;5/09/2025;12:08:00 p.ÿm.;13 ALIANZA CONAZZTEX S.A.S.;R1;V2;12:37:00
01a3a075;5/09/2025;12:09:00 p.ÿm.;56 CREACIONES MPM S.A.S.;R1;V2;12:25:00
0a2c7f57;5/09/2025;12:19:00 p.ÿm.;46 CONFECCIONES CAVITEX S.A.S.;R1;V2;12:38:00
0fe52bb2;5/09/2025;12:34:00 p.ÿm.;P07 BAETEX SAS;R9;V6;14:46:00
d4df6421;5/09/2025;12:34:00 p.ÿm.;L07 INVERSIONES TAMESCO S.A.S.;R9;V6;12:45:00
7b651f62;5/09/2025;12:51:00 p.ÿm.;05 C.I. CONFECCIONES OLAS S.A;R9;V6;13:20:00
06419ccb;5/09/2025;12:50:00 p.ÿm.;36 INCOOMAR - INDUSTRIA COOPERATIVA DE MARINILLA;R1;V2;13:18:00
eede428a;5/09/2025;1:28:00 p.ÿm.;P12 CONFECCIONES SELEMAR;R9;V13;13:39:00
0947249b;5/09/2025;1:33:00 p.ÿm.;D2 IMATEX INDUSTRIA Y MANUFACTURAS TEXTILES S.A.S;R1;V2;13:50:00
628f5fe4;5/09/2025;1:28:00 p.ÿm.;P61 MAQUILIFE S.A.S.;R9;V6;13:33:00
3aca489b;5/09/2025;1:33:00 p.ÿm.;P67 MAQUIDIEZ S.A.S.;R9;V6;13:42:00
a40b0ef0;5/09/2025;1:56:00 p.ÿm.;P53 GISA SAS;R9;V13;14:05:00
ac985feb;5/09/2025;2:28:00 p.ÿm.;P54 MANUFACTURA VAMALI;R9;V6;14:33:00
8a9a74ca;5/09/2025;2:29:00 p.ÿm.;P14 PRYM S.A.S.;R9;V13;14:45:00
d6a05593;5/09/2025;11:42:00 a.ÿm.;42 COOPIMAR - COOPERATIVA INDUSTRIAL MARINILLA C.T.A;R2;V20;14:56:00
411d5800;5/09/2025;2:52:00 p.ÿm.;P85 CREACIONES VENETO SAS;R9;V13;15:07:00
d11427bc;5/09/2025;2:56:00 p.ÿm.;72 COOPERATIVA MULTIACTIVA EL PE¥OL - COOMPAB;R2;V20;15:40:00
8ce7d12c;5/09/2025;3:06:00 p.ÿm.;P08 MANUFACTURA ODIM S.A.S.;R9;V6;15:10:00
5994e86e;5/09/2025;3:06:00 p.ÿm.;CD CENTRO DE DISTRIBUCIàN;R1;V2;16:15:00
2c90d0d6;5/09/2025;3:24:00 p.ÿm.;P42 ROJAS CONFECCIONES;R9;V13;15:25:00
c5b1d955;5/09/2025;3:36:00 p.ÿm.;P05 MAQUILADORA DYA SAS;R9;V13;16:40:00
f9edbd86;5/09/2025;3:40:00 p.ÿm.;86 COOP. TRAB. ASOCIAD. CRECER Y CREAR;R2;V20;15:49:00
4e999dd8;5/09/2025;3:45:00 p.ÿm.;CD CENTRO DE DISTRIBUCIàN;R9;V6;16:50:00
2da8b991;5/09/2025;3:58:00 p.ÿm.;36 INCOOMAR - INDUSTRIA COOPERATIVA DE MARINILLA;R2;V20;16:16:00
f63cc224;5/09/2025;3:45:00 p.ÿm.;P01 S&VCONFECCIONES;R9;V13;15:55:00
cc97c54a;5/09/2025;4:32:00 p.ÿm.;CI CENTRO DE INTEGRACIàN;R1;V2;16:50:00
11bd7a0c;5/09/2025;4:37:00 p.ÿm.;CD CENTRO DE DISTRIBUCIàN;R9;V13;16:55:00
3438490a;5/09/2025;6:49:00 p.ÿm.;CD CENTRO DE DISTRIBUCIàN;R2;V20;
c1c8824c;6/09/2025;4:47:00 a.ÿm.;CI CENTRO DE INTEGRACIàN;R1;V2;4:51:00
19e918b5;6/09/2025;6:44:00 a.ÿm.;42 COOPIMAR - COOPERATIVA INDUSTRIAL MARINILLA C.T.A;R1;V2;7:31:00
f84ecbc9;6/09/2025;7:06:00 a.ÿm.;CI CENTRO DE INTEGRACIàN;R2;V20;7:17:00
658d12b4;22/10/2025;4:34:00 p.ÿm.;69 COOMUNELSA C.T.A -COOPERATIVA MULT. COMUNITARIA EL SANTUARIO;R9;V25;18:25:00
5e39b222;6/09/2025;7:17:00 a.ÿm.;B9 DUNNINGTON CORPORATION (ANTES NOVAL);R2;V20;7:39:00
83e408ad;6/09/2025;7:39:00 a.ÿm.;LS LESENSUEL;R2;V20;7:56:00
e5b21b5e;6/09/2025;7:56:00 a.ÿm.;30 WAGNER COMMERCIAL GROUP (ANTES TINY MED);R2;V20;8:08:00
b4b81af9;6/09/2025;7:59:00 a.ÿm.;D2 IMATEX INDUSTRIA Y MANUFACTURAS TEXTILES S.A.S;R1;V2;8:28:00
52d46ad4;6/09/2025;8:17:00 a.ÿm.;36 INCOOMAR - INDUSTRIA COOPERATIVA DE MARINILLA;R1;V2;8:32:00
9437c637;6/09/2025;8:33:00 a.ÿm.;B7 CREATEX FORMAS INTIMAS S.A.S.;R1;V2;8:42:00
75a64053;6/09/2025;8:39:00 a.ÿm.;B3 MODATEX CONFECCIONES JFC S.A.S.;R1;V2;8:43:00
416fa1c4;6/09/2025;8:44:00 a.ÿm.;32 MANUFACTURAS GIRALDO ZULUAGA S.A.S.;R1;V2;8:53:00
0d4fd180;6/09/2025;8:50:00 a.ÿm.;CD CENTRO DE DISTRIBUCIàN;R9;V6;8:55:00
af04b3fc;6/09/2025;9:16:00 a.ÿm.;24 ECOOELSA C.T.A - EMPRESA COOP. EL SANTUARIO C.T.A.;R1;V2;10:29:00
76d2ab97;22/10/2025;4:34:00 p.ÿm.;24 ECOOELSA C.T.A - EMPRESA COOP. EL SANTUARIO C.T.A.;R9;V25;18:25:00
f72a271f;22/10/2025;4:34:00 p.ÿm.;P86 CREACIONES SARAI;R9;V25;18:25:00
d4c0b7a1;22/10/2025;4:35:00 p.ÿm.;D7 GRUPO ORIENTEX S.A.S;R9;V25;18:26:00
d2fcc3ac;22/10/2025;4:35:00 p.ÿm.;46 CONFECCIONES CAVITEX S.A.S.;R9;V25;18:26:00
e26afc54;6/09/2025;10:20:00 a.ÿm.;L07 INVERSIONES TAMESCO S.A.S.;R9;V6;9:45:00
386091b1;6/09/2025;10:22:00 a.ÿm.;D4 IMAGEN TEXTIL J&S S.A.S;R1;V2;10:37:00
7a2abe56;6/09/2025;9:50:00 a.ÿm.;05 C.I. CONFECCIONES OLAS S.A;R9;V6;10:42:00
0ec30f7f;22/10/2025;4:35:00 p.ÿm.;42 COOPIMAR - COOPERATIVA INDUSTRIAL MARINILLA C.T.A;R9;V25;18:26:00
06ba71e1;6/09/2025;8:08:00 a.ÿm.;CI CENTRO DE INTEGRACIàN;R2;V20;10:44:00
6c87be07;6/09/2025;10:37:00 a.ÿm.;69 COOMUNELSA C.T.A -COOPERATIVA MULT. COMUNITARIA EL SANTUARIO;R1;V2;11:29:00
3b1a18e4;6/09/2025;10:29:00 a.ÿm.;P09 FERMASA S.A.S.;R9;V13;
f3b3855c;6/09/2025;11:00:00 a.ÿm.;P54 MANUFACTURA VAMALI;R9;V6;11:06:00
a68fba39;6/09/2025;11:16:00 a.ÿm.;P07 BAETEX SAS;R9;V6;11:25:00
52d5e30e;6/09/2025;11:17:00 a.ÿm.;CD CENTRO DE DISTRIBUCIàN;R2;V20;11:27:00
b94428b4;6/09/2025;11:27:00 a.ÿm.;06 SODECON DE CONFECCION S.A.S;R1;V2;11:41:00
c095bbc9;6/09/2025;11:29:00 a.ÿm.;39 CONFECCIONES ILUAMA S.A.S.;R1;V2;11:44:00
57edef14;6/09/2025;11:47:00 a.ÿm.;P08 MANUFACTURA ODIM S.A.S.;R9;V6;11:53:00
871f67b7;6/09/2025;11:44:00 a.ÿm.;13 ALIANZA CONAZZTEX S.A.S.;R1;V2;12:00:00
19d5179d;6/09/2025;11:45:00 a.ÿm.;47 INDUSTRIAS MATEX S.A.S.;R1;V2;11:58:00
5eeb5d42;6/09/2025;11:52:00 a.ÿm.;46 CONFECCIONES CAVITEX S.A.S.;R1;V2;12:04:00
f48c73f4;6/09/2025;11:54:00 a.ÿm.;56 CREACIONES MPM S.A.S.;R1;V2;12:11:00
34424b49;6/09/2025;12:12:00 p.ÿm.;24 ECOOELSA C.T.A - EMPRESA COOP. EL SANTUARIO C.T.A.;R1;V2;12:43:00
5321ad6f;6/09/2025;12:51:00 p.ÿm.;CD CENTRO DE DISTRIBUCIàN;R9;V6;13:15:00
c975e9b7;6/09/2025;1:10:00 p.ÿm.;D2 IMATEX INDUSTRIA Y MANUFACTURAS TEXTILES S.A.S;R1;V2;13:32:00
70bdf6f5;6/09/2025;1:50:00 p.ÿm.;42 COOPIMAR - COOPERATIVA INDUSTRIAL MARINILLA C.T.A;R2;V20;14:34:00
8d06d764;6/09/2025;2:35:00 p.ÿm.;86 COOP. TRAB. ASOCIAD. CRECER Y CREAR;R2;V20;14:58:00
fe0bda54;6/09/2025;2:59:00 p.ÿm.;42 COOPIMAR - COOPERATIVA INDUSTRIAL MARINILLA C.T.A;R2;V20;16:00:00
08cd4d88;6/09/2025;3:19:00 p.ÿm.;CD CENTRO DE DISTRIBUCIàN;R1;V2;16:06:00
e8f38a8b;6/09/2025;4:00:00 p.ÿm.;36 INCOOMAR - INDUSTRIA COOPERATIVA DE MARINILLA;R2;V20;16:04:00
0a98cf06;6/09/2025;4:05:00 p.ÿm.;REEMPAQUE RENACER;R2;V20;16:09:00
c6c344f7;6/09/2025;4:15:00 p.ÿm.;CI CENTRO DE INTEGRACIàN;R1;V2;16:31:00
b453e2ff;6/09/2025;4:09:00 p.ÿm.;CD CENTRO DE DISTRIBUCIàN;R2;V20;17:43:00
c72bd22e;8/09/2025;4:56:00 a.ÿm.;CI CENTRO DE INTEGRACIàN;R1;V2;5:03:00
29ec6299;8/09/2025;6:09:00 a.ÿm.;42 COOPIMAR - COOPERATIVA INDUSTRIAL MARINILLA C.T.A;R1;V2;7:02:00
3e86b4f6;8/09/2025;6:50:00 a.ÿm.;CI CENTRO DE INTEGRACIàN;R2;V20;7:03:00
0cff0ada;8/09/2025;7:03:00 a.ÿm.;30 WAGNER COMMERCIAL GROUP (ANTES TINY MED);R2;V20;7:07:00
136bf56b;8/09/2025;7:07:00 a.ÿm.;B9 DUNNINGTON CORPORATION (ANTES NOVAL);R2;V20;7:31:00
91512f0f;8/09/2025;7:11:00 a.ÿm.;36 INCOOMAR - INDUSTRIA COOPERATIVA DE MARINILLA;R1;V2;7:37:00
8ee14e09;8/09/2025;7:49:00 a.ÿm.;40 GRUPO CENIT S.A.S;R1;V2;7:54:00
43d5b220;8/09/2025;7:55:00 a.ÿm.;B7 CREATEX FORMAS INTIMAS S.A.S.;R1;V2;8:14:00
1363025b;8/09/2025;7:55:00 a.ÿm.;B3 MODATEX CONFECCIONES JFC S.A.S.;R1;V2;8:14:00
5661b946;8/09/2025;7:32:00 a.ÿm.;21 MANUFACTURA S.A.;R2;V20;10:02:00
1217774d;8/09/2025;8:15:00 a.ÿm.;A4 CONFECCIONES COOL FASHION S.A.S;R1;V2;8:20:00
170abc35;8/09/2025;8:24:00 a.ÿm.;32 MANUFACTURAS GIRALDO ZULUAGA S.A.S.;R1;V2;8:35:00
d857946e;8/09/2025;8:43:00 a.ÿm.;TE TELAS Y ENCAJES;R9;V6;9:30:00
5919824d;8/09/2025;8:48:00 a.ÿm.;24 ECOOELSA C.T.A - EMPRESA COOP. EL SANTUARIO C.T.A.;R1;V2;10:13:00
a99564eb;8/09/2025;9:54:00 a.ÿm.;CI CENTRO DE INTEGRACIàN;R2;V20;10:07:00
42585cc9;8/09/2025;10:07:00 a.ÿm.;CD CENTRO DE DISTRIBUCIàN;R2;V20;10:58:00
287a236c;8/09/2025;10:14:00 a.ÿm.;D4 IMAGEN TEXTIL J&S S.A.S;R1;V2;10:32:00
32bae012;8/09/2025;10:34:00 a.ÿm.;69 COOMUNELSA C.T.A -COOPERATIVA MULT. COMUNITARIA EL SANTUARIO;R1;V2;11:19:00
ddf240d3;8/09/2025;11:19:00 a.ÿm.;06 SODECON DE CONFECCION S.A.S;R1;V2;11:33:00
77257b0e;8/09/2025;11:20:00 a.ÿm.;39 CONFECCIONES ILUAMA S.A.S.;R1;V2;11:34:00
7d1633d6;8/09/2025;11:20:00 a.ÿm.;D7 GRUPO ORIENTEX S.A.S;R1;V2;11:38:00
6f10e89c;8/09/2025;11:35:00 a.ÿm.;13 ALIANZA CONAZZTEX S.A.S.;R1;V2;11:56:00
939d43e6;8/09/2025;11:38:00 a.ÿm.;46 CONFECCIONES CAVITEX S.A.S.;R1;V2;11:57:00
0bbadd67;8/09/2025;11:50:00 a.ÿm.;CD CENTRO DE DISTRIBUCIàN;R9;V6;11:55:00
6017b26b;8/09/2025;11:58:00 a.ÿm.;56 CREACIONES MPM S.A.S.;R1;V2;12:25:00
286f3fa5;8/09/2025;12:17:00 p.ÿm.;L07 INVERSIONES TAMESCO S.A.S.;R9;V6;12:30:00
f0a3f8c8;8/09/2025;12:09:00 p.ÿm.;42 COOPIMAR - COOPERATIVA INDUSTRIAL MARINILLA C.T.A;R2;V20;12:36:00
dce37a4d;8/09/2025;12:35:00 p.ÿm.;05 C.I. CONFECCIONES OLAS S.A;R9;V6;13:20:00
7dd5025d;8/09/2025;12:36:00 p.ÿm.;36 INCOOMAR - INDUSTRIA COOPERATIVA DE MARINILLA;R2;V20;13:39:00
36abb501;22/10/2025;6:21:00 p.ÿm.;CD CENTRO DE DISTRIBUCIàN;R9;V25;18:27:00
bef4d8a6;8/09/2025;1:00:00 p.ÿm.;D2 IMATEX INDUSTRIA Y MANUFACTURAS TEXTILES S.A.S;R1;V2;13:29:00
6dbfdb71;21/10/2025;9:55:00 a.ÿm.;32 MANUFACTURAS GIRALDO ZULUAGA S.A.S.;R9;V25;13:53:00
f86d56b2;21/10/2025;1:43:00 p.ÿm.;69 COOMUNELSA C.T.A -COOPERATIVA MULT. COMUNITARIA EL SANTUARIO;R9;V25;13:53:00
7a691c3a;21/10/2025;1:43:00 p.ÿm.;24 ECOOELSA C.T.A - EMPRESA COOP. EL SANTUARIO C.T.A.;R9;V25;13:53:00
aad54ad6;21/10/2025;1:44:00 p.ÿm.;P86 CREACIONES SARAI;R9;V25;13:54:00
412cdcc0;8/09/2025;1:15:00 p.ÿm.;P12 CONFECCIONES SELEMAR;R9;V13;13:33:00
67164e9a;21/10/2025;1:44:00 p.ÿm.;D7 GRUPO ORIENTEX S.A.S;R9;V25;13:54:00
af7708f2;8/09/2025;1:39:00 p.ÿm.;72 COOPERATIVA MULTIACTIVA EL PE¥OL - COOMPAB;R2;V20;13:49:00
dd4857b5;8/09/2025;1:33:00 p.ÿm.;P61 MAQUILIFE S.A.S.;R9;V6;13:40:00
88b8861e;8/09/2025;1:40:00 p.ÿm.;P67 MAQUIDIEZ S.A.S.;R9;V6;14:00:00
1fc1c9de;8/09/2025;1:49:00 p.ÿm.;86 COOP. TRAB. ASOCIAD. CRECER Y CREAR;R2;V20;13:57:00
66708736;21/10/2025;1:44:00 p.ÿm.;46 CONFECCIONES CAVITEX S.A.S.;R9;V25;13:54:00
553779f3;21/10/2025;1:44:00 p.ÿm.;36 INCOOMAR - INDUSTRIA COOPERATIVA DE MARINILLA;R9;V25;13:55:00
5671ae4e;8/09/2025;2:00:00 p.ÿm.;P53 GISA SAS;R9;V13;14:18:00
98928f6d;8/09/2025;2:29:00 p.ÿm.;REEMPAQUE RENACER;R2;V20;14:36:00
f5c85098;8/09/2025;2:34:00 p.ÿm.;P85 CREACIONES VENETO SAS;R9;V13;14:40:00
bc23c333;8/09/2025;2:29:00 p.ÿm.;P46 MERAKI;R9;V6;14:41:00
20270612;8/09/2025;3:00:00 p.ÿm.;P54 MANUFACTURA VAMALI;R9;V6;15:05:00
216b6522;8/09/2025;3:13:00 p.ÿm.;CD CENTRO DE DISTRIBUCIàN;R1;V2;15:52:00
1d047814;8/09/2025;3:13:00 p.ÿm.;P07 BAETEX SAS;R9;V6;15:32:00
029c1b3b;8/09/2025;3:22:00 p.ÿm.;P05 MAQUILADORA DYA SAS;R9;V13;15:40:00
3fa97843;8/09/2025;3:33:00 p.ÿm.;P01 S&VCONFECCIONES;R9;V13;15:45:00
0b829aa8;21/10/2025;1:45:00 p.ÿm.;42 COOPIMAR - COOPERATIVA INDUSTRIAL MARINILLA C.T.A;R9;V25;13:55:00
947bcbd6;8/09/2025;4:00:00 p.ÿm.;P08 MANUFACTURA ODIM S.A.S.;R9;V6;16:05:00
7467914b;8/09/2025;4:02:00 p.ÿm.;CI CENTRO DE INTEGRACIàN;R1;V2;16:12:00
27df6d3f;8/09/2025;4:02:00 p.ÿm.;CD CENTRO DE DISTRIBUCIàN;R9;V13;17:04:00
afdf157b;8/09/2025;4:35:00 p.ÿm.;P14 PRYM S.A.S.;R9;V6;16:40:00
1df12614;8/09/2025;4:55:00 p.ÿm.;CD CENTRO DE DISTRIBUCIàN;R9;V6;17:40:00
2bc0144b;8/09/2025;5:10:00 p.ÿm.;CD CENTRO DE DISTRIBUCIàN;R2;V20;17:17:00
418f89c7;8/09/2025;6:01:00 p.ÿm.;05 C.I. CONFECCIONES OLAS S.A;R9;V6;18:10:00
f12c71c1;8/09/2025;6:05:00 p.ÿm.;05 C.I. CONFECCIONES OLAS S.A;R9;V6;
37bbacd8;9/09/2025;4:43:00 a.ÿm.;CI CENTRO DE INTEGRACIàN;R1;V2;4:54:00
58e0721a;9/09/2025;6:05:00 a.ÿm.;42 COOPIMAR - COOPERATIVA INDUSTRIAL MARINILLA C.T.A;R1;V2;6:45:00
ed46c3fe;9/09/2025;6:45:00 a.ÿm.;CD CENTRO DE DISTRIBUCIàN;R9;V13;7:11:00
da02234b;9/09/2025;6:48:00 a.ÿm.;CI CENTRO DE INTEGRACIàN;R2;V20;7:29:00
5741aaf6;9/09/2025;6:56:00 a.ÿm.;D2 IMATEX INDUSTRIA Y MANUFACTURAS TEXTILES S.A.S;R1;V2;7:37:00
1c17328b;9/09/2025;7:39:00 a.ÿm.;36 INCOOMAR - INDUSTRIA COOPERATIVA DE MARINILLA;R1;V2;7:43:00
fdbfaacb;9/09/2025;7:40:00 a.ÿm.;P01 S&VCONFECCIONES;R9;V13;8:01:00
de7a2575;9/09/2025;7:56:00 a.ÿm.;40 GRUPO CENIT S.A.S;R1;V2;8:10:00
167d20fa;9/09/2025;7:29:00 a.ÿm.;B9 DUNNINGTON CORPORATION (ANTES NOVAL);R2;V20;8:03:00
d29113e2;9/09/2025;8:02:00 a.ÿm.;B7 CREATEX FORMAS INTIMAS S.A.S.;R1;V2;8:13:00
175cf520;9/09/2025;8:03:00 a.ÿm.;LS LESENSUEL;R2;V20;8:09:00
38e614f3;9/09/2025;8:03:00 a.ÿm.;B3 MODATEX CONFECCIONES JFC S.A.S.;R1;V2;8:24:00
2380b3fc;9/09/2025;8:12:00 a.ÿm.;P85 CREACIONES VENETO SAS;R9;V13;8:17:00
47b316c3;9/09/2025;8:13:00 a.ÿm.;A4 CONFECCIONES COOL FASHION S.A.S;R1;V2;8:37:00
e98735cd;9/09/2025;8:45:00 a.ÿm.;32 MANUFACTURAS GIRALDO ZULUAGA S.A.S.;R1;V2;8:53:00
cf201620;9/09/2025;8:53:00 a.ÿm.;CI CENTRO DE INTEGRACIàN;R2;V20;9:00:00
e91afb24;9/09/2025;9:00:00 a.ÿm.;30 WAGNER COMMERCIAL GROUP (ANTES TINY MED);R2;V20;9:07:00
5f049718;9/09/2025;9:07:00 a.ÿm.;21 MANUFACTURA S.A.;R2;V20;9:18:00
fd8219f7;9/09/2025;9:19:00 a.ÿm.;24 ECOOELSA C.T.A - EMPRESA COOP. EL SANTUARIO C.T.A.;R1;V2;10:14:00
3bf9218f;9/09/2025;10:06:00 a.ÿm.;D4 IMAGEN TEXTIL J&S S.A.S;R1;V2;10:20:00
094eb12a;9/09/2025;10:34:00 a.ÿm.;69 COOMUNELSA C.T.A -COOPERATIVA MULT. COMUNITARIA EL SANTUARIO;R1;V2;11:12:00
3be57a65;9/09/2025;10:55:00 a.ÿm.;CI CENTRO DE INTEGRACIàN;R2;V20;11:21:00
4ab74a49;9/09/2025;11:14:00 a.ÿm.;P09 FERMASA S.A.S.;R9;V13;11:49:00
81e7432e;9/09/2025;11:15:00 a.ÿm.;06 SODECON DE CONFECCION S.A.S;R1;V2;11:40:00
815cb0a0;9/09/2025;11:16:00 a.ÿm.;39 CONFECCIONES ILUAMA S.A.S.;R1;V2;11:41:00
94808c6b;9/09/2025;11:17:00 a.ÿm.;D7 GRUPO ORIENTEX S.A.S;R1;V2;11:50:00
cf773258;9/09/2025;11:21:00 a.ÿm.;CD CENTRO DE DISTRIBUCIàN;R2;V20;11:31:00
4a1518a0;9/09/2025;11:50:00 a.ÿm.;13 ALIANZA CONAZZTEX S.A.S.;R1;V2;12:06:00
151c11f7;9/09/2025;11:51:00 a.ÿm.;46 CONFECCIONES CAVITEX S.A.S.;R1;V2;12:07:00
d99be1b0;21/10/2025;1:45:00 p.ÿm.;CD CENTRO DE DISTRIBUCIàN;R9;V25;
71748506;20/10/2025;2:43:00 p.ÿm.;32 MANUFACTURAS GIRALDO ZULUAGA S.A.S.;R9;V25;14:53:00
fd7ba8f9;9/09/2025;12:09:00 p.ÿm.;56 CREACIONES MPM S.A.S.;R1;V2;12:25:00
6266887c;9/09/2025;12:32:00 p.ÿm.;24 ECOOELSA C.T.A - EMPRESA COOP. EL SANTUARIO C.T.A.;R1;V2;13:14:00
6a844289;20/10/2025;2:44:00 p.ÿm.;69 COOMUNELSA C.T.A -COOPERATIVA MULT. COMUNITARIA EL SANTUARIO;R9;V25;14:53:00
f91fcca6;20/10/2025;2:44:00 p.ÿm.;24 ECOOELSA C.T.A - EMPRESA COOP. EL SANTUARIO C.T.A.;R9;V25;14:53:00
6fd89f2b;20/10/2025;2:44:00 p.ÿm.;P86 CREACIONES SARAI;R9;V25;14:54:00
b9b02132;9/09/2025;1:10:00 p.ÿm.;CD CENTRO DE DISTRIBUCIàN;R9;V6;13:15:00
7a3a3d2e;9/09/2025;1:18:00 p.ÿm.;P12 CONFECCIONES SELEMAR;R9;V13;13:34:00
ec465793;9/09/2025;1:21:00 p.ÿm.;P14 PRYM S.A.S.;R9;V6;13:25:00
c99e0e56;9/09/2025;1:35:00 p.ÿm.;L07 INVERSIONES TAMESCO S.A.S.;R9;V6;13:42:00
61b7f9ed;20/10/2025;2:44:00 p.ÿm.;D7 GRUPO ORIENTEX S.A.S;R9;V25;14:54:00
4151d424;9/09/2025;1:47:00 p.ÿm.;05 C.I. CONFECCIONES OLAS S.A;R9;V6;14:08:00
8a01eea5;20/10/2025;2:45:00 p.ÿm.;46 CONFECCIONES CAVITEX S.A.S.;R9;V25;14:55:00
a0f2041a;9/09/2025;2:00:00 p.ÿm.;P53 GISA SAS;R9;V13;14:20:00
ae882659;9/09/2025;11:31:00 a.ÿm.;42 COOPIMAR - COOPERATIVA INDUSTRIAL MARINILLA C.T.A;R2;V20;14:21:00
a0a754f9;9/09/2025;2:15:00 p.ÿm.;D2 IMATEX INDUSTRIA Y MANUFACTURAS TEXTILES S.A.S;R1;V2;14:35:00
99f65ffb;9/09/2025;2:22:00 p.ÿm.;72 COOPERATIVA MULTIACTIVA EL PE¥OL - COOMPAB;R2;V20;15:09:00
065898a8;9/09/2025;2:18:00 p.ÿm.;P67 MAQUIDIEZ S.A.S.;R9;V6;14:28:00
e8625f5d;9/09/2025;2:28:00 p.ÿm.;P61 MAQUILIFE S.A.S.;R9;V6;14:33:00
47ba2ff3;9/09/2025;2:30:00 p.ÿm.;P85 CREACIONES VENETO SAS;R9;V13;14:40:00
cf082318;9/09/2025;2:40:00 p.ÿm.;42 COOPIMAR - COOPERATIVA INDUSTRIAL MARINILLA C.T.A;R1;V2;14:56:00
da24a514;9/09/2025;2:50:00 p.ÿm.;P46 MERAKI;R9;V6;14:55:00
680df897;9/09/2025;2:58:00 p.ÿm.;P05 MAQUILADORA DYA SAS;R9;V13;15:06:00
b3807e6f;20/10/2025;2:45:00 p.ÿm.;36 INCOOMAR - INDUSTRIA COOPERATIVA DE MARINILLA;R9;V25;14:55:00
51dc0d17;9/09/2025;3:10:00 p.ÿm.;P54 MANUFACTURA VAMALI;R9;V6;15:15:00
26efa97b;9/09/2025;3:09:00 p.ÿm.;86 COOP. TRAB. ASOCIAD. CRECER Y CREAR;R2;V20;15:23:00
b55c02b5;9/09/2025;3:15:00 p.ÿm.;P42 ROJAS CONFECCIONES;R9;V13;15:20:00
e9606826;9/09/2025;3:23:00 p.ÿm.;36 INCOOMAR - INDUSTRIA COOPERATIVA DE MARINILLA;R2;V20;16:06:00
508c5de4;9/09/2025;3:29:00 p.ÿm.;P01 S&VCONFECCIONES;R9;V13;15:30:00
16fad363;9/09/2025;3:20:00 p.ÿm.;P07 BAETEX SAS;R9;V6;15:25:00
a2bf8511;9/09/2025;3:40:00 p.ÿm.;CD CENTRO DE DISTRIBUCIàN;R9;V6;16:10:00
4e8191d3;9/09/2025;3:40:00 p.ÿm.;CD CENTRO DE DISTRIBUCIàN;R9;V13;15:56:00
2ad0594f;9/09/2025;4:07:00 p.ÿm.;REEMPAQUE RENACER;R2;V20;16:10:00
28ddf147;9/09/2025;4:17:00 p.ÿm.;CD CENTRO DE DISTRIBUCIàN;R1;V2;16:55:00
0b1d1208;9/09/2025;3:40:00 p.ÿm.;CD CENTRO DE DISTRIBUCIàN;R9;V6;16:10:00
1f55ed2a;9/09/2025;4:35:00 p.ÿm.;P08 MANUFACTURA ODIM S.A.S.;R9;V6;16:45:00
32c8f0ea;9/09/2025;4:56:00 p.ÿm.;CI CENTRO DE INTEGRACIàN;R1;V2;17:40:00
726f63de;9/09/2025;5:20:00 p.ÿm.;CD CENTRO DE DISTRIBUCIàN;R9;V6;17:36:00
2c4c838b;9/09/2025;6:45:00 p.ÿm.;CD CENTRO DE DISTRIBUCIàN;R2;V20;18:52:00
78a8a137;9/09/2025;6:20:00 p.ÿm.;P46 MERAKI;R9;V6;18:30:00
f256f74a;10/09/2025;4:53:00 a.ÿm.;CI CENTRO DE INTEGRACIàN;R1;V2;5:00:00
503abf21;10/09/2025;6:01:00 a.ÿm.;42 COOPIMAR - COOPERATIVA INDUSTRIAL MARINILLA C.T.A;R1;V2;6:43:00
4b656430;10/09/2025;6:52:00 a.ÿm.;36 INCOOMAR - INDUSTRIA COOPERATIVA DE MARINILLA;R1;V2;7:20:00
fdff3ad2;10/09/2025;6:58:00 a.ÿm.;CI CENTRO DE INTEGRACIàN;R2;V20;7:08:00
892b0fcb;10/09/2025;7:08:00 a.ÿm.;30 WAGNER COMMERCIAL GROUP (ANTES TINY MED);R2;V20;7:20:00
f481a295;10/09/2025;7:20:00 a.ÿm.;B9 DUNNINGTON CORPORATION (ANTES NOVAL);R2;V20;7:53:00
f0177fd2;10/09/2025;7:39:00 a.ÿm.;D2 IMATEX INDUSTRIA Y MANUFACTURAS TEXTILES S.A.S;R1;V2;7:53:00
df8f5b4c;10/09/2025;7:53:00 a.ÿm.;LS LESENSUEL;R2;V20;8:02:00
2aec43b5;10/09/2025;8:02:00 a.ÿm.;21 MANUFACTURA S.A.;R2;V20;8:27:00
90cd1da2;10/09/2025;8:04:00 a.ÿm.;40 GRUPO CENIT S.A.S;R1;V2;8:31:00
846ac3c4;10/09/2025;8:18:00 a.ÿm.;B7 CREATEX FORMAS INTIMAS S.A.S.;R1;V2;8:32:00
96d44fd0;10/09/2025;8:18:00 a.ÿm.;B3 MODATEX CONFECCIONES JFC S.A.S.;R1;V2;8:33:00
a5ba63f4;10/09/2025;8:37:00 a.ÿm.;32 MANUFACTURAS GIRALDO ZULUAGA S.A.S.;R1;V2;8:45:00
adfcbc46;10/09/2025;9:05:00 a.ÿm.;24 ECOOELSA C.T.A - EMPRESA COOP. EL SANTUARIO C.T.A.;R1;V2;10:57:00
08b29edd;10/09/2025;8:22:00 a.ÿm.;CD CENTRO DE DISTRIBUCIàN;R9;V13;
1f60d143;10/09/2025;7:00:00 a.ÿm.;CD CENTRO DE DISTRIBUCIàN;R9;V13;7:45:00
530b9da4;10/09/2025;8:10:00 a.ÿm.;P05 MAQUILADORA DYA SAS;R9;V13;8:40:00
cbb52b18;10/09/2025;10:59:00 a.ÿm.;D4 IMAGEN TEXTIL J&S S.A.S;R1;V2;12:01:00
b8a1f7c4;10/09/2025;11:08:00 a.ÿm.;P09 FERMASA S.A.S.;R9;V13;23:30:00
f12a1264;10/09/2025;11:14:00 a.ÿm.;69 COOMUNELSA C.T.A -COOPERATIVA MULT. COMUNITARIA EL SANTUARIO;R1;V2;12:01:00
f02400f1;10/09/2025;11:33:00 a.ÿm.;CI CENTRO DE INTEGRACIàN;R2;V20;12:07:00
89c932e9;10/09/2025;12:01:00 p.ÿm.;06 SODECON DE CONFECCION S.A.S;R1;V2;12:17:00
9315bdbb;10/09/2025;12:02:00 p.ÿm.;39 CONFECCIONES ILUAMA S.A.S.;R1;V2;12:18:00
ed52ff36;10/09/2025;12:03:00 p.ÿm.;D7 GRUPO ORIENTEX S.A.S;R1;V2;12:18:00
80ba9994;10/09/2025;12:08:00 p.ÿm.;CD CENTRO DE DISTRIBUCIàN;R2;V20;12:16:00
fd7601bb;10/09/2025;12:15:00 p.ÿm.;CD CENTRO DE DISTRIBUCIàN;R9;V6;12:20:00
2d0999f0;10/09/2025;12:19:00 p.ÿm.;13 ALIANZA CONAZZTEX S.A.S.;R1;V2;12:42:00
a2e870f3;10/09/2025;12:19:00 p.ÿm.;46 CONFECCIONES CAVITEX S.A.S.;R1;V2;12:43:00
1cd16bb0;10/09/2025;12:28:00 p.ÿm.;L14 VYDA S.A.S.;R9;V6;12:35:00
b8d375b6;20/10/2025;2:45:00 p.ÿm.;42 COOPIMAR - COOPERATIVA INDUSTRIAL MARINILLA C.T.A;R9;V25;14:55:00
860dd7e3;20/10/2025;2:45:00 p.ÿm.;CD CENTRO DE DISTRIBUCIàN;R9;V25;16:05:00
a207352f;18/10/2025;11:10:00 a.ÿm.;69 COOMUNELSA C.T.A -COOPERATIVA MULT. COMUNITARIA EL SANTUARIO;R9;V25;13:25:00
0d653d53;10/09/2025;12:50:00 p.ÿm.;L07 INVERSIONES TAMESCO S.A.S.;R9;V6;13:05:00
368a7448;10/09/2025;1:07:00 p.ÿm.;36 INCOOMAR - INDUSTRIA COOPERATIVA DE MARINILLA;R1;V2;13:44:00
d6a05b93;10/09/2025;1:10:00 p.ÿm.;05 C.I. CONFECCIONES OLAS S.A;R9;V6;14:46:00
af29019a;10/09/2025;1:17:00 p.ÿm.;P12 CONFECCIONES SELEMAR;R9;V13;13:26:00
c9aed8b2;18/10/2025;11:10:00 a.ÿm.;24 ECOOELSA C.T.A - EMPRESA COOP. EL SANTUARIO C.T.A.;R9;V25;13:26:00
f01320ff;18/10/2025;11:10:00 a.ÿm.;P86 CREACIONES SARAI;R9;V25;13:26:00
208d4992;10/09/2025;1:44:00 p.ÿm.;D2 IMATEX INDUSTRIA Y MANUFACTURAS TEXTILES S.A.S;R1;V2;14:56:00
b8829db8;10/09/2025;2:05:00 p.ÿm.;P53 GISA SAS;R9;V13;14:15:00
8b39e103;18/10/2025;11:10:00 a.ÿm.;D7 GRUPO ORIENTEX S.A.S;R9;V25;13:26:00
8c0ebe3c;18/10/2025;11:11:00 a.ÿm.;46 CONFECCIONES CAVITEX S.A.S.;R9;V25;13:26:00
9276ab34;10/09/2025;2:00:00 p.ÿm.;P61 MAQUILIFE S.A.S.;R9;V6;14:19:00
2bd2a291;10/09/2025;2:19:00 p.ÿm.;P67 MAQUIDIEZ S.A.S.;R9;V6;14:24:00
3a448afd;10/09/2025;2:36:00 p.ÿm.;P85 CREACIONES VENETO SAS;R9;V13;14:45:00
a8378036;10/09/2025;2:47:00 p.ÿm.;P46 MERAKI;R9;V6;15:00:00
d4375a3f;10/09/2025;2:55:00 p.ÿm.;P01 S&VCONFECCIONES;R9;V13;15:00:00
46f24885;10/09/2025;2:57:00 p.ÿm.;42 COOPIMAR - COOPERATIVA INDUSTRIAL MARINILLA C.T.A;R2;V20;15:06:00
f7d6d12d;10/09/2025;3:07:00 p.ÿm.;86 COOP. TRAB. ASOCIAD. CRECER Y CREAR;R2;V20;15:10:00
5d2caf8a;10/09/2025;3:10:00 p.ÿm.;72 COOPERATIVA MULTIACTIVA EL PE¥OL - COOMPAB;R2;V20;15:50:00
4f8f35f2;10/09/2025;3:11:00 p.ÿm.;P42 ROJAS CONFECCIONES;R9;V13;15:21:00
35a78f19;10/09/2025;3:30:00 p.ÿm.;P05 MAQUILADORA DYA SAS;R9;V13;15:35:00
01bf3c9a;10/09/2025;3:15:00 p.ÿm.;P54 MANUFACTURA VAMALI;R9;V6;15:20:00
54288bf7;10/09/2025;3:26:00 p.ÿm.;P07 BAETEX SAS;R9;V6;15:33:00
8e1c1dcf;10/09/2025;3:50:00 p.ÿm.;36 INCOOMAR - INDUSTRIA COOPERATIVA DE MARINILLA;R2;V20;16:36:00
018fb14e;10/09/2025;3:51:00 p.ÿm.;P08 MANUFACTURA ODIM S.A.S.;R9;V6;15:55:00
f4bb9e53;10/09/2025;3:55:00 p.ÿm.;CD CENTRO DE DISTRIBUCIàN;R9;V13;16:07:00
e0c256ee;18/10/2025;11:11:00 a.ÿm.;36 INCOOMAR - INDUSTRIA COOPERATIVA DE MARINILLA;R9;V25;13:27:00
b6e571d4;10/09/2025;4:11:00 p.ÿm.;CD CENTRO DE DISTRIBUCIàN;R1;V2;17:05:00
9e832eb1;10/09/2025;4:15:00 p.ÿm.;CD CENTRO DE DISTRIBUCIàN;R9;V6;16:47:00
107fb847;10/09/2025;4:36:00 p.ÿm.;REEMPAQUE RENACER;R2;V20;16:44:00
e08e51b4;10/09/2025;5:09:00 p.ÿm.;CI CENTRO DE INTEGRACIàN;R1;V2;17:20:00
56349cda;10/09/2025;5:10:00 p.ÿm.;P61 MAQUILIFE S.A.S.;R9;V6;
d8d7f140;10/09/2025;4:44:00 p.ÿm.;CD CENTRO DE DISTRIBUCIàN;R2;V20;19:20:00
6afde198;11/09/2025;4:51:00 a.ÿm.;CI CENTRO DE INTEGRACIàN;R1;V2;4:59:00
68ed86ae;11/09/2025;6:40:00 a.ÿm.;CD CENTRO DE DISTRIBUCIàN;R9;V13;6:55:00
c14584a4;11/09/2025;6:47:00 a.ÿm.;CI CENTRO DE INTEGRACIàN;R2;V20;7:35:00
83b134ce;11/09/2025;6:48:00 a.ÿm.;42 COOPIMAR - COOPERATIVA INDUSTRIAL MARINILLA C.T.A;R1;V2;7:20:00
7f3151d9;11/09/2025;7:27:00 a.ÿm.;D2 IMATEX INDUSTRIA Y MANUFACTURAS TEXTILES S.A.S;R1;V2;7:50:00
10c985d0;11/09/2025;7:35:00 a.ÿm.;B9 DUNNINGTON CORPORATION (ANTES NOVAL);R2;V20;7:57:00
35dc96bf;11/09/2025;7:45:00 a.ÿm.;P12 CONFECCIONES SELEMAR;R9;V13;7:52:00
0da67d2d;11/09/2025;7:54:00 a.ÿm.;36 INCOOMAR - INDUSTRIA COOPERATIVA DE MARINILLA;R1;V2;8:21:00
392e316f;11/09/2025;7:58:00 a.ÿm.;21 MANUFACTURA S.A.;R2;V20;8:34:00
fd401bbe;11/09/2025;8:21:00 a.ÿm.;B7 CREATEX FORMAS INTIMAS S.A.S.;R1;V2;8:40:00
f233e43c;11/09/2025;8:32:00 a.ÿm.;B3 MODATEX CONFECCIONES JFC S.A.S.;R1;V2;8:41:00
0ac4c8d6;11/09/2025;8:45:00 a.ÿm.;32 MANUFACTURAS GIRALDO ZULUAGA S.A.S.;R1;V2;8:54:00
c6ee058a;11/09/2025;8:55:00 a.ÿm.;24 ECOOELSA C.T.A - EMPRESA COOP. EL SANTUARIO C.T.A.;R1;V2;10:42:00
e7abbe28;11/09/2025;9:14:00 a.ÿm.;CI CENTRO DE INTEGRACIàN;R2;V20;9:19:00
ac307362;11/09/2025;9:19:00 a.ÿm.;30 WAGNER COMMERCIAL GROUP (ANTES TINY MED);R2;V20;11:17:00
86ef2bee;11/09/2025;9:26:00 a.ÿm.;P14 PRYM S.A.S.;R9;V13;9:35:00
93412e4b;11/09/2025;9:48:00 a.ÿm.;P05 MAQUILADORA DYA SAS;R9;V13;9:51:00
c1dbe2d8;11/09/2025;9:57:00 a.ÿm.;P01 S&VCONFECCIONES;R9;V13;10:03:00
9d0e70fc;11/09/2025;10:42:00 a.ÿm.;D4 IMAGEN TEXTIL J&S S.A.S;R1;V2;10:50:00
4d166c6a;11/09/2025;10:50:00 a.ÿm.;69 COOMUNELSA C.T.A -COOPERATIVA MULT. COMUNITARIA EL SANTUARIO;R1;V2;11:22:00
50205768;11/09/2025;11:11:00 a.ÿm.;P09 FERMASA S.A.S.;R9;V13;11:57:00
1c51b04d;11/09/2025;10:48:00 a.ÿm.;CI CENTRO DE INTEGRACIàN;R2;V20;11:19:00
6dd37a81;11/09/2025;11:19:00 a.ÿm.;CD CENTRO DE DISTRIBUCIàN;R2;V20;11:24:00
c631068d;11/09/2025;11:22:00 a.ÿm.;06 SODECON DE CONFECCION S.A.S;R1;V2;11:36:00
6e2e0bf8;11/09/2025;11:23:00 a.ÿm.;39 CONFECCIONES ILUAMA S.A.S.;R1;V2;11:49:00
ac2a6ffb;11/09/2025;11:23:00 a.ÿm.;D7 GRUPO ORIENTEX S.A.S;R1;V2;11:49:00
2440a226;11/09/2025;11:55:00 a.ÿm.;CD CENTRO DE DISTRIBUCIàN;R9;V6;12:05:00
19b7df78;11/09/2025;12:01:00 p.ÿm.;13 ALIANZA CONAZZTEX S.A.S.;R1;V2;12:30:00
7dfcfdeb;11/09/2025;12:01:00 p.ÿm.;46 CONFECCIONES CAVITEX S.A.S.;R1;V2;12:31:00
51a07a60;11/09/2025;12:14:00 p.ÿm.;P14 PRYM S.A.S.;R9;V6;12:22:00
2276ab99;11/09/2025;12:36:00 p.ÿm.;36 INCOOMAR - INDUSTRIA COOPERATIVA DE MARINILLA;R1;V2;13:33:00
dbeeab03;11/09/2025;12:41:00 p.ÿm.;L07 INVERSIONES TAMESCO S.A.S.;R9;V6;12:55:00
f3400636;11/09/2025;1:00:00 p.ÿm.;05 C.I. CONFECCIONES OLAS S.A;R9;V6;13:30:00
71c760ce;11/09/2025;1:01:00 p.ÿm.;D2 IMATEX INDUSTRIA Y MANUFACTURAS TEXTILES S.A.S;R1;V2;13:33:00
7b701fef;18/10/2025;11:11:00 a.ÿm.;42 COOPIMAR - COOPERATIVA INDUSTRIAL MARINILLA C.T.A;R9;V25;13:27:00
d952c921;18/10/2025;11:12:00 a.ÿm.;CD CENTRO DE DISTRIBUCIàN;R9;V25;13:27:00
a7be0763;17/10/2025;2:45:00 p.ÿm.;32 MANUFACTURAS GIRALDO ZULUAGA S.A.S.;R9;V25;14:59:00
82b2db60;11/09/2025;1:25:00 p.ÿm.;P12 CONFECCIONES SELEMAR;R9;V13;13:33:00
be6062cb;17/10/2025;2:45:00 p.ÿm.;69 COOMUNELSA C.T.A -COOPERATIVA MULT. COMUNITARIA EL SANTUARIO;R9;V25;14:59:00
0f3a6bff;17/10/2025;2:45:00 p.ÿm.;24 ECOOELSA C.T.A - EMPRESA COOP. EL SANTUARIO C.T.A.;R9;V25;14:59:00
2338cf63;17/10/2025;2:46:00 p.ÿm.;P86 CREACIONES SARAI;R9;V25;15:00:00
51edef43;11/09/2025;1:36:00 p.ÿm.;P67 MAQUIDIEZ S.A.S.;R9;V6;13:40:00
47fefcda;11/09/2025;1:40:00 p.ÿm.;P61 MAQUILIFE S.A.S.;R9;V6;13:45:00
c911bb19;17/10/2025;2:47:00 p.ÿm.;D7 GRUPO ORIENTEX S.A.S;R9;V25;15:00:00
8c3abea8;17/10/2025;2:47:00 p.ÿm.;46 CONFECCIONES CAVITEX S.A.S.;R9;V25;15:00:00
e3767cd1;11/09/2025;1:56:00 p.ÿm.;P54 MANUFACTURA VAMALI;R9;V6;14:05:00
6da7bc59;11/09/2025;2:08:00 p.ÿm.;P53 GISA SAS;R9;V13;14:16:00
0c900878;11/09/2025;2:12:00 p.ÿm.;P07 BAETEX SAS;R9;V6;14:25:00
9b552fe6;11/09/2025;11:25:00 a.ÿm.;42 COOPIMAR - COOPERATIVA INDUSTRIAL MARINILLA C.T.A;R2;V20;14:24:00
363ca40d;11/09/2025;2:24:00 p.ÿm.;72 COOPERATIVA MULTIACTIVA EL PE¥OL - COOMPAB;R2;V20;15:20:00
cad3eebb;11/09/2025;2:30:00 p.ÿm.;P85 CREACIONES VENETO SAS;R9;V13;14:40:00
bd8a890d;11/09/2025;2:40:00 p.ÿm.;P08 MANUFACTURA ODIM S.A.S.;R9;V6;14:46:00
1e70b6f3;11/09/2025;2:53:00 p.ÿm.;P42 ROJAS CONFECCIONES;R9;V13;15:10:00
46d72e8b;17/10/2025;2:47:00 p.ÿm.;36 INCOOMAR - INDUSTRIA COOPERATIVA DE MARINILLA;R9;V25;15:00:00
5af47d6a;11/09/2025;3:10:00 p.ÿm.;P46 MERAKI;R9;V6;15:17:00
d9761aaa;11/09/2025;3:15:00 p.ÿm.;P05 MAQUILADORA DYA SAS;R9;V13;15:20:00
235cf7b6;11/09/2025;3:25:00 p.ÿm.;P01 S&VCONFECCIONES;R9;V13;15:27:00
4f40d1b6;11/09/2025;3:25:00 p.ÿm.;CD CENTRO DE DISTRIBUCIàN;R1;V2;15:32:00
5ba12f93;11/09/2025;3:43:00 p.ÿm.;CI CENTRO DE INTEGRACIàN;R1;V2;16:00:00
c3f75d6d;11/09/2025;3:46:00 p.ÿm.;CD CENTRO DE DISTRIBUCIàN;R9;V13;16:00:00
cf982e28;11/09/2025;3:47:00 p.ÿm.;L14 VYDA S.A.S.;R9;V6;15:55:00
2ade857a;11/09/2025;3:59:00 p.ÿm.;86 COOP. TRAB. ASOCIAD. CRECER Y CREAR;R2;V20;16:10:00
ac481006;11/09/2025;4:10:00 p.ÿm.;36 INCOOMAR - INDUSTRIA COOPERATIVA DE MARINILLA;R2;V20;16:14:00
0353c46e;11/09/2025;4:14:00 p.ÿm.;REEMPAQUE RENACER;R2;V20;16:17:00
1024db3f;11/09/2025;4:09:00 p.ÿm.;CD CENTRO DE DISTRIBUCIàN;R9;V6;16:40:00
a0848742;11/09/2025;6:21:00 p.ÿm.;CD CENTRO DE DISTRIBUCIàN;R2;V20;18:27:00
f60ad929;12/09/2025;4:55:00 a.ÿm.;CI CENTRO DE INTEGRACIàN;R1;V2;5:00:00
253c5d30;12/09/2025;6:09:00 a.ÿm.;36 INCOOMAR - INDUSTRIA COOPERATIVA DE MARINILLA;R1;V2;6:26:00
e357cce7;12/09/2025;6:32:00 a.ÿm.;42 COOPIMAR - COOPERATIVA INDUSTRIAL MARINILLA C.T.A;R1;V2;7:07:00
e22450f6;12/09/2025;6:50:00 a.ÿm.;CD CENTRO DE DISTRIBUCIàN;R9;V13;7:36:00
3c24b889;12/09/2025;7:14:00 a.ÿm.;36 INCOOMAR - INDUSTRIA COOPERATIVA DE MARINILLA;R1;V2;7:56:00
cc426be2;12/09/2025;7:48:00 a.ÿm.;P14 PRYM S.A.S.;R9;V13;8:12:00
35c2138d;12/09/2025;7:53:00 a.ÿm.;D2 IMATEX INDUSTRIA Y MANUFACTURAS TEXTILES S.A.S;R1;V2;8:16:00
6d9d8eef;12/09/2025;7:58:00 a.ÿm.;CI CENTRO DE INTEGRACIàN;R2;V20;8:04:00
6fd0eb22;12/09/2025;7:59:00 a.ÿm.;B9 DUNNINGTON CORPORATION (ANTES NOVAL);R2;V20;8:02:00
e5902596;12/09/2025;8:13:00 a.ÿm.;B3 MODATEX CONFECCIONES JFC S.A.S.;R1;V2;8:27:00
b176b8c1;12/09/2025;8:14:00 a.ÿm.;B7 CREATEX FORMAS INTIMAS S.A.S.;R1;V2;8:27:00
ea956529;12/09/2025;8:23:00 a.ÿm.;PU15 PUERTA 15;R9;V13;8:25:00
8e5fc69d;12/09/2025;8:04:00 a.ÿm.;30 WAGNER COMMERCIAL GROUP (ANTES TINY MED);R2;V20;8:28:00
29c246a2;12/09/2025;8:28:00 a.ÿm.;21 MANUFACTURA S.A.;R2;V20;9:01:00
d6e3416e;12/09/2025;8:31:00 a.ÿm.;32 MANUFACTURAS GIRALDO ZULUAGA S.A.S.;R1;V2;8:38:00
aa404504;12/09/2025;8:55:00 a.ÿm.;P42 ROJAS CONFECCIONES;R9;V13;9:07:00
3759345a;12/09/2025;8:56:00 a.ÿm.;24 ECOOELSA C.T.A - EMPRESA COOP. EL SANTUARIO C.T.A.;R1;V2;9:38:00
b037845d;12/09/2025;9:39:00 a.ÿm.;D4 IMAGEN TEXTIL J&S S.A.S;R1;V2;9:58:00
c85d45c3;12/09/2025;10:01:00 a.ÿm.;CI CENTRO DE INTEGRACIàN;R2;V20;10:53:00
91484d57;12/09/2025;10:03:00 a.ÿm.;69 COOMUNELSA C.T.A -COOPERATIVA MULT. COMUNITARIA EL SANTUARIO;R1;V2;10:39:00
fab2b37a;12/09/2025;10:44:00 a.ÿm.;06 SODECON DE CONFECCION S.A.S;R1;V2;11:00:00
367671da;12/09/2025;10:45:00 a.ÿm.;39 CONFECCIONES ILUAMA S.A.S.;R1;V2;11:01:00
e54475ee;12/09/2025;10:45:00 a.ÿm.;D7 GRUPO ORIENTEX S.A.S;R1;V2;11:06:00
336b016e;12/09/2025;10:53:00 a.ÿm.;CD CENTRO DE DISTRIBUCIàN;R2;V20;11:07:00
3225f585;12/09/2025;11:02:00 a.ÿm.;13 ALIANZA CONAZZTEX S.A.S.;R1;V2;11:27:00
c42c969a;12/09/2025;11:03:00 a.ÿm.;46 CONFECCIONES CAVITEX S.A.S.;R1;V2;11:28:00
c4e89d65;12/09/2025;11:13:00 a.ÿm.;P09 FERMASA S.A.S.;R9;V13;11:41:00
39fea38b;12/09/2025;11:39:00 a.ÿm.;24 ECOOELSA C.T.A - EMPRESA COOP. EL SANTUARIO C.T.A.;R1;V2;11:56:00
124c039e;17/10/2025;2:47:00 p.ÿm.;42 COOPIMAR - COOPERATIVA INDUSTRIAL MARINILLA C.T.A;R9;V25;15:01:00
1b5ee7fd;17/10/2025;2:47:00 p.ÿm.;CD CENTRO DE DISTRIBUCIàN;R9;V25;18:39:00
57cf2623;16/10/2025;11:09:00 a.ÿm.;32 MANUFACTURAS GIRALDO ZULUAGA S.A.S.;R9;V25;12:30:00
e5713e94;16/10/2025;12:22:00 p.ÿm.;69 COOMUNELSA C.T.A -COOPERATIVA MULT. COMUNITARIA EL SANTUARIO;R9;V25;12:30:00
bcf8f236;16/10/2025;12:23:00 p.ÿm.;24 ECOOELSA C.T.A - EMPRESA COOP. EL SANTUARIO C.T.A.;R9;V25;12:30:00
61f1da0b;16/10/2025;12:23:00 p.ÿm.;P86 CREACIONES SARAI;R9;V25;12:31:00
7b3d3f10;12/09/2025;12:22:00 p.ÿm.;42 COOPIMAR - COOPERATIVA INDUSTRIAL MARINILLA C.T.A;R2;V20;16:14:00
30c09a23;12/09/2025;12:25:00 p.ÿm.;CD CENTRO DE DISTRIBUCIàN;R9;V6;12:28:00
96175d21;12/09/2025;12:40:00 p.ÿm.;36 INCOOMAR - INDUSTRIA COOPERATIVA DE MARINILLA;R1;V2;13:23:00
3b7f47f1;12/09/2025;12:45:00 p.ÿm.;L07 INVERSIONES TAMESCO S.A.S.;R9;V6;13:01:00
b24547a1;16/10/2025;12:24:00 p.ÿm.;D7 GRUPO ORIENTEX S.A.S;R9;V25;12:31:00
e578d84b;16/10/2025;12:24:00 p.ÿm.;46 CONFECCIONES CAVITEX S.A.S.;R9;V25;12:31:00
0ccecc7c;12/09/2025;1:16:00 p.ÿm.;D2 IMATEX INDUSTRIA Y MANUFACTURAS TEXTILES S.A.S;R1;V2;13:44:00
a2c520b2;12/09/2025;1:05:00 p.ÿm.;05 C.I. CONFECCIONES OLAS S.A;R9;V6;13:30:00
dd62437b;12/09/2025;1:38:00 p.ÿm.;P12 CONFECCIONES SELEMAR;R9;V13;13:46:00
e6483697;12/09/2025;1:40:00 p.ÿm.;P61 MAQUILIFE S.A.S.;R9;V6;13:45:00
8dee8c61;12/09/2025;1:45:00 p.ÿm.;P67 MAQUIDIEZ S.A.S.;R9;V6;13:50:00
9f4da571;12/09/2025;2:06:00 p.ÿm.;P46 MERAKI;R9;V6;14:12:00
c9187d78;16/10/2025;12:24:00 p.ÿm.;36 INCOOMAR - INDUSTRIA COOPERATIVA DE MARINILLA;R9;V25;12:32:00
5519f6c9;12/09/2025;2:11:00 p.ÿm.;P53 GISA SAS;R9;V13;14:22:00
f87e07f8;12/09/2025;2:15:00 p.ÿm.;36 INCOOMAR - INDUSTRIA COOPERATIVA DE MARINILLA;R2;V20;14:21:00
af4fbd7e;12/09/2025;2:28:00 p.ÿm.;P54 MANUFACTURA VAMALI;R9;V6;14:33:00
ac4cf815;12/09/2025;2:34:00 p.ÿm.;P14 PRYM S.A.S.;R9;V13;14:48:00
df061e7d;12/09/2025;2:40:00 p.ÿm.;P07 BAETEX SAS;R9;V6;14:50:00
e6839e55;12/09/2025;2:55:00 p.ÿm.;CI CENTRO DE INTEGRACIàN;R9;V13;15:00:00
68d9fe58;12/09/2025;3:00:00 p.ÿm.;CD CENTRO DE DISTRIBUCIàN;R1;V2;15:51:00
3b73b839;12/09/2025;12:10:00 p.ÿm.;P85 CREACIONES VENETO SAS;R9;V13;15:10:00
a7f47b59;12/09/2025;3:10:00 p.ÿm.;P08 MANUFACTURA ODIM S.A.S.;R9;V6;15:15:00
cb323681;12/09/2025;3:31:00 p.ÿm.;P05 MAQUILADORA DYA SAS;R9;V13;15:40:00
11db2408;12/09/2025;3:45:00 p.ÿm.;CD CENTRO DE DISTRIBUCIàN;R9;V6;16:40:00
53e910cd;12/09/2025;3:49:00 p.ÿm.;P42 ROJAS CONFECCIONES;R9;V13;15:55:00
13b23d16;12/09/2025;4:00:00 p.ÿm.;P01 S&VCONFECCIONES;R9;V13;16:00:00
36583a65;12/09/2025;4:04:00 p.ÿm.;CI CENTRO DE INTEGRACIàN;R1;V2;16:12:00
c821c1fb;12/09/2025;4:14:00 p.ÿm.;86 COOP. TRAB. ASOCIAD. CRECER Y CREAR;R2;V20;16:19:00
588d5901;12/09/2025;4:19:00 p.ÿm.;72 COOPERATIVA MULTIACTIVA EL PE¥OL - COOMPAB;R2;V20;16:27:00
73185dab;12/09/2025;4:27:00 p.ÿm.;REEMPAQUE RENACER;R2;V20;16:32:00
5d5827a5;12/09/2025;4:28:00 p.ÿm.;CD CENTRO DE DISTRIBUCIàN;R9;V13;16:37:00
430c8a83;12/09/2025;4:32:00 p.ÿm.;CD CENTRO DE DISTRIBUCIàN;R2;V20;18:44:00
046edb68;12/09/2025;5:35:00 p.ÿm.;P07 BAETEX SAS;R9;V6;17:50:00
d9c3d07b;13/09/2025;4:50:00 a.ÿm.;CI CENTRO DE INTEGRACIàN;R1;V2;4:52:00
ff1564d9;13/09/2025;6:09:00 a.ÿm.;36 INCOOMAR - INDUSTRIA COOPERATIVA DE MARINILLA;R1;V2;6:32:00
a2f6ce7e;13/09/2025;6:41:00 a.ÿm.;42 COOPIMAR - COOPERATIVA INDUSTRIAL MARINILLA C.T.A;R1;V2;7:15:00
9757c0ab;13/09/2025;6:57:00 a.ÿm.;CI CENTRO DE INTEGRACIàN;R2;V20;7:19:00
fbd8d8e5;13/09/2025;7:25:00 a.ÿm.;D2 IMATEX INDUSTRIA Y MANUFACTURAS TEXTILES S.A.S;R1;V2;7:37:00
4b1913c4;13/09/2025;7:26:00 a.ÿm.;D2 IMATEX INDUSTRIA Y MANUFACTURAS TEXTILES S.A.S;R1;V2;7:38:00
6ffae267;13/09/2025;7:26:00 a.ÿm.;B9 DUNNINGTON CORPORATION (ANTES NOVAL);R2;V20;7:29:00
5697a962;13/09/2025;7:29:00 a.ÿm.;30 WAGNER COMMERCIAL GROUP (ANTES TINY MED);R2;V20;7:52:00
290566d9;13/09/2025;7:40:00 a.ÿm.;36 INCOOMAR - INDUSTRIA COOPERATIVA DE MARINILLA;R1;V2;8:08:00
53ae01dd;13/09/2025;8:06:00 a.ÿm.;40 GRUPO CENIT S.A.S;R1;V2;8:15:00
9bf8b64a;13/09/2025;8:10:00 a.ÿm.;B7 CREATEX FORMAS INTIMAS S.A.S.;R1;V2;8:18:00
5a1644f3;13/09/2025;8:10:00 a.ÿm.;B3 MODATEX CONFECCIONES JFC S.A.S.;R1;V2;8:19:00
ceebe076;13/09/2025;8:21:00 a.ÿm.;A4 CONFECCIONES COOL FASHION S.A.S;R1;V2;8:29:00
38d92f7d;13/09/2025;8:27:00 a.ÿm.;32 MANUFACTURAS GIRALDO ZULUAGA S.A.S.;R1;V2;8:57:00
0be2f707;13/09/2025;9:05:00 a.ÿm.;CD CENTRO DE DISTRIBUCIàN;R9;V6;9:12:00
1c936ba6;13/09/2025;8:57:00 a.ÿm.;24 ECOOELSA C.T.A - EMPRESA COOP. EL SANTUARIO C.T.A.;R1;V2;9:55:00
cfcfcdc0;16/10/2025;12:24:00 p.ÿm.;42 COOPIMAR - COOPERATIVA INDUSTRIAL MARINILLA C.T.A;R9;V25;12:32:00
d0850bb0;13/09/2025;9:11:00 a.ÿm.;CI CENTRO DE INTEGRACIàN;R2;V20;10:20:00
768c0d8a;13/09/2025;9:24:00 a.ÿm.;CI CENTRO DE INTEGRACIàN;R9;V6;9:27:00
2801c2fc;13/09/2025;9:40:00 a.ÿm.;D4 IMAGEN TEXTIL J&S S.A.S;R1;V2;10:26:00
9887947a;16/10/2025;12:32:00 p.ÿm.;CD CENTRO DE DISTRIBUCIàN;R9;V25;14:35:00
7e21ef5c;13/09/2025;9:41:00 a.ÿm.;CD CENTRO DE DISTRIBUCIàN;R9;V13;9:55:00
b685fb74;15/10/2025;2:08:00 p.ÿm.;32 MANUFACTURAS GIRALDO ZULUAGA S.A.S.;R9;V25;14:55:00
ae98e1e4;13/09/2025;9:56:00 a.ÿm.;69 COOMUNELSA C.T.A -COOPERATIVA MULT. COMUNITARIA EL SANTUARIO;R1;V2;10:32:00
6ab4d1ea;15/10/2025;2:08:00 p.ÿm.;42 COOPIMAR - COOPERATIVA INDUSTRIAL MARINILLA C.T.A;R9;V25;14:56:00
9c56cecb;13/09/2025;10:20:00 a.ÿm.;CD CENTRO DE DISTRIBUCIàN;R2;V20;10:25:00
96a5be53;13/09/2025;10:15:00 a.ÿm.;P54 MANUFACTURA VAMALI;R9;V6;10:20:00
9394c05c;13/09/2025;10:38:00 a.ÿm.;P09 FERMASA S.A.S.;R9;V13;10:58:00
bfc23686;13/09/2025;10:30:00 a.ÿm.;P07 BAETEX SAS;R9;V6;10:40:00
ec972854;13/09/2025;10:42:00 a.ÿm.;06 SODECON DE CONFECCION S.A.S;R1;V2;11:09:00
5b23fa21;13/09/2025;10:43:00 a.ÿm.;39 CONFECCIONES ILUAMA S.A.S.;R1;V2;11:10:00
c6be36c4;13/09/2025;10:43:00 a.ÿm.;D7 GRUPO ORIENTEX S.A.S;R1;V2;11:10:00
d0cd658e;15/10/2025;2:08:00 p.ÿm.;36 INCOOMAR - INDUSTRIA COOPERATIVA DE MARINILLA;R9;V25;14:56:00
d417d02f;13/09/2025;10:30:00 a.ÿm.;P07 BAETEX SAS;R9;V6;10:40:00
aa03059a;13/09/2025;11:10:00 a.ÿm.;46 CONFECCIONES CAVITEX S.A.S.;R1;V2;11:21:00
873416da;13/09/2025;11:11:00 a.ÿm.;13 ALIANZA CONAZZTEX S.A.S.;R1;V2;11:21:00
de302cc7;13/09/2025;11:15:00 a.ÿm.;P08 MANUFACTURA ODIM S.A.S.;R9;V6;11:21:00
db140fd7;13/09/2025;11:21:00 a.ÿm.;24 ECOOELSA C.T.A - EMPRESA COOP. EL SANTUARIO C.T.A.;R1;V2;11:43:00
6761dd12;13/09/2025;11:50:00 a.ÿm.;P61 MAQUILIFE S.A.S.;R9;V6;11:56:00
a8386fa0;13/09/2025;11:55:00 a.ÿm.;P67 MAQUIDIEZ S.A.S.;R9;V6;12:00:00
a54ea038;15/10/2025;2:09:00 p.ÿm.;69 COOMUNELSA C.T.A -COOPERATIVA MULT. COMUNITARIA EL SANTUARIO;R9;V25;14:57:00
e3689552;13/09/2025;12:10:00 p.ÿm.;56 CREACIONES MPM S.A.S.;R1;V2;12:17:00
f083710e;13/09/2025;12:20:00 p.ÿm.;L14 VYDA S.A.S.;R9;V6;12:25:00
48dfa530;13/09/2025;12:27:00 p.ÿm.;36 INCOOMAR - INDUSTRIA COOPERATIVA DE MARINILLA;R1;V2;12:49:00
98232d0d;13/09/2025;12:28:00 p.ÿm.;42 COOPIMAR - COOPERATIVA INDUSTRIAL MARINILLA C.T.A;R2;V20;13:51:00
6745bb92;13/09/2025;12:38:00 p.ÿm.;CD CENTRO DE DISTRIBUCIàN;R9;V6;12:58:00
7f5e6bdc;13/09/2025;1:11:00 p.ÿm.;CD CENTRO DE DISTRIBUCIàN;R9;V13;13:28:00
28b0f140;13/09/2025;1:20:00 p.ÿm.;TE TELAS Y ENCAJES;R9;V6;13:25:00
21add8dd;13/09/2025;1:26:00 p.ÿm.;D2 IMATEX INDUSTRIA Y MANUFACTURAS TEXTILES S.A.S;R1;V2;13:36:00
07621cec;13/09/2025;1:51:00 p.ÿm.;42 COOPIMAR - COOPERATIVA INDUSTRIAL MARINILLA C.T.A;R2;V20;13:55:00
1de0c15f;15/10/2025;2:09:00 p.ÿm.;24 ECOOELSA C.T.A - EMPRESA COOP. EL SANTUARIO C.T.A.;R9;V25;14:57:00
f611923f;13/09/2025;1:55:00 p.ÿm.;72 COOPERATIVA MULTIACTIVA EL PE¥OL - COOMPAB;R2;V20;13:58:00
179cf23f;13/09/2025;1:58:00 p.ÿm.;86 COOP. TRAB. ASOCIAD. CRECER Y CREAR;R2;V20;14:01:00
9000b110;13/09/2025;2:01:00 p.ÿm.;36 INCOOMAR - INDUSTRIA COOPERATIVA DE MARINILLA;R2;V20;14:07:00
6c97f468;13/09/2025;2:07:00 p.ÿm.;REEMPAQUE RENACER;R2;V20;14:15:00
77622667;13/09/2025;2:44:00 p.ÿm.;CD CENTRO DE DISTRIBUCIàN;R1;V2;15:19:00
0397d432;13/09/2025;3:28:00 p.ÿm.;CI CENTRO DE INTEGRACIàN;R1;V2;15:40:00
76b58f90;13/09/2025;3:52:00 p.ÿm.;CD CENTRO DE DISTRIBUCIàN;R2;V20;15:57:00
ae8bcb7c;15/09/2025;4:46:00 a.ÿm.;CI CENTRO DE INTEGRACIàN;R1;V2;4:50:00
bead3ffc;15/09/2025;6:06:00 a.ÿm.;42 COOPIMAR - COOPERATIVA INDUSTRIAL MARINILLA C.T.A;R1;V2;7:43:00
f22b2c57;15/09/2025;7:00:00 a.ÿm.;CD CENTRO DE DISTRIBUCIàN;R9;V13;7:23:00
f32580e0;15/09/2025;7:23:00 a.ÿm.;CI CENTRO DE INTEGRACIàN;R2;V20;7:31:00
08bec332;15/09/2025;7:31:00 a.ÿm.;30 WAGNER COMMERCIAL GROUP (ANTES TINY MED);R2;V20;7:35:00
8248eb99;15/09/2025;7:35:00 a.ÿm.;B9 DUNNINGTON CORPORATION (ANTES NOVAL);R2;V20;7:49:00
72345f49;15/09/2025;7:44:00 a.ÿm.;36 INCOOMAR - INDUSTRIA COOPERATIVA DE MARINILLA;R1;V2;7:59:00
6a2ca160;15/09/2025;7:49:00 a.ÿm.;21 MANUFACTURA S.A.;R2;V20;8:19:00
bff0db51;15/09/2025;8:21:00 a.ÿm.;40 GRUPO CENIT S.A.S;R1;V2;8:28:00
eeca5f73;15/09/2025;8:28:00 a.ÿm.;B7 CREATEX FORMAS INTIMAS S.A.S.;R1;V2;8:34:00
d0cb921c;15/09/2025;8:29:00 a.ÿm.;B3 MODATEX CONFECCIONES JFC S.A.S.;R1;V2;8:34:00
2a511d98;15/09/2025;8:36:00 a.ÿm.;A4 CONFECCIONES COOL FASHION S.A.S;R1;V2;8:41:00
7e84e76f;15/09/2025;8:44:00 a.ÿm.;32 MANUFACTURAS GIRALDO ZULUAGA S.A.S.;R1;V2;9:48:00
f486779c;15/09/2025;9:48:00 a.ÿm.;24 ECOOELSA C.T.A - EMPRESA COOP. EL SANTUARIO C.T.A.;R1;V2;11:11:00
e228d521;15/09/2025;11:18:00 a.ÿm.;P09 FERMASA S.A.S.;R9;V13;23:36:00
7850f828;15/09/2025;11:25:00 a.ÿm.;CI CENTRO DE INTEGRACIàN;R2;V20;11:51:00
46002e3f;15/09/2025;11:51:00 a.ÿm.;CD CENTRO DE DISTRIBUCIàN;R2;V20;14:20:00
094d6310;15/09/2025;12:17:00 p.ÿm.;69 COOMUNELSA C.T.A -COOPERATIVA MULT. COMUNITARIA EL SANTUARIO;R1;V2;12:39:00
b2142fee;15/09/2025;12:25:00 p.ÿm.;CD CENTRO DE DISTRIBUCIàN;R9;V6;12:35:00
ee5a6ccf;15/10/2025;2:09:00 p.ÿm.;P86 CREACIONES SARAI;R9;V25;14:57:00
580b2a67;15/10/2025;2:09:00 p.ÿm.;D7 GRUPO ORIENTEX S.A.S;R9;V25;14:58:00
9d8dada3;15/10/2025;2:09:00 p.ÿm.;46 CONFECCIONES CAVITEX S.A.S.;R9;V25;14:58:00
b72f6214;15/09/2025;12:36:00 p.ÿm.;06 SODECON DE CONFECCION S.A.S;R1;V2;12:54:00
c16ddcd9;15/09/2025;12:39:00 p.ÿm.;39 CONFECCIONES ILUAMA S.A.S.;R1;V2;12:54:00
03a376f3;15/09/2025;12:40:00 p.ÿm.;D7 GRUPO ORIENTEX S.A.S;R1;V2;12:54:00
e01d1894;15/09/2025;12:55:00 p.ÿm.;13 ALIANZA CONAZZTEX S.A.S.;R1;V2;13:16:00
a51627e7;15/09/2025;12:55:00 p.ÿm.;46 CONFECCIONES CAVITEX S.A.S.;R1;V2;13:16:00
eeda512f;15/10/2025;2:10:00 p.ÿm.;CD CENTRO DE DISTRIBUCIàN;R9;V25;15:32:00
c52cd0f5;14/10/2025;2:02:00 p.ÿm.;32 MANUFACTURAS GIRALDO ZULUAGA S.A.S.;R9;V25;14:11:00
c596846d;14/10/2025;2:02:00 p.ÿm.;69 COOMUNELSA C.T.A -COOPERATIVA MULT. COMUNITARIA EL SANTUARIO;R9;V25;14:12:00
dcba6963;15/09/2025;1:01:00 p.ÿm.;05 C.I. CONFECCIONES OLAS S.A;R9;V6;13:25:00
edb3ae14;14/10/2025;2:03:00 p.ÿm.;24 ECOOELSA C.T.A - EMPRESA COOP. EL SANTUARIO C.T.A.;R9;V25;14:12:00
dd23039a;14/10/2025;2:03:00 p.ÿm.;P86 CREACIONES SARAI;R9;V25;14:12:00
f6ee7b8c;15/09/2025;1:17:00 p.ÿm.;56 CREACIONES MPM S.A.S.;R1;V2;13:25:00
8271d030;15/09/2025;1:18:00 p.ÿm.;P12 CONFECCIONES SELEMAR;R9;V13;13:31:00
abe8b511;15/09/2025;1:35:00 p.ÿm.;P67 MAQUIDIEZ S.A.S.;R9;V6;13:44:00
f26fc9cb;15/09/2025;1:45:00 p.ÿm.;P61 MAQUILIFE S.A.S.;R9;V6;13:55:00
9520469b;15/09/2025;1:31:00 p.ÿm.;P53 GISA SAS;R9;V13;14:18:00
fb351d28;15/09/2025;2:19:00 p.ÿm.;D2 IMATEX INDUSTRIA Y MANUFACTURAS TEXTILES S.A.S;R1;V2;14:46:00
dcb410ac;15/09/2025;2:20:00 p.ÿm.;P54 MANUFACTURA VAMALI;R9;V6;14:25:00
176f5f44;15/09/2025;2:29:00 p.ÿm.;P85 CREACIONES VENETO SAS;R9;V13;14:40:00
f662101d;15/09/2025;2:26:00 p.ÿm.;42 COOPIMAR - COOPERATIVA INDUSTRIAL MARINILLA C.T.A;R2;V20;14:42:00
e46a9fc8;15/09/2025;2:37:00 p.ÿm.;P07 BAETEX SAS;R9;V6;14:44:00
ed59debc;15/09/2025;2:54:00 p.ÿm.;P42 ROJAS CONFECCIONES;R9;V13;15:20:00
7b126ef3;15/09/2025;3:05:00 p.ÿm.;P08 MANUFACTURA ODIM S.A.S.;R9;V6;15:10:00
533d4c70;15/09/2025;3:24:00 p.ÿm.;P05 MAQUILADORA DYA SAS;R9;V13;15:30:00
f1635353;15/09/2025;3:27:00 p.ÿm.;P46 MERAKI;R9;V6;15:36:00
27cf33db;14/10/2025;2:03:00 p.ÿm.;D7 GRUPO ORIENTEX S.A.S;R9;V25;14:13:00
37b192f1;15/09/2025;3:35:00 p.ÿm.;P01 S&VCONFECCIONES;R9;V13;15:37:00
76999fe3;15/09/2025;3:55:00 p.ÿm.;CD CENTRO DE DISTRIBUCIàN;R9;V13;16:18:00
19471056;15/09/2025;3:47:00 p.ÿm.;L07 INVERSIONES TAMESCO S.A.S.;R9;V6;16:05:00
f7d7d125;15/09/2025;4:04:00 p.ÿm.;CD CENTRO DE DISTRIBUCIàN;R1;V2;16:48:00
39df7aab;15/09/2025;4:23:00 p.ÿm.;72 COOPERATIVA MULTIACTIVA EL PE¥OL - COOMPAB;R2;V20;16:34:00
acfe1b59;15/09/2025;4:35:00 p.ÿm.;86 COOP. TRAB. ASOCIAD. CRECER Y CREAR;R2;V20;16:38:00
31fee977;15/09/2025;4:20:00 p.ÿm.;CD CENTRO DE DISTRIBUCIàN;R9;V6;16:50:00
44fda70c;15/09/2025;4:39:00 p.ÿm.;36 INCOOMAR - INDUSTRIA COOPERATIVA DE MARINILLA;R2;V20;16:45:00
052f60f8;15/09/2025;4:45:00 p.ÿm.;REEMPAQUE RENACER;R2;V20;16:50:00
0be43e34;15/09/2025;4:52:00 p.ÿm.;CI CENTRO DE INTEGRACIàN;R1;V2;17:06:00
c3fd84d9;15/09/2025;7:12:00 p.ÿm.;CD CENTRO DE DISTRIBUCIàN;R2;V20;19:19:00
f6aeee10;16/09/2025;4:52:00 a.ÿm.;CI CENTRO DE INTEGRACIàN;R1;V2;4:55:00
79771785;16/09/2025;6:52:00 a.ÿm.;36 INCOOMAR - INDUSTRIA COOPERATIVA DE MARINILLA;R1;V2;7:08:00
ecb83925;16/09/2025;7:08:00 a.ÿm.;CI CENTRO DE INTEGRACIàN;R2;V20;7:25:00
600adcb1;16/09/2025;7:14:00 a.ÿm.;42 COOPIMAR - COOPERATIVA INDUSTRIAL MARINILLA C.T.A;R1;V2;8:05:00
dc3eb126;16/09/2025;7:25:00 a.ÿm.;30 WAGNER COMMERCIAL GROUP (ANTES TINY MED);R2;V20;7:43:00
067b6085;16/09/2025;7:31:00 a.ÿm.;B9 DUNNINGTON CORPORATION (ANTES NOVAL);R2;V20;7:42:00
2c1b6cc5;16/09/2025;7:43:00 a.ÿm.;21 MANUFACTURA S.A.;R2;V20;8:41:00
258e6fc8;16/09/2025;8:11:00 a.ÿm.;D2 IMATEX INDUSTRIA Y MANUFACTURAS TEXTILES S.A.S;R1;V2;8:29:00
c1f1a21b;16/09/2025;8:29:00 a.ÿm.;36 INCOOMAR - INDUSTRIA COOPERATIVA DE MARINILLA;R1;V2;8:58:00
a70f27e2;16/09/2025;8:31:00 a.ÿm.;CD CENTRO DE DISTRIBUCIàN;R9;V13;8:38:00
ff110089;16/09/2025;8:58:00 a.ÿm.;40 GRUPO CENIT S.A.S;R1;V2;9:17:00
4738b29d;16/09/2025;9:05:00 a.ÿm.;B7 CREATEX FORMAS INTIMAS S.A.S.;R1;V2;9:19:00
3215bb31;16/09/2025;9:05:00 a.ÿm.;B3 MODATEX CONFECCIONES JFC S.A.S.;R1;V2;9:20:00
23a1b849;16/09/2025;9:21:00 a.ÿm.;32 MANUFACTURAS GIRALDO ZULUAGA S.A.S.;R1;V2;9:33:00
a653fefc;16/09/2025;9:00:00 a.ÿm.;P01 S&VCONFECCIONES;R9;V13;9:36:00
cd6601ed;16/09/2025;9:54:00 a.ÿm.;CI CENTRO DE INTEGRACIàN;R2;V20;10:30:00
4fb2ea49;16/09/2025;9:54:00 a.ÿm.;24 ECOOELSA C.T.A - EMPRESA COOP. EL SANTUARIO C.T.A.;R1;V2;11:26:00
f4a04c8f;16/09/2025;11:22:00 a.ÿm.;P09 FERMASA S.A.S.;R9;V13;11:37:00
e7ae8253;16/09/2025;11:30:00 a.ÿm.;CD CENTRO DE DISTRIBUCIàN;R9;V6;11:35:00
62dd105a;16/09/2025;11:27:00 a.ÿm.;D4 IMAGEN TEXTIL J&S S.A.S;R1;V2;11:45:00
ed672768;14/10/2025;2:03:00 p.ÿm.;46 CONFECCIONES CAVITEX S.A.S.;R9;V25;14:13:00
c641a426;14/10/2025;2:04:00 p.ÿm.;36 INCOOMAR - INDUSTRIA COOPERATIVA DE MARINILLA;R9;V25;14:13:00
5329e9a7;14/10/2025;2:04:00 p.ÿm.;42 COOPIMAR - COOPERATIVA INDUSTRIAL MARINILLA C.T.A;R9;V25;14:14:00
2c24a616;16/09/2025;11:43:00 a.ÿm.;69 COOMUNELSA C.T.A -COOPERATIVA MULT. COMUNITARIA EL SANTUARIO;R1;V2;12:25:00
0adcf729;16/09/2025;11:51:00 a.ÿm.;P14 PRYM S.A.S.;R9;V6;12:13:00
326754fd;16/09/2025;12:12:00 p.ÿm.;42 COOPIMAR - COOPERATIVA INDUSTRIAL MARINILLA C.T.A;R2;V20;12:19:00
7e8c43e5;16/09/2025;12:19:00 p.ÿm.;72 COOPERATIVA MULTIACTIVA EL PE¥OL - COOMPAB;R2;V20;12:48:00
517174ac;16/09/2025;12:24:00 p.ÿm.;06 SODECON DE CONFECCION S.A.S;R1;V2;12:51:00
c40d3139;16/09/2025;12:25:00 p.ÿm.;39 CONFECCIONES ILUAMA S.A.S.;R1;V2;12:51:00
0103fd08;16/09/2025;12:26:00 p.ÿm.;D7 GRUPO ORIENTEX S.A.S;R1;V2;12:52:00
13480071;16/09/2025;12:39:00 p.ÿm.;86 COOP. TRAB. ASOCIAD. CRECER Y CREAR;R2;V20;12:50:00
d9c9e8c7;14/10/2025;2:04:00 p.ÿm.;CD CENTRO DE DISTRIBUCIàN;R9;V25;15:27:00
9cddfa39;10/10/2025;12:43:00 p.ÿm.;32 MANUFACTURAS GIRALDO ZULUAGA S.A.S.;R9;V25;12:52:00
175a63f6;16/09/2025;12:53:00 p.ÿm.;13 ALIANZA CONAZZTEX S.A.S.;R1;V2;13:18:00
e7fedebc;16/09/2025;12:55:00 p.ÿm.;46 CONFECCIONES CAVITEX S.A.S.;R1;V2;13:28:00
cd0dcee8;10/10/2025;12:43:00 p.ÿm.;69 COOMUNELSA C.T.A -COOPERATIVA MULT. COMUNITARIA EL SANTUARIO;R9;V25;12:52:00
c860a61d;10/10/2025;12:43:00 p.ÿm.;24 ECOOELSA C.T.A - EMPRESA COOP. EL SANTUARIO C.T.A.;R9;V25;12:52:00
511fc081;16/09/2025;1:14:00 p.ÿm.;56 CREACIONES MPM S.A.S.;R1;V2;13:28:00
5b2ea522;16/09/2025;1:22:00 p.ÿm.;P12 CONFECCIONES SELEMAR;R9;V13;13:37:00
0c1dde94;16/09/2025;12:31:00 p.ÿm.;L07 INVERSIONES TAMESCO S.A.S.;R9;V6;13:36:00
6ee1c16a;16/09/2025;1:00:00 p.ÿm.;05 C.I. CONFECCIONES OLAS S.A;R9;V6;13:30:00
fe7b252d;16/09/2025;1:34:00 p.ÿm.;36 INCOOMAR - INDUSTRIA COOPERATIVA DE MARINILLA;R2;V20;14:17:00
4ae9dce4;10/10/2025;12:44:00 p.ÿm.;P86 CREACIONES SARAI;R9;V25;12:53:00
4a8f6e84;16/09/2025;1:42:00 p.ÿm.;P61 MAQUILIFE S.A.S.;R9;V6;13:48:00
cc7a9d16;16/09/2025;2:12:00 p.ÿm.;P53 GISA SAS;R9;V13;14:20:00
2923f89b;16/09/2025;1:48:00 p.ÿm.;P67 MAQUIDIEZ S.A.S.;R9;V6;13:55:00
276cccc2;16/09/2025;2:17:00 p.ÿm.;REEMPAQUE RENACER;R2;V20;14:23:00
153ccba4;16/09/2025;2:22:00 p.ÿm.;D2 IMATEX INDUSTRIA Y MANUFACTURAS TEXTILES S.A.S;R1;V2;14:57:00
2648b9a8;16/09/2025;2:10:00 p.ÿm.;P54 MANUFACTURA VAMALI;R9;V6;14:15:00
8e4dc3de;16/09/2025;2:35:00 p.ÿm.;P85 CREACIONES VENETO SAS;R9;V13;14:47:00
a4dbc342;16/09/2025;2:25:00 p.ÿm.;P07 BAETEX SAS;R9;V6;14:35:00
fb0d7f3c;16/09/2025;3:02:00 p.ÿm.;P05 MAQUILADORA DYA SAS;R9;V13;15:11:00
81db5f0c;16/09/2025;3:00:00 p.ÿm.;P08 MANUFACTURA ODIM S.A.S.;R9;V6;15:08:00
de1e183a;16/09/2025;3:02:00 p.ÿm.;P08 MANUFACTURA ODIM S.A.S.;R9;V6;15:08:00
a2262c6a;16/09/2025;3:17:00 p.ÿm.;P42 ROJAS CONFECCIONES;R9;V13;15:25:00
a7751b99;16/09/2025;3:40:00 p.ÿm.;P46 MERAKI;R9;V6;15:49:00
ccc64e7e;16/09/2025;3:30:00 p.ÿm.;P01 S&VCONFECCIONES;R9;V13;15:45:00
a2f45025;16/09/2025;3:51:00 p.ÿm.;CD CENTRO DE DISTRIBUCIàN;R1;V2;16:50:00
45f48407;16/09/2025;4:04:00 p.ÿm.;CD CENTRO DE DISTRIBUCIàN;R9;V13;16:24:00
4d0a58df;16/09/2025;4:05:00 p.ÿm.;CD CENTRO DE DISTRIBUCIàN;R9;V6;16:50:00
7feee1e5;16/09/2025;4:14:00 p.ÿm.;CD CENTRO DE DISTRIBUCIàN;R2;V20;16:23:00
56dfe28c;16/09/2025;5:04:00 p.ÿm.;CI CENTRO DE INTEGRACIàN;R1;V2;17:14:00
0b785f27;16/09/2025;5:29:00 p.ÿm.;P46 MERAKI;R9;V6;
b340e397;17/09/2025;4:52:00 a.ÿm.;CI CENTRO DE INTEGRACIàN;R1;V2;4:56:00
c2ff0a3a;17/09/2025;6:04:00 a.ÿm.;36 INCOOMAR - INDUSTRIA COOPERATIVA DE MARINILLA;R1;V2;6:26:00
0fa8f685;17/09/2025;6:55:00 a.ÿm.;CD CENTRO DE DISTRIBUCIàN;R9;V13;7:10:00
fae172f6;17/09/2025;7:03:00 a.ÿm.;42 COOPIMAR - COOPERATIVA INDUSTRIAL MARINILLA C.T.A;R1;V2;7:21:00
f2836216;17/09/2025;7:15:00 a.ÿm.;CI CENTRO DE INTEGRACIàN;R2;V20;7:28:00
ebd61015;17/09/2025;7:26:00 a.ÿm.;36 INCOOMAR - INDUSTRIA COOPERATIVA DE MARINILLA;R1;V2;7:43:00
3d917e5d;17/09/2025;7:28:00 a.ÿm.;B9 DUNNINGTON CORPORATION (ANTES NOVAL);R2;V20;7:41:00
019f2009;17/09/2025;7:43:00 a.ÿm.;30 WAGNER COMMERCIAL GROUP (ANTES TINY MED);R2;V20;8:02:00
0469ec0a;17/09/2025;7:59:00 a.ÿm.;21 MANUFACTURA S.A.;R2;V20;8:03:00
628c5730;17/09/2025;8:02:00 a.ÿm.;D2 IMATEX INDUSTRIA Y MANUFACTURAS TEXTILES S.A.S;R1;V2;8:39:00
666d57b2;17/09/2025;8:25:00 a.ÿm.;40 GRUPO CENIT S.A.S;R1;V2;8:44:00
26279eca;17/09/2025;8:40:00 a.ÿm.;B7 CREATEX FORMAS INTIMAS S.A.S.;R1;V2;9:03:00
8c522cb7;17/09/2025;8:41:00 a.ÿm.;B3 MODATEX CONFECCIONES JFC S.A.S.;R1;V2;9:08:00
ffd5f5aa;17/09/2025;9:09:00 a.ÿm.;32 MANUFACTURAS GIRALDO ZULUAGA S.A.S.;R1;V2;9:18:00
ab98cebf;17/09/2025;9:36:00 a.ÿm.;24 ECOOELSA C.T.A - EMPRESA COOP. EL SANTUARIO C.T.A.;R1;V2;10:48:00
a43e50c1;17/09/2025;9:41:00 a.ÿm.;CI CENTRO DE INTEGRACIàN;R2;V20;10:39:00
ad90b0fa;17/09/2025;10:39:00 a.ÿm.;CD CENTRO DE DISTRIBUCIàN;R2;V20;10:43:00
d728cbf9;17/09/2025;11:18:00 a.ÿm.;D4 IMAGEN TEXTIL J&S S.A.S;R1;V2;11:29:00
702bbaa4;17/09/2025;11:20:00 a.ÿm.;P09 FERMASA S.A.S.;R9;V13;11:35:00
0382f252;17/09/2025;11:29:00 a.ÿm.;69 COOMUNELSA C.T.A -COOPERATIVA MULT. COMUNITARIA EL SANTUARIO;R1;V2;12:15:00
6246f1a8;17/09/2025;12:00:00 p.ÿm.;CD CENTRO DE DISTRIBUCIàN;R9;V6;12:06:00
7f765b49;17/09/2025;12:16:00 p.ÿm.;06 SODECON DE CONFECCION S.A.S;R1;V2;12:30:00
5cb1bc63;17/09/2025;12:17:00 p.ÿm.;D7 GRUPO ORIENTEX S.A.S;R1;V2;12:41:00
fd087366;10/10/2025;12:44:00 p.ÿm.;D7 GRUPO ORIENTEX S.A.S;R9;V25;12:53:00
666d0aed;10/10/2025;12:44:00 p.ÿm.;46 CONFECCIONES CAVITEX S.A.S.;R9;V25;12:53:00
490f412d;10/10/2025;12:44:00 p.ÿm.;36 INCOOMAR - INDUSTRIA COOPERATIVA DE MARINILLA;R9;V25;12:53:00
4856bb1c;17/09/2025;12:20:00 p.ÿm.;P14 PRYM S.A.S.;R9;V6;12:30:00
c7d7fd7c;17/09/2025;12:30:00 p.ÿm.;13 ALIANZA CONAZZTEX S.A.S.;R1;V2;12:48:00
85683709;17/09/2025;12:30:00 p.ÿm.;46 CONFECCIONES CAVITEX S.A.S.;R1;V2;12:49:00
8d291c79;10/10/2025;12:45:00 p.ÿm.;42 COOPIMAR - COOPERATIVA INDUSTRIAL MARINILLA C.T.A;R9;V25;12:54:00
80b6657c;10/10/2025;12:45:00 p.ÿm.;CD CENTRO DE DISTRIBUCIàN;R9;V25;14:27:00
bce8dd39;9/10/2025;11:10:00 a.ÿm.;32 MANUFACTURAS GIRALDO ZULUAGA S.A.S.;R9;V25;14:20:00
f1dffb69;9/10/2025;1:53:00 p.ÿm.;69 COOMUNELSA C.T.A -COOPERATIVA MULT. COMUNITARIA EL SANTUARIO;R9;V25;14:20:00
e08173ab;17/09/2025;12:45:00 p.ÿm.;L07 INVERSIONES TAMESCO S.A.S.;R9;V6;12:55:00
0fb50619;17/09/2025;1:00:00 p.ÿm.;05 C.I. CONFECCIONES OLAS S.A;R9;V6;13:30:00
e54d7241;17/09/2025;1:24:00 p.ÿm.;P12 CONFECCIONES SELEMAR;R9;V13;13:36:00
75963b49;17/09/2025;1:40:00 p.ÿm.;P61 MAQUILIFE S.A.S.;R9;V6;13:45:00
60cbfd14;17/09/2025;1:45:00 p.ÿm.;P67 MAQUIDIEZ S.A.S.;R9;V6;13:50:00
e31279a1;17/09/2025;1:53:00 p.ÿm.;D2 IMATEX INDUSTRIA Y MANUFACTURAS TEXTILES S.A.S;R1;V2;14:25:00
18a72c8f;9/10/2025;1:54:00 p.ÿm.;24 ECOOELSA C.T.A - EMPRESA COOP. EL SANTUARIO C.T.A.;R9;V25;14:21:00
1e120ab5;17/09/2025;2:00:00 p.ÿm.;P54 MANUFACTURA VAMALI;R9;V6;14:06:00
e4fe7ef0;17/09/2025;2:07:00 p.ÿm.;P14 PRYM S.A.S.;R9;V13;14:17:00
1d5be762;17/09/2025;2:13:00 p.ÿm.;P07 BAETEX SAS;R9;V6;14:35:00
868bd44d;17/09/2025;2:26:00 p.ÿm.;CI CENTRO DE INTEGRACIàN;R9;V13;14:31:00
4d67d18d;17/09/2025;2:41:00 p.ÿm.;P85 CREACIONES VENETO SAS;R9;V13;14:40:00
ed6a70bf;17/09/2025;1:11:00 p.ÿm.;42 COOPIMAR - COOPERATIVA INDUSTRIAL MARINILLA C.T.A;R2;V20;14:54:00
2369142f;17/09/2025;2:52:00 p.ÿm.;72 COOPERATIVA MULTIACTIVA EL PE¥OL - COOMPAB;R2;V20;14:55:00
153d0153;17/09/2025;2:55:00 p.ÿm.;86 COOP. TRAB. ASOCIAD. CRECER Y CREAR;R2;V20;14:59:00
242e508c;17/09/2025;2:59:00 p.ÿm.;36 INCOOMAR - INDUSTRIA COOPERATIVA DE MARINILLA;R2;V20;15:02:00
46992952;17/09/2025;3:03:00 p.ÿm.;REEMPAQUE RENACER;R2;V20;15:09:00
eb366f17;17/09/2025;3:04:00 p.ÿm.;P05 MAQUILADORA DYA SAS;R9;V13;15:08:00
b153f2cc;17/09/2025;2:55:00 p.ÿm.;P08 MANUFACTURA ODIM S.A.S.;R9;V6;15:00:00
e1b14b1e;17/09/2025;3:20:00 p.ÿm.;P46 MERAKI;R9;V6;15:30:00
677fe71f;17/09/2025;3:18:00 p.ÿm.;P42 ROJAS CONFECCIONES;R9;V13;15:27:00
6617ef08;17/09/2025;3:30:00 p.ÿm.;P01 S&VCONFECCIONES;R9;V13;15:34:00
aa6ebe0a;17/09/2025;3:45:00 p.ÿm.;CD CENTRO DE DISTRIBUCIàN;R9;V13;15:56:00
75cfa03a;17/09/2025;3:45:00 p.ÿm.;CD CENTRO DE DISTRIBUCIàN;R9;V6;16:10:00
6db4db64;17/09/2025;4:29:00 p.ÿm.;CD CENTRO DE DISTRIBUCIàN;R1;V2;17:18:00
384a7dcb;17/09/2025;4:45:00 p.ÿm.;P46 MERAKI;R9;V6;16:50:00
47f00fbb;17/09/2025;5:11:00 p.ÿm.;CD CENTRO DE DISTRIBUCIàN;R2;V20;17:27:00
b5b1de91;17/09/2025;5:14:00 p.ÿm.;05 C.I. CONFECCIONES OLAS S.A;R9;V6;
a2a6732f;17/09/2025;5:15:00 p.ÿm.;CI CENTRO DE INTEGRACIàN;R1;V2;17:34:00
a8a1bfe6;18/09/2025;4:50:00 a.ÿm.;CI CENTRO DE INTEGRACIàN;R1;V2;4:55:00
8843c7c5;18/09/2025;6:06:00 a.ÿm.;42 COOPIMAR - COOPERATIVA INDUSTRIAL MARINILLA C.T.A;R1;V2;6:57:00
6866f1eb;18/09/2025;7:07:00 a.ÿm.;36 INCOOMAR - INDUSTRIA COOPERATIVA DE MARINILLA;R1;V2;7:35:00
9a3920d2;18/09/2025;7:33:00 a.ÿm.;B9 DUNNINGTON CORPORATION (ANTES NOVAL);R2;V20;7:36:00
f43049b6;18/09/2025;7:30:00 a.ÿm.;CD CENTRO DE DISTRIBUCIàN;R9;V13;7:40:00
e79a17f1;18/09/2025;7:41:00 a.ÿm.;D2 IMATEX INDUSTRIA Y MANUFACTURAS TEXTILES S.A.S;R1;V2;8:06:00
69c6a86f;18/09/2025;8:04:00 a.ÿm.;40 GRUPO CENIT S.A.S;R1;V2;8:13:00
2c7b0403;18/09/2025;8:13:00 a.ÿm.;B7 CREATEX FORMAS INTIMAS S.A.S.;R1;V2;8:22:00
7eee6c07;18/09/2025;8:14:00 a.ÿm.;B3 MODATEX CONFECCIONES JFC S.A.S.;R1;V2;8:23:00
4bab767a;18/09/2025;8:26:00 a.ÿm.;A4 CONFECCIONES COOL FASHION S.A.S;R1;V2;8:33:00
40d67de7;18/09/2025;8:33:00 a.ÿm.;32 MANUFACTURAS GIRALDO ZULUAGA S.A.S.;R1;V2;8:59:00
85c5af4b;18/09/2025;8:40:00 a.ÿm.;CI CENTRO DE INTEGRACIàN;R2;V20;8:45:00
dd50b55e;18/09/2025;8:45:00 a.ÿm.;30 WAGNER COMMERCIAL GROUP (ANTES TINY MED);R2;V20;8:53:00
cae3526c;18/09/2025;8:53:00 a.ÿm.;21 MANUFACTURA S.A.;R2;V20;9:06:00
bd509ce7;18/09/2025;9:09:00 a.ÿm.;P34 CRECIENDO Y COSIENDO;R1;V2;9:45:00
54a2b8a0;18/09/2025;9:11:00 a.ÿm.;24 ECOOELSA C.T.A - EMPRESA COOP. EL SANTUARIO C.T.A.;R1;V2;10:00:00
ed7302ca;18/09/2025;8:00:00 a.ÿm.;P42 ROJAS CONFECCIONES;R9;V13;8:10:00
1a4e2f5a;18/09/2025;8:25:00 a.ÿm.;P01 S&VCONFECCIONES;R9;V13;8:35:00
86b76dbd;18/09/2025;10:00:00 a.ÿm.;D4 IMAGEN TEXTIL J&S S.A.S;R1;V2;10:12:00
6d09e7c1;18/09/2025;10:00:00 a.ÿm.;CI CENTRO DE INTEGRACIàN;R2;V20;10:35:00
63a01130;18/09/2025;10:52:00 a.ÿm.;69 COOMUNELSA C.T.A -COOPERATIVA MULT. COMUNITARIA EL SANTUARIO;R1;V2;11:00:00
3f30ec81;18/09/2025;10:56:00 a.ÿm.;06 SODECON DE CONFECCION S.A.S;R1;V2;11:28:00
947b656b;18/09/2025;10:57:00 a.ÿm.;D7 GRUPO ORIENTEX S.A.S;R1;V2;11:28:00
f5969804;18/09/2025;11:29:00 a.ÿm.;13 ALIANZA CONAZZTEX S.A.S.;R1;V2;11:57:00
c3fae231;18/09/2025;11:30:00 a.ÿm.;46 CONFECCIONES CAVITEX S.A.S.;R1;V2;11:56:00
e28d1e3a;18/09/2025;11:30:00 a.ÿm.;P14 PRYM S.A.S.;R9;V6;11:50:00
f67d40ee;18/09/2025;11:25:00 a.ÿm.;P09 FERMASA S.A.S.;R9;V13;23:35:00
4d2ee959;18/09/2025;11:59:00 a.ÿm.;24 ECOOELSA C.T.A - EMPRESA COOP. EL SANTUARIO C.T.A.;R1;V2;12:38:00
efec0972;18/09/2025;12:00:00 p.ÿm.;24 ECOOELSA C.T.A - EMPRESA COOP. EL SANTUARIO C.T.A.;R1;V2;12:38:00
4585c5d9;18/09/2025;12:11:00 p.ÿm.;L07 INVERSIONES TAMESCO S.A.S.;R9;V6;12:30:00
9602c6a5;9/10/2025;1:54:00 p.ÿm.;D7 GRUPO ORIENTEX S.A.S;R9;V25;14:21:00
d2395718;9/10/2025;1:54:00 p.ÿm.;46 CONFECCIONES CAVITEX S.A.S.;R9;V25;14:24:00
084f8c89;9/10/2025;1:55:00 p.ÿm.;36 INCOOMAR - INDUSTRIA COOPERATIVA DE MARINILLA;R9;V25;14:24:00
34d5b183;18/09/2025;1:03:00 p.ÿm.;42 COOPIMAR - COOPERATIVA INDUSTRIAL MARINILLA C.T.A;R1;V2;13:15:00
b407f8bf;18/09/2025;12:44:00 p.ÿm.;42 COOPIMAR - COOPERATIVA INDUSTRIAL MARINILLA C.T.A;R2;V20;13:27:00
3c9e2041;18/09/2025;1:17:00 p.ÿm.;P61 MAQUILIFE S.A.S.;R9;V6;13:22:00
611a6f40;18/09/2025;1:19:00 p.ÿm.;P12 CONFECCIONES SELEMAR;R9;V13;13:41:00
29794f68;18/09/2025;1:22:00 p.ÿm.;P67 MAQUIDIEZ S.A.S.;R9;V6;13:28:00
8b9706c0;18/09/2025;1:27:00 p.ÿm.;72 COOPERATIVA MULTIACTIVA EL PE¥OL - COOMPAB;R2;V20;14:22:00
77aee2be;9/10/2025;1:55:00 p.ÿm.;42 COOPIMAR - COOPERATIVA INDUSTRIAL MARINILLA C.T.A;R9;V25;14:24:00
d4b418f4;9/10/2025;2:24:00 p.ÿm.;CD CENTRO DE DISTRIBUCIàN;R9;V25;14:30:00
3b3daf10;8/10/2025;3:23:00 p.ÿm.;32 MANUFACTURAS GIRALDO ZULUAGA S.A.S.;R9;V25;15:35:00
aaae88c8;18/09/2025;1:40:00 p.ÿm.;P54 MANUFACTURA VAMALI;R9;V6;13:45:00
9ea642ce;18/09/2025;1:52:00 p.ÿm.;P07 BAETEX SAS;R9;V6;14:00:00
dc3aa2ff;8/10/2025;3:24:00 p.ÿm.;36 INCOOMAR - INDUSTRIA COOPERATIVA DE MARINILLA;R9;V25;15:35:00
d64f97b1;8/10/2025;3:24:00 p.ÿm.;42 COOPIMAR - COOPERATIVA INDUSTRIAL MARINILLA C.T.A;R9;V25;15:36:00
ede7649a;8/10/2025;3:24:00 p.ÿm.;69 COOMUNELSA C.T.A -COOPERATIVA MULT. COMUNITARIA EL SANTUARIO;R9;V25;15:36:00
8b2eff6d;18/09/2025;2:10:00 p.ÿm.;36 INCOOMAR - INDUSTRIA COOPERATIVA DE MARINILLA;R1;V2;14:20:00
341dcadd;18/09/2025;2:15:00 p.ÿm.;P53 GISA SAS;R9;V13;14:27:00
55767427;18/09/2025;2:21:00 p.ÿm.;D2 IMATEX INDUSTRIA Y MANUFACTURAS TEXTILES S.A.S;R1;V2;14:40:00
a9fe5ed9;18/09/2025;2:22:00 p.ÿm.;86 COOP. TRAB. ASOCIAD. CRECER Y CREAR;R2;V20;14:29:00
1f48f664;18/09/2025;2:26:00 p.ÿm.;P08 MANUFACTURA ODIM S.A.S.;R9;V6;14:32:00
44734a1e;18/09/2025;2:30:00 p.ÿm.;36 INCOOMAR - INDUSTRIA COOPERATIVA DE MARINILLA;R2;V20;14:48:00
972839a3;18/09/2025;2:45:00 p.ÿm.;P85 CREACIONES VENETO SAS;R9;V13;14:50:00
8cfdd226;8/10/2025;3:25:00 p.ÿm.;24 ECOOELSA C.T.A - EMPRESA COOP. EL SANTUARIO C.T.A.;R9;V25;15:36:00
3cf53160;18/09/2025;3:13:00 p.ÿm.;P05 MAQUILADORA DYA SAS;R9;V13;15:19:00
41c430dc;18/09/2025;3:00:00 p.ÿm.;P46 MERAKI;R9;V6;15:10:00
3340bd8a;18/09/2025;3:26:00 p.ÿm.;CD CENTRO DE DISTRIBUCIàN;R9;V6;15:55:00
501f21a6;18/09/2025;3:25:00 p.ÿm.;P42 ROJAS CONFECCIONES;R9;V13;15:28:00
e4a6edb9;18/09/2025;3:32:00 p.ÿm.;P01 S&VCONFECCIONES;R9;V13;15:37:00
3982400e;18/09/2025;3:50:00 p.ÿm.;CD CENTRO DE DISTRIBUCIàN;R9;V13;16:05:00
16175d33;18/09/2025;4:15:00 p.ÿm.;P14 PRYM S.A.S.;R9;V6;16:18:00
0b032fba;18/09/2025;4:32:00 p.ÿm.;CD CENTRO DE DISTRIBUCIàN;R2;V20;16:38:00
2017a500;18/09/2025;5:18:00 p.ÿm.;CD CENTRO DE DISTRIBUCIàN;R1;V2;18:03:00
d4a3511e;18/09/2025;4:35:00 p.ÿm.;P67 MAQUIDIEZ S.A.S.;R9;V6;
8cd3ce01;18/09/2025;6:10:00 p.ÿm.;CI CENTRO DE INTEGRACIàN;R1;V2;18:30:00
26e6fa09;19/09/2025;4:53:00 a.ÿm.;CI CENTRO DE INTEGRACIàN;R1;V2;5:00:00
9d0fffb3;19/09/2025;6:08:00 a.ÿm.;42 COOPIMAR - COOPERATIVA INDUSTRIAL MARINILLA C.T.A;R1;V2;6:53:00
76705ff8;19/09/2025;6:59:00 a.ÿm.;D2 IMATEX INDUSTRIA Y MANUFACTURAS TEXTILES S.A.S;R1;V2;7:23:00
41409284;19/09/2025;7:16:00 a.ÿm.;CD CENTRO DE DISTRIBUCIàN;R9;V13;7:38:00
cf5e30bc;19/09/2025;7:23:00 a.ÿm.;B9 DUNNINGTON CORPORATION (ANTES NOVAL);R2;V20;7:29:00
226952b5;19/09/2025;7:41:00 a.ÿm.;36 INCOOMAR - INDUSTRIA COOPERATIVA DE MARINILLA;R1;V2;7:49:00
ee600360;19/09/2025;7:52:00 a.ÿm.;P05 MAQUILADORA DYA SAS;R9;V13;8:05:00
1517d41c;19/09/2025;8:05:00 a.ÿm.;40 GRUPO CENIT S.A.S;R1;V2;8:21:00
8a6a1752;19/09/2025;8:09:00 a.ÿm.;P42 ROJAS CONFECCIONES;R9;V13;8:13:00
bc6be46d;19/09/2025;8:11:00 a.ÿm.;B7 CREATEX FORMAS INTIMAS S.A.S.;R1;V2;8:27:00
fd79ab5d;19/09/2025;8:11:00 a.ÿm.;B3 MODATEX CONFECCIONES JFC S.A.S.;R1;V2;8:28:00
50a3abe0;19/09/2025;8:16:00 a.ÿm.;P01 S&VCONFECCIONES;R9;V13;8:20:00
b4cb74e4;19/09/2025;8:25:00 a.ÿm.;A4 CONFECCIONES COOL FASHION S.A.S;R1;V2;8:31:00
560fb2ed;19/09/2025;8:33:00 a.ÿm.;32 MANUFACTURAS GIRALDO ZULUAGA S.A.S.;R1;V2;8:53:00
1a7d8e9b;19/09/2025;8:43:00 a.ÿm.;P85 CREACIONES VENETO SAS;R9;V13;8:56:00
6a823214;19/09/2025;8:54:00 a.ÿm.;24 ECOOELSA C.T.A - EMPRESA COOP. EL SANTUARIO C.T.A.;R1;V2;11:40:00
3986d712;19/09/2025;9:07:00 a.ÿm.;CI CENTRO DE INTEGRACIàN;R2;V20;9:38:00
8c1a5dec;19/09/2025;9:12:00 a.ÿm.;P53 GISA SAS;R9;V13;9:26:00
189486ed;19/09/2025;9:40:00 a.ÿm.;30 WAGNER COMMERCIAL GROUP (ANTES TINY MED);R2;V20;9:42:00
41d4cfab;19/09/2025;9:42:00 a.ÿm.;21 MANUFACTURA S.A.;R2;V20;9:51:00
50eb0ed9;19/09/2025;9:51:00 a.ÿm.;D4 IMAGEN TEXTIL J&S S.A.S;R1;V2;10:12:00
594767c5;19/09/2025;10:13:00 a.ÿm.;69 COOMUNELSA C.T.A -COOPERATIVA MULT. COMUNITARIA EL SANTUARIO;R1;V2;11:30:00
6cbbdfe1;19/09/2025;11:06:00 a.ÿm.;P09 FERMASA S.A.S.;R9;V13;11:27:00
862c9497;19/09/2025;11:43:00 a.ÿm.;06 SODECON DE CONFECCION S.A.S;R1;V2;11:56:00
fd673be1;19/09/2025;11:46:00 a.ÿm.;D7 GRUPO ORIENTEX S.A.S;R1;V2;12:07:00
9a3b73cd;19/09/2025;11:55:00 a.ÿm.;CI CENTRO DE INTEGRACIàN;R2;V20;12:00:00
a7c4ba30;19/09/2025;12:01:00 p.ÿm.;13 ALIANZA CONAZZTEX S.A.S.;R1;V2;12:20:00
0d7e6ec0;19/09/2025;12:00:00 p.ÿm.;CD CENTRO DE DISTRIBUCIàN;R2;V20;12:12:00
e3fed7ee;19/09/2025;12:01:00 p.ÿm.;46 CONFECCIONES CAVITEX S.A.S.;R1;V2;12:21:00
484b737f;19/09/2025;12:20:00 p.ÿm.;CD CENTRO DE DISTRIBUCIàN;R9;V6;12:26:00
6247af98;19/09/2025;12:23:00 p.ÿm.;56 CREACIONES MPM S.A.S.;R1;V2;12:33:00
dd52d952;8/10/2025;3:25:00 p.ÿm.;D7 GRUPO ORIENTEX S.A.S;R9;V25;15:36:00
32582ed1;8/10/2025;3:25:00 p.ÿm.;46 CONFECCIONES CAVITEX S.A.S.;R9;V25;15:37:00
e6aa6233;8/10/2025;5:38:00 p.ÿm.;CD CENTRO DE DISTRIBUCIàN;R9;V25;17:57:00
9d3188a2;19/09/2025;12:40:00 p.ÿm.;L07 INVERSIONES TAMESCO S.A.S.;R9;V6;12:55:00
120f3cf7;7/10/2025;1:59:00 p.ÿm.;CD CENTRO DE DISTRIBUCIàN;R9;V25;14:40:00
9dd0f03c;7/10/2025;2:21:00 p.ÿm.;32 MANUFACTURAS GIRALDO ZULUAGA S.A.S.;R9;V25;14:40:00
12181de0;7/10/2025;2:27:00 p.ÿm.;69 COOMUNELSA C.T.A -COOPERATIVA MULT. COMUNITARIA EL SANTUARIO;R9;V25;14:40:00
6ed38294;19/09/2025;1:25:00 p.ÿm.;P12 CONFECCIONES SELEMAR;R9;V13;13:36:00
97bf5378;19/09/2025;1:35:00 p.ÿm.;P67 MAQUIDIEZ S.A.S.;R9;V6;13:40:00
2a1a46da;19/09/2025;1:36:00 p.ÿm.;D2 IMATEX INDUSTRIA Y MANUFACTURAS TEXTILES S.A.S;R1;V2;13:54:00
63bd2503;7/10/2025;2:27:00 p.ÿm.;24 ECOOELSA C.T.A - EMPRESA COOP. EL SANTUARIO C.T.A.;R9;V25;14:41:00
be99f680;7/10/2025;2:28:00 p.ÿm.;D7 GRUPO ORIENTEX S.A.S;R9;V25;14:41:00
a241cf10;19/09/2025;1:40:00 p.ÿm.;P61 MAQUILIFE S.A.S.;R9;V6;13:45:00
758cbc18;19/09/2025;2:04:00 p.ÿm.;P46 MERAKI;R9;V6;14:13:00
8251b826;19/09/2025;2:07:00 p.ÿm.;P14 PRYM S.A.S.;R9;V13;14:30:00
d16d67e2;19/09/2025;2:25:00 p.ÿm.;P54 MANUFACTURA VAMALI;R9;V6;14:33:00
5a5c8303;19/09/2025;2:35:00 p.ÿm.;CI CENTRO DE INTEGRACIàN;R9;V13;14:40:00
62dfc862;7/10/2025;2:28:00 p.ÿm.;46 CONFECCIONES CAVITEX S.A.S.;R9;V25;14:41:00
14ae1a86;19/09/2025;2:45:00 p.ÿm.;P07 BAETEX SAS;R9;V6;14:51:00
c8fd4a71;19/09/2025;2:48:00 p.ÿm.;P85 CREACIONES VENETO SAS;R9;V13;14:55:00
54da3a46;19/09/2025;3:09:00 p.ÿm.;P08 MANUFACTURA ODIM S.A.S.;R9;V6;15:15:00
371fbd71;19/09/2025;3:08:00 p.ÿm.;P05 MAQUILADORA DYA SAS;R9;V13;15:19:00
6d590fc4;19/09/2025;3:24:00 p.ÿm.;P42 ROJAS CONFECCIONES;R9;V13;15:35:00
c6222264;19/09/2025;3:29:00 p.ÿm.;CD CENTRO DE DISTRIBUCIàN;R1;V2;16:14:00
0c4b839a;19/09/2025;3:40:00 p.ÿm.;CD CENTRO DE DISTRIBUCIàN;R9;V6;16:45:00
b17064c8;19/09/2025;3:37:00 p.ÿm.;P01 S&VCONFECCIONES;R9;V13;15:46:00
1a6e4395;19/09/2025;4:25:00 p.ÿm.;CD CENTRO DE DISTRIBUCIàN;R9;V13;
ba469895;19/09/2025;4:43:00 p.ÿm.;42 COOPIMAR - COOPERATIVA INDUSTRIAL MARINILLA C.T.A;R2;V20;17:28:00
a7d69896;19/09/2025;4:44:00 p.ÿm.;CI CENTRO DE INTEGRACIàN;R1;V2;16:50:00
2b21c2c3;19/09/2025;5:29:00 p.ÿm.;86 COOP. TRAB. ASOCIAD. CRECER Y CREAR;R2;V20;17:45:00
e06834ba;19/09/2025;5:45:00 p.ÿm.;72 COOPERATIVA MULTIACTIVA EL PE¥OL - COOMPAB;R2;V20;17:50:00
5799ef5c;19/09/2025;5:51:00 p.ÿm.;36 INCOOMAR - INDUSTRIA COOPERATIVA DE MARINILLA;R2;V20;18:00:00
d6e88e55;19/09/2025;6:00:00 p.ÿm.;REEMPAQUE RENACER;R2;V20;18:08:00
d094fff7;19/09/2025;7:36:00 p.ÿm.;CD CENTRO DE DISTRIBUCIàN;R2;V20;19:43:00
d93b680d;20/09/2025;4:49:00 a.ÿm.;CI CENTRO DE INTEGRACIàN;R1;V2;5:01:00
0cb2fc5f;20/09/2025;6:56:00 a.ÿm.;30 WAGNER COMMERCIAL GROUP (ANTES TINY MED);R2;V20;7:04:00
cb48f7cb;20/09/2025;7:04:00 a.ÿm.;B9 DUNNINGTON CORPORATION (ANTES NOVAL);R2;V20;7:22:00
3a213cb5;20/09/2025;7:11:00 a.ÿm.;36 INCOOMAR - INDUSTRIA COOPERATIVA DE MARINILLA;R1;V2;7:43:00
9539300d;7/10/2025;2:28:00 p.ÿm.;36 INCOOMAR - INDUSTRIA COOPERATIVA DE MARINILLA;R9;V25;14:41:00
dc2b004d;20/09/2025;7:23:00 a.ÿm.;CI CENTRO DE INTEGRACIàN;R2;V20;7:30:00
94cdaf05;20/09/2025;7:51:00 a.ÿm.;42 COOPIMAR - COOPERATIVA INDUSTRIAL MARINILLA C.T.A;R1;V2;8:30:00
bf7e0ac2;20/09/2025;8:36:00 a.ÿm.;B7 CREATEX FORMAS INTIMAS S.A.S.;R1;V2;8:46:00
5f79d1b7;20/09/2025;8:37:00 a.ÿm.;B3 MODATEX CONFECCIONES JFC S.A.S.;R1;V2;8:46:00
f2e39693;20/09/2025;8:49:00 a.ÿm.;32 MANUFACTURAS GIRALDO ZULUAGA S.A.S.;R1;V2;8:59:00
ad81dfb4;7/10/2025;2:29:00 p.ÿm.;42 COOPIMAR - COOPERATIVA INDUSTRIAL MARINILLA C.T.A;R9;V25;14:42:00
29fb1a9d;20/09/2025;9:05:00 a.ÿm.;CD CENTRO DE DISTRIBUCIàN;R9;V6;9:17:00
9fc73dd8;20/09/2025;9:18:00 a.ÿm.;24 ECOOELSA C.T.A - EMPRESA COOP. EL SANTUARIO C.T.A.;R1;V2;10:09:00
1d156859;6/10/2025;12:40:00 p.ÿm.;CD CENTRO DE DISTRIBUCIàN;R9;V25;13:04:00
97fd8044;20/09/2025;9:35:00 a.ÿm.;L07 INVERSIONES TAMESCO S.A.S.;R9;V6;9:57:00
331a72c2;20/09/2025;9:46:00 a.ÿm.;CI CENTRO DE INTEGRACIàN;R13;V20;9:59:00
38f96429;20/09/2025;9:56:00 a.ÿm.;D4 IMAGEN TEXTIL J&S S.A.S;R1;V2;10:11:00
6dcc0c3f;6/10/2025;12:41:00 p.ÿm.;69 COOMUNELSA C.T.A -COOPERATIVA MULT. COMUNITARIA EL SANTUARIO;R9;V25;13:04:00
7c1a428f;20/09/2025;10:03:00 a.ÿm.;05 C.I. CONFECCIONES OLAS S.A;R9;V6;10:30:00
34653ec3;6/10/2025;12:54:00 p.ÿm.;24 ECOOELSA C.T.A - EMPRESA COOP. EL SANTUARIO C.T.A.;R9;V25;13:04:00
32636d32;20/09/2025;10:09:00 a.ÿm.;69 COOMUNELSA C.T.A -COOPERATIVA MULT. COMUNITARIA EL SANTUARIO;R1;V2;10:34:00
81eb59b1;20/09/2025;10:00:00 a.ÿm.;P09 FERMASA S.A.S.;R9;V13;10:25:00
eae51a90;20/09/2025;10:34:00 a.ÿm.;06 SODECON DE CONFECCION S.A.S;R1;V2;10:54:00
1f44ee06;20/09/2025;10:45:00 a.ÿm.;P07 BAETEX SAS;R9;V6;10:54:00
aa94d02a;20/09/2025;10:40:00 a.ÿm.;CD CENTRO DE DISTRIBUCIàN;R2;V20;10:50:00
dbae51d7;6/10/2025;12:54:00 p.ÿm.;P86 CREACIONES SARAI;R9;V25;13:05:00
5bc96a24;20/09/2025;10:54:00 a.ÿm.;13 ALIANZA CONAZZTEX S.A.S.;R1;V2;11:30:00
ac327a77;20/09/2025;10:54:00 a.ÿm.;P85 CREACIONES VENETO SAS;R9;V13;11:05:00
54c23b37;20/09/2025;10:54:00 a.ÿm.;13 ALIANZA CONAZZTEX S.A.S.;R1;V2;11:03:00
188b59bb;20/09/2025;11:03:00 a.ÿm.;46 CONFECCIONES CAVITEX S.A.S.;R1;V2;11:30:00
bd828e6c;20/09/2025;10:45:00 a.ÿm.;P07 BAETEX SAS;R9;V6;10:54:00
92016196;6/10/2025;12:55:00 p.ÿm.;46 CONFECCIONES CAVITEX S.A.S.;R9;V25;13:05:00
0cc44576;20/09/2025;11:34:00 a.ÿm.;24 ECOOELSA C.T.A - EMPRESA COOP. EL SANTUARIO C.T.A.;R1;V2;12:13:00
a7b67f2e;20/09/2025;11:52:00 a.ÿm.;P67 MAQUIDIEZ S.A.S.;R9;V6;12:00:00
d185edd3;20/09/2025;11:15:00 a.ÿm.;P08 MANUFACTURA ODIM S.A.S.;R9;V6;11:30:00
62e67e2e;20/09/2025;12:12:00 p.ÿm.;42 COOPIMAR - COOPERATIVA INDUSTRIAL MARINILLA C.T.A;R2;V20;13:08:00
b2ac30c6;20/09/2025;12:43:00 p.ÿm.;CD CENTRO DE DISTRIBUCIàN;R9;V13;12:56:00
93862b73;20/09/2025;12:55:00 p.ÿm.;L14 VYDA S.A.S.;R9;V6;13:04:00
381e91c7;20/09/2025;12:39:00 p.ÿm.;86 COOP. TRAB. ASOCIAD. CRECER Y CREAR;R2;V20;13:11:00
5c53fac9;20/09/2025;1:11:00 p.ÿm.;72 COOPERATIVA MULTIACTIVA EL PE¥OL - COOMPAB;R2;V20;13:56:00
bf39af3e;20/09/2025;1:26:00 p.ÿm.;D2 IMATEX INDUSTRIA Y MANUFACTURAS TEXTILES S.A.S;R1;V2;13:35:00
020a584f;20/09/2025;1:25:00 p.ÿm.;CD CENTRO DE DISTRIBUCIàN;R9;V6;13:50:00
3e5877a7;6/10/2025;12:55:00 p.ÿm.;36 INCOOMAR - INDUSTRIA COOPERATIVA DE MARINILLA;R9;V25;13:05:00
af82afa1;20/09/2025;1:56:00 p.ÿm.;36 INCOOMAR - INDUSTRIA COOPERATIVA DE MARINILLA;R2;V20;14:11:00
b8a7ec8a;20/09/2025;2:11:00 p.ÿm.;REEMPAQUE RENACER;R2;V20;14:15:00
0d864512;20/09/2025;2:47:00 p.ÿm.;CD CENTRO DE DISTRIBUCIàN;R1;V2;15:18:00
c2c913a6;20/09/2025;3:26:00 p.ÿm.;CD CENTRO DE DISTRIBUCIàN;R2;V20;15:34:00
cb32a7b6;20/09/2025;3:32:00 p.ÿm.;CI CENTRO DE INTEGRACIàN;R1;V2;15:44:00
33f129fe;22/09/2025;4:47:00 a.ÿm.;CI CENTRO DE INTEGRACIàN;R1;V2;4:52:00
5bf94280;22/09/2025;6:06:00 a.ÿm.;42 COOPIMAR - COOPERATIVA INDUSTRIAL MARINILLA C.T.A;R1;V2;6:44:00
bb933f42;22/09/2025;6:35:00 a.ÿm.;36 INCOOMAR - INDUSTRIA COOPERATIVA DE MARINILLA;R1;V2;6:51:00
81a8c391;22/09/2025;7:15:00 a.ÿm.;40 GRUPO CENIT S.A.S;R1;V2;7:25:00
ee30040b;22/09/2025;7:18:00 a.ÿm.;B7 CREATEX FORMAS INTIMAS S.A.S.;R1;V2;7:28:00
1b5061b3;22/09/2025;7:18:00 a.ÿm.;B3 MODATEX CONFECCIONES JFC S.A.S.;R1;V2;7:29:00
0d578fb6;22/09/2025;7:00:00 a.ÿm.;CD CENTRO DE DISTRIBUCIàN;R9;V13;7:29:00
f6c4fc01;22/09/2025;7:30:00 a.ÿm.;32 MANUFACTURAS GIRALDO ZULUAGA S.A.S.;R1;V2;8:39:00
a80316b9;22/09/2025;8:28:00 a.ÿm.;P85 CREACIONES VENETO SAS;R9;V13;8:35:00
17b56f0c;22/09/2025;8:39:00 a.ÿm.;24 ECOOELSA C.T.A - EMPRESA COOP. EL SANTUARIO C.T.A.;R1;V2;9:19:00
c2e40d0c;22/09/2025;8:58:00 a.ÿm.;P05 MAQUILADORA DYA SAS;R9;V13;9:14:00
cb1ab636;22/09/2025;9:16:00 a.ÿm.;D4 IMAGEN TEXTIL J&S S.A.S;R1;V2;9:52:00
cbc40322;22/09/2025;9:40:00 a.ÿm.;69 COOMUNELSA C.T.A -COOPERATIVA MULT. COMUNITARIA EL SANTUARIO;R1;V2;10:13:00
8d460d5c;22/09/2025;10:14:00 a.ÿm.;06 SODECON DE CONFECCION S.A.S;R1;V2;10:28:00
b2cd7d2c;22/09/2025;10:15:00 a.ÿm.;D7 GRUPO ORIENTEX S.A.S;R1;V2;10:28:00
2e3d4923;22/09/2025;10:29:00 a.ÿm.;13 ALIANZA CONAZZTEX S.A.S.;R1;V2;10:53:00
c7774866;22/09/2025;10:30:00 a.ÿm.;46 CONFECCIONES CAVITEX S.A.S.;R1;V2;10:55:00
815a57b2;22/09/2025;10:56:00 a.ÿm.;56 CREACIONES MPM S.A.S.;R1;V2;11:04:00
c8dde1a6;22/09/2025;11:05:00 a.ÿm.;CD CENTRO DE DISTRIBUCIàN;R2;V20;23:45:00
d526589c;22/09/2025;11:05:00 a.ÿm.;CI CENTRO DE INTEGRACIàN;R2;V20;23:00:00
97d06712;22/09/2025;11:37:00 a.ÿm.;36 INCOOMAR - INDUSTRIA COOPERATIVA DE MARINILLA;R1;V2;12:00:00
25824f3e;22/09/2025;11:57:00 a.ÿm.;D2 IMATEX INDUSTRIA Y MANUFACTURAS TEXTILES S.A.S;R1;V2;12:27:00
a83b9b72;22/09/2025;12:13:00 p.ÿm.;P09 FERMASA S.A.S.;R9;V13;12:54:00
a5d89c31;22/09/2025;12:30:00 p.ÿm.;L07 INVERSIONES TAMESCO S.A.S.;R9;V6;12:30:00
2fdad2cc;22/09/2025;1:13:00 p.ÿm.;REEMPAQUE RENACER;R2;V20;13:45:00
95e9de6b;22/09/2025;1:13:00 p.ÿm.;42 COOPIMAR - COOPERATIVA INDUSTRIAL MARINILLA C.T.A;R2;V20;14:40:00
70d06145;22/09/2025;1:13:00 p.ÿm.;42 COOPIMAR - COOPERATIVA INDUSTRIAL MARINILLA C.T.A;R2;V20;14:45:00
85128f4b;22/09/2025;1:17:00 p.ÿm.;42 COOPIMAR - COOPERATIVA INDUSTRIAL MARINILLA C.T.A;R2;V20;14:45:00
b879d5cf;22/09/2025;1:22:00 p.ÿm.;P12 CONFECCIONES SELEMAR;R9;V13;13:25:00
c9dd04e3;22/09/2025;1:59:00 p.ÿm.;P14 PRYM S.A.S.;R9;V13;14:05:00
1bb3d0bb;6/10/2025;12:55:00 p.ÿm.;42 COOPIMAR - COOPERATIVA INDUSTRIAL MARINILLA C.T.A;R9;V25;13:06:00
59bf1675;22/09/2025;2:04:00 p.ÿm.;CD CENTRO DE DISTRIBUCIàN;R1;V2;14:44:00
5cb54d33;22/09/2025;2:14:00 p.ÿm.;CI CENTRO DE INTEGRACIàN;R9;V13;14:17:00
62de00be;22/09/2025;2:00:00 p.ÿm.;P61 MAQUILIFE S.A.S.;R9;V6;14:05:00
cfe9885a;22/09/2025;2:27:00 p.ÿm.;P85 CREACIONES VENETO SAS;R9;V13;14:37:00
07bf9d9b;22/09/2025;2:05:00 p.ÿm.;P67 MAQUIDIEZ S.A.S.;R9;V6;14:14:00
aa49fd8b;22/09/2025;2:32:00 p.ÿm.;P46 MERAKI;R9;V6;14:44:00
b07f1fe9;22/09/2025;2:40:00 p.ÿm.;36 INCOOMAR - INDUSTRIA COOPERATIVA DE MARINILLA;R2;V20;14:53:00
0e7ad366;22/09/2025;2:41:00 p.ÿm.;86 COOP. TRAB. ASOCIAD. CRECER Y CREAR;R2;V20;15:42:00
aa9d2479;22/09/2025;2:41:00 p.ÿm.;72 COOPERATIVA MULTIACTIVA EL PE¥OL - COOMPAB;R2;V20;15:43:00
e0dd5016;4/10/2025;7:10:00 a.ÿm.;CD CENTRO DE DISTRIBUCIàN;R9;V25;7:52:00
601b4f4b;22/09/2025;2:56:00 p.ÿm.;CI CENTRO DE INTEGRACIàN;R1;V2;15:09:00
69625822;22/09/2025;3:00:00 p.ÿm.;P54 MANUFACTURA VAMALI;R9;V6;15:06:00
8f0435bc;22/09/2025;3:15:00 p.ÿm.;P07 BAETEX SAS;R9;V6;15:23:00
455ec518;4/10/2025;10:08:00 a.ÿm.;69 COOMUNELSA C.T.A -COOPERATIVA MULT. COMUNITARIA EL SANTUARIO;R9;V25;10:25:00
dfe57cc4;22/09/2025;3:15:00 p.ÿm.;P05 MAQUILADORA DYA SAS;R9;V13;15:20:00
7cfb2b5d;4/10/2025;10:53:00 a.ÿm.;46 CONFECCIONES CAVITEX S.A.S.;R9;V25;10:55:00
d0e9615b;22/09/2025;4:29:00 p.ÿm.;CD CENTRO DE DISTRIBUCIàN;R2;V20;17:35:00
1f157089;4/10/2025;11:18:00 a.ÿm.;36 INCOOMAR - INDUSTRIA COOPERATIVA DE MARINILLA;R9;V25;12:20:00
187e6efb;22/09/2025;3:50:00 p.ÿm.;P08 MANUFACTURA ODIM S.A.S.;R9;V6;15:56:00
3ca84fd4;22/09/2025;3:30:00 p.ÿm.;P42 ROJAS CONFECCIONES;R9;V13;16:00:00
1a57273f;22/09/2025;4:02:00 p.ÿm.;P01 S&VCONFECCIONES;R9;V13;16:00:00
aaa05bbb;22/09/2025;4:20:00 p.ÿm.;P14 PRYM S.A.S.;R9;V6;16:29:00
fdf378a8;22/09/2025;4:40:00 p.ÿm.;CD CENTRO DE DISTRIBUCIàN;R9;V6;17:15:00
eb4420d3;22/09/2025;4:41:00 p.ÿm.;CD CENTRO DE DISTRIBUCIàN;R9;V13;16:54:00
e4db51a4;23/09/2025;4:50:00 a.ÿm.;CI CENTRO DE INTEGRACIàN;R1;V2;4:55:00
28287e8e;23/09/2025;6:00:00 a.ÿm.;42 COOPIMAR - COOPERATIVA INDUSTRIAL MARINILLA C.T.A;R1;V2;6:36:00
2796a602;23/09/2025;6:45:00 a.ÿm.;36 INCOOMAR - INDUSTRIA COOPERATIVA DE MARINILLA;R1;V2;7:10:00
59d37d81;23/09/2025;6:55:00 a.ÿm.;CD CENTRO DE DISTRIBUCIàN;R9;V13;7:23:00
eeee4a5d;23/09/2025;7:19:00 a.ÿm.;40 GRUPO CENIT S.A.S;R1;V2;7:31:00
25402ce3;23/09/2025;7:32:00 a.ÿm.;B7 CREATEX FORMAS INTIMAS S.A.S.;R1;V2;7:43:00
1e5c4b0b;23/09/2025;7:33:00 a.ÿm.;B3 MODATEX CONFECCIONES JFC S.A.S.;R1;V2;7:43:00
b1243a07;23/09/2025;7:44:00 a.ÿm.;P85 CREACIONES VENETO SAS;R9;V13;7:51:00
f8665eb7;23/09/2025;7:55:00 a.ÿm.;B9 DUNNINGTON CORPORATION (ANTES NOVAL);R2;V20;8:16:00
797c4614;23/09/2025;7:58:00 a.ÿm.;A4 CONFECCIONES COOL FASHION S.A.S;R1;V2;8:05:00
5dcc8114;23/09/2025;8:02:00 a.ÿm.;32 MANUFACTURAS GIRALDO ZULUAGA S.A.S.;R1;V2;8:15:00
aec38899;23/09/2025;8:16:00 a.ÿm.;P42 ROJAS CONFECCIONES;R9;V13;8:35:00
d207c515;23/09/2025;8:18:00 a.ÿm.;21 MANUFACTURA S.A.;R2;V20;11:44:00
ced454b4;23/09/2025;8:24:00 a.ÿm.;CI CENTRO DE INTEGRACIàN;R2;V20;8:31:00
f227e1fa;23/09/2025;8:32:00 a.ÿm.;24 ECOOELSA C.T.A - EMPRESA COOP. EL SANTUARIO C.T.A.;R1;V2;9:44:00
76b5b5bb;23/09/2025;9:44:00 a.ÿm.;D4 IMAGEN TEXTIL J&S S.A.S;R1;V2;10:17:00
50b0afa6;23/09/2025;10:17:00 a.ÿm.;69 COOMUNELSA C.T.A -COOPERATIVA MULT. COMUNITARIA EL SANTUARIO;R1;V2;10:35:00
8472147e;23/09/2025;10:35:00 a.ÿm.;06 SODECON DE CONFECCION S.A.S;R1;V2;10:58:00
c1a63e07;23/09/2025;10:36:00 a.ÿm.;D7 GRUPO ORIENTEX S.A.S;R1;V2;11:07:00
fbf82154;23/09/2025;11:08:00 a.ÿm.;13 ALIANZA CONAZZTEX S.A.S.;R1;V2;11:19:00
909c9b0e;23/09/2025;11:08:00 a.ÿm.;46 CONFECCIONES CAVITEX S.A.S.;R1;V2;11:19:00
b3c84d57;23/09/2025;11:15:00 a.ÿm.;P09 FERMASA S.A.S.;R9;V13;11:40:00
6098402e;23/09/2025;11:22:00 a.ÿm.;56 CREACIONES MPM S.A.S.;R1;V2;11:30:00
064702a6;23/09/2025;11:28:00 a.ÿm.;CI CENTRO DE INTEGRACIàN;R2;V20;11:45:00
91133d05;3/10/2025;10:09:00 a.ÿm.;32 MANUFACTURAS GIRALDO ZULUAGA S.A.S.;R9;V25;10:15:00
f5591d0f;3/10/2025;10:09:00 a.ÿm.;69 COOMUNELSA C.T.A -COOPERATIVA MULT. COMUNITARIA EL SANTUARIO;R9;V25;10:36:00
562c04b2;3/10/2025;10:09:00 a.ÿm.;24 ECOOELSA C.T.A - EMPRESA COOP. EL SANTUARIO C.T.A.;R9;V25;10:45:00
4aa9b565;23/09/2025;11:45:00 a.ÿm.;30 WAGNER COMMERCIAL GROUP (ANTES TINY MED);R2;V20;17:54:00
d39c98f9;23/09/2025;12:20:00 p.ÿm.;CD CENTRO DE DISTRIBUCIàN;R9;V6;12:25:00
73cfd029;23/09/2025;12:08:00 p.ÿm.;24 ECOOELSA C.T.A - EMPRESA COOP. EL SANTUARIO C.T.A.;R1;V2;13:23:00
4894274e;3/10/2025;11:14:00 a.ÿm.;P86 CREACIONES SARAI;R9;V25;22:50:00
8ef465ab;3/10/2025;11:14:00 a.ÿm.;D7 GRUPO ORIENTEX S.A.S;R9;V25;22:45:00
54d127a4;3/10/2025;11:15:00 a.ÿm.;46 CONFECCIONES CAVITEX S.A.S.;R9;V25;22:55:00
6157c002;23/09/2025;12:35:00 p.ÿm.;L07 INVERSIONES TAMESCO S.A.S.;R9;V6;12:50:00
27e2371d;23/09/2025;12:55:00 p.ÿm.;05 C.I. CONFECCIONES OLAS S.A;R9;V6;13:26:00
99f7af2b;23/09/2025;1:15:00 p.ÿm.;P12 CONFECCIONES SELEMAR;R9;V13;13:29:00
36754ee3;3/10/2025;2:30:00 p.ÿm.;CD CENTRO DE DISTRIBUCIàN;R9;V25;
0b6b9741;2/10/2025;9:28:00 a.ÿm.;69 COOMUNELSA C.T.A -COOPERATIVA MULT. COMUNITARIA EL SANTUARIO;R9;V25;9:15:00
b43e77c0;23/09/2025;1:35:00 p.ÿm.;P61 MAQUILIFE S.A.S.;R9;V6;13:42:00
07809fce;23/09/2025;1:41:00 p.ÿm.;P67 MAQUIDIEZ S.A.S.;R9;V6;13:46:00
30fd775b;23/09/2025;12:09:00 p.ÿm.;42 COOPIMAR - COOPERATIVA INDUSTRIAL MARINILLA C.T.A;R2;V20;17:56:00
1786fd55;23/09/2025;2:00:00 p.ÿm.;D2 IMATEX INDUSTRIA Y MANUFACTURAS TEXTILES S.A.S;R1;V2;14:27:00
d882aca1;2/10/2025;9:28:00 a.ÿm.;24 ECOOELSA C.T.A - EMPRESA COOP. EL SANTUARIO C.T.A.;R9;V25;9:30:00
ea75caa8;23/09/2025;2:04:00 p.ÿm.;P14 PRYM S.A.S.;R9;V13;14:14:00
5f4f2536;23/09/2025;2:03:00 p.ÿm.;CD CENTRO DE DISTRIBUCIàN;R9;V6;14:30:00
35b753ec;23/09/2025;2:21:00 p.ÿm.;P85 CREACIONES VENETO SAS;R9;V13;14:32:00
0c5ba0d3;23/09/2025;2:50:00 p.ÿm.;P46 MERAKI;R9;V6;14:59:00
d273a1e4;23/09/2025;2:55:00 p.ÿm.;P42 ROJAS CONFECCIONES;R9;V13;15:15:00
d6bb5ff8;23/09/2025;3:20:00 p.ÿm.;P05 MAQUILADORA DYA SAS;R9;V13;15:34:00
3e6d9a33;23/09/2025;3:38:00 p.ÿm.;CD CENTRO DE DISTRIBUCIàN;R1;V2;17:01:00
9545900b;23/09/2025;3:40:00 p.ÿm.;P01 S&VCONFECCIONES;R9;V13;15:50:00
966cf8d8;23/09/2025;3:20:00 p.ÿm.;P54 MANUFACTURA VAMALI;R9;V6;15:25:00
eae00b0b;23/09/2025;3:33:00 p.ÿm.;P07 BAETEX SAS;R9;V6;15:40:00
4cd781e1;23/09/2025;4:00:00 p.ÿm.;P08 MANUFACTURA ODIM S.A.S.;R9;V6;16:15:00
3b0bec61;23/09/2025;4:08:00 p.ÿm.;CD CENTRO DE DISTRIBUCIàN;R9;V13;16:29:00
6655b0e8;2/10/2025;10:24:00 a.ÿm.;86 COOP. TRAB. ASOCIAD. CRECER Y CREAR;R9;V25;10:36:00
78dc8316;23/09/2025;4:50:00 p.ÿm.;CD CENTRO DE DISTRIBUCIàN;R9;V6;
c36aff8f;23/09/2025;5:14:00 p.ÿm.;CI CENTRO DE INTEGRACIàN;R1;V2;17:24:00
e1685437;23/09/2025;5:56:00 p.ÿm.;72 COOPERATIVA MULTIACTIVA EL PE¥OL - COOMPAB;R2;V20;18:00:00
af446465;23/09/2025;6:00:00 p.ÿm.;86 COOP. TRAB. ASOCIAD. CRECER Y CREAR;R2;V20;18:04:00
494a780d;23/09/2025;6:04:00 p.ÿm.;36 INCOOMAR - INDUSTRIA COOPERATIVA DE MARINILLA;R2;V20;18:13:00
79f95fe6;23/09/2025;6:13:00 p.ÿm.;REEMPAQUE RENACER;R2;V20;18:18:00
f27cf0c8;24/09/2025;4:54:00 a.ÿm.;CI CENTRO DE INTEGRACIàN;R1;V2;4:58:00
2d5b9e29;24/09/2025;6:03:00 a.ÿm.;42 COOPIMAR - COOPERATIVA INDUSTRIAL MARINILLA C.T.A;R1;V2;6:48:00
58fb2c03;24/09/2025;6:46:00 a.ÿm.;CI CENTRO DE INTEGRACIàN;R2;V20;7:00:00
f4c6aca3;24/09/2025;6:47:00 a.ÿm.;CD CENTRO DE DISTRIBUCIàN;R9;V13;6:51:00
8846d415;24/09/2025;6:48:00 a.ÿm.;36 INCOOMAR - INDUSTRIA COOPERATIVA DE MARINILLA;R1;V2;7:09:00
b365c7b5;24/09/2025;7:19:00 a.ÿm.;LS LESENSUEL;R2;V20;7:43:00
bb851412;24/09/2025;7:19:00 a.ÿm.;B9 DUNNINGTON CORPORATION (ANTES NOVAL);R2;V20;7:42:00
cc939f7a;24/09/2025;7:21:00 a.ÿm.;D2 IMATEX INDUSTRIA Y MANUFACTURAS TEXTILES S.A.S;R1;V2;7:44:00
52a0dab3;24/09/2025;7:43:00 a.ÿm.;21 MANUFACTURA S.A.;R2;V20;8:00:00
8e3d0f09;24/09/2025;7:53:00 a.ÿm.;40 GRUPO CENIT S.A.S;R1;V2;8:15:00
20d7fa8e;24/09/2025;7:58:00 a.ÿm.;B7 CREATEX FORMAS INTIMAS S.A.S.;R1;V2;8:14:00
99bedce6;24/09/2025;7:58:00 a.ÿm.;B3 MODATEX CONFECCIONES JFC S.A.S.;R1;V2;8:14:00
5c5743f9;24/09/2025;8:16:00 a.ÿm.;30 WAGNER COMMERCIAL GROUP (ANTES TINY MED);R2;V20;8:42:00
f017f2de;24/09/2025;8:16:00 a.ÿm.;CI CENTRO DE INTEGRACIàN;R2;V20;8:30:00
e274b404;24/09/2025;8:18:00 a.ÿm.;32 MANUFACTURAS GIRALDO ZULUAGA S.A.S.;R1;V2;8:33:00
e8a7cfe5;24/09/2025;10:30:00 a.ÿm.;CD CENTRO DE DISTRIBUCIàN;R2;V20;11:08:00
bb6001c3;24/09/2025;9:00:00 a.ÿm.;CI CENTRO DE INTEGRACIàN;R2;V20;10:15:00
4df66054;24/09/2025;8:54:00 a.ÿm.;24 ECOOELSA C.T.A - EMPRESA COOP. EL SANTUARIO C.T.A.;R1;V2;10:08:00
35287518;24/09/2025;9:21:00 a.ÿm.;P42 ROJAS CONFECCIONES;R9;V13;9:28:00
cfbacfa8;24/09/2025;9:56:00 a.ÿm.;P14 PRYM S.A.S.;R9;V13;10:03:00
d690e8b8;24/09/2025;10:25:00 a.ÿm.;D4 IMAGEN TEXTIL J&S S.A.S;R1;V2;10:33:00
0b522d0a;24/09/2025;10:31:00 a.ÿm.;69 COOMUNELSA C.T.A -COOPERATIVA MULT. COMUNITARIA EL SANTUARIO;R1;V2;11:17:00
1de7cc60;24/09/2025;11:30:00 a.ÿm.;06 SODECON DE CONFECCION S.A.S;R1;V2;11:52:00
b1a2fb6d;24/09/2025;11:31:00 a.ÿm.;D7 GRUPO ORIENTEX S.A.S;R1;V2;11:53:00
06fb9b61;24/09/2025;11:20:00 a.ÿm.;P09 FERMASA S.A.S.;R9;V13;11:50:00
e6e77a2f;24/09/2025;11:45:00 a.ÿm.;13 ALIANZA CONAZZTEX S.A.S.;R1;V2;12:12:00
1131ae9d;24/09/2025;11:49:00 a.ÿm.;46 CONFECCIONES CAVITEX S.A.S.;R1;V2;12:15:00
cbfc726a;24/09/2025;12:24:00 p.ÿm.;56 CREACIONES MPM S.A.S.;R1;V2;12:36:00
3c59f941;24/09/2025;12:38:00 p.ÿm.;42 COOPIMAR - COOPERATIVA INDUSTRIAL MARINILLA C.T.A;R2;V20;14:00:00
58fb286d;24/09/2025;12:38:00 p.ÿm.;42 COOPIMAR - COOPERATIVA INDUSTRIAL MARINILLA C.T.A;R2;V20;14:00:00
f9f568e1;24/09/2025;12:38:00 p.ÿm.;42 COOPIMAR - COOPERATIVA INDUSTRIAL MARINILLA C.T.A;R2;V20;14:00:00
41763d88;24/09/2025;12:45:00 p.ÿm.;CD CENTRO DE DISTRIBUCIàN;R9;V6;12:49:00
36b3a0cc;24/09/2025;1:00:00 p.ÿm.;L07 INVERSIONES TAMESCO S.A.S.;R9;V6;13:15:00
d9c69230;24/09/2025;1:18:00 p.ÿm.;P12 CONFECCIONES SELEMAR;R9;V13;13:29:00
356f3753;24/09/2025;1:20:00 p.ÿm.;05 C.I. CONFECCIONES OLAS S.A;R9;V6;13:50:00
a21bc6e9;24/09/2025;1:37:00 p.ÿm.;D2 IMATEX INDUSTRIA Y MANUFACTURAS TEXTILES S.A.S;R1;V2;14:04:00
457af812;24/09/2025;1:59:00 p.ÿm.;86 COOP. TRAB. ASOCIAD. CRECER Y CREAR;R2;V20;14:53:00
4341f339;24/09/2025;1:59:00 p.ÿm.;72 COOPERATIVA MULTIACTIVA EL PE¥OL - COOMPAB;R2;V20;14:53:00
391f52b7;24/09/2025;2:00:00 p.ÿm.;P14 PRYM S.A.S.;R9;V13;14:11:00
804728df;24/09/2025;2:00:00 p.ÿm.;P67 MAQUIDIEZ S.A.S.;R9;V6;14:11:00
9525eaf4;24/09/2025;2:10:00 p.ÿm.;P61 MAQUILIFE S.A.S.;R9;V6;14:16:00
b8d93d75;24/09/2025;2:22:00 p.ÿm.;P53 GISA SAS;R9;V13;14:29:00
6de90a00;24/09/2025;2:30:00 p.ÿm.;P54 MANUFACTURA VAMALI;R9;V6;14:35:00
e1df62ba;24/09/2025;2:42:00 p.ÿm.;P07 BAETEX SAS;R9;V6;14:48:00
b6cf7ea5;24/09/2025;2:50:00 p.ÿm.;P85 CREACIONES VENETO SAS;R9;V13;15:01:00
1488be17;2/10/2025;10:24:00 a.ÿm.;D7 GRUPO ORIENTEX S.A.S;R9;V25;10:19:00
e43824a4;24/09/2025;3:00:00 p.ÿm.;36 INCOOMAR - INDUSTRIA COOPERATIVA DE MARINILLA;R2;V20;15:00:00
77c05e5b;2/10/2025;10:24:00 a.ÿm.;46 CONFECCIONES CAVITEX S.A.S.;R9;V25;10:30:00
9a8e173e;2/10/2025;10:30:00 a.ÿm.;P86 CREACIONES SARAI;R9;V25;22:10:00
3a6c2951;24/09/2025;3:08:00 p.ÿm.;P08 MANUFACTURA ODIM S.A.S.;R9;V6;15:15:00
8c4c7914;2/10/2025;10:30:00 a.ÿm.;42 COOPIMAR - COOPERATIVA INDUSTRIAL MARINILLA C.T.A;R9;V25;23:02:00
a8227d5e;24/09/2025;3:15:00 p.ÿm.;P05 MAQUILADORA DYA SAS;R9;V13;15:23:00
72182eef;24/09/2025;3:16:00 p.ÿm.;CD CENTRO DE DISTRIBUCIàN;R1;V2;16:02:00
ef867083;24/09/2025;3:26:00 p.ÿm.;P42 ROJAS CONFECCIONES;R9;V13;15:30:00
10aa6904;24/09/2025;3:34:00 p.ÿm.;P01 S&VCONFECCIONES;R9;V13;15:44:00
2578ba9e;24/09/2025;3:44:00 p.ÿm.;P46 MERAKI;R9;V6;15:50:00
9b59dfbc;24/09/2025;3:47:00 p.ÿm.;REEMPAQUE RENACER;R2;V20;15:40:00
5bdc2520;24/09/2025;4:30:00 p.ÿm.;CD CENTRO DE DISTRIBUCIàN;R2;V20;18:06:00
5e860bb8;2/10/2025;10:30:00 a.ÿm.;36 INCOOMAR - INDUSTRIA COOPERATIVA DE MARINILLA;R9;V25;22:40:00
d8a3c39e;2/10/2025;12:30:00 a.ÿm.;CD CENTRO DE DISTRIBUCIàN;R9;V25;
3ca88347;24/09/2025;4:10:00 p.ÿm.;CI CENTRO DE INTEGRACIàN;R1;V2;16:22:00
2bc3b957;1/10/2025;9:18:00 a.ÿm.;32 MANUFACTURAS GIRALDO ZULUAGA S.A.S.;R9;V25;9:10:00
02f63cf4;24/09/2025;4:11:00 p.ÿm.;CD CENTRO DE DISTRIBUCIàN;R9;V6;16:51:00
1716c0d0;1/10/2025;9:27:00 a.ÿm.;69 COOMUNELSA C.T.A -COOPERATIVA MULT. COMUNITARIA EL SANTUARIO;R9;V25;9:49:00
4a052543;24/09/2025;4:14:00 p.ÿm.;CD CENTRO DE DISTRIBUCIàN;R9;V13;16:26:00
1cab8b37;1/10/2025;9:27:00 a.ÿm.;24 ECOOELSA C.T.A - EMPRESA COOP. EL SANTUARIO C.T.A.;R9;V25;9:55:00
6890a697;24/09/2025;5:05:00 p.ÿm.;P14 PRYM S.A.S.;R9;V6;17:12:00
63393318;24/09/2025;5:35:00 p.ÿm.;L14 VYDA S.A.S.;R9;V6;17:40:00
05b3252e;24/09/2025;6:20:00 p.ÿm.;P46 MERAKI;R9;V6;
01cbad7e;25/09/2025;5:03:00 a.ÿm.;CI CENTRO DE INTEGRACIàN;R1;V2;5:09:00
4c4ece94;25/09/2025;6:57:00 a.ÿm.;42 COOPIMAR - COOPERATIVA INDUSTRIAL MARINILLA C.T.A;R1;V2;7:45:00
9f2ecd38;25/09/2025;7:00:00 a.ÿm.;CD CENTRO DE DISTRIBUCIàN;R9;V13;7:18:00
d0ebdc95;25/09/2025;7:26:00 a.ÿm.;CI CENTRO DE INTEGRACIàN;R2;V20;7:20:00
269f46d4;25/09/2025;7:26:00 a.ÿm.;30 WAGNER COMMERCIAL GROUP (ANTES TINY MED);R2;V20;7:33:00
d62ea5d6;25/09/2025;7:37:00 a.ÿm.;B9 DUNNINGTON CORPORATION (ANTES NOVAL);R2;V20;8:01:00
3a9967d2;25/09/2025;7:40:00 a.ÿm.;P85 CREACIONES VENETO SAS;R9;V13;7:52:00
624dd129;25/09/2025;7:54:00 a.ÿm.;36 INCOOMAR - INDUSTRIA COOPERATIVA DE MARINILLA;R1;V2;8:08:00
520e2c25;25/09/2025;8:02:00 a.ÿm.;21 MANUFACTURA S.A.;R2;V20;8:00:00
60aa71ba;25/09/2025;8:25:00 a.ÿm.;D2 IMATEX INDUSTRIA Y MANUFACTURAS TEXTILES S.A.S;R1;V2;8:52:00
9f5a2790;25/09/2025;8:51:00 a.ÿm.;40 GRUPO CENIT S.A.S;R1;V2;8:59:00
1df90615;25/09/2025;8:59:00 a.ÿm.;B7 CREATEX FORMAS INTIMAS S.A.S.;R1;V2;9:09:00
1b3dd9f4;25/09/2025;9:00:00 a.ÿm.;B3 MODATEX CONFECCIONES JFC S.A.S.;R1;V2;9:09:00
f37b3898;25/09/2025;9:01:00 a.ÿm.;CD CENTRO DE DISTRIBUCIàN;R2;V20;14:15:00
c2e04e46;25/09/2025;9:02:00 a.ÿm.;CI CENTRO DE INTEGRACIàN;R2;V20;22:15:00
6ac8e349;25/09/2025;9:11:00 a.ÿm.;A4 CONFECCIONES COOL FASHION S.A.S;R1;V2;9:24:00
d68f69b4;25/09/2025;9:21:00 a.ÿm.;32 MANUFACTURAS GIRALDO ZULUAGA S.A.S.;R1;V2;9:32:00
e1466f25;25/09/2025;11:01:00 a.ÿm.;24 ECOOELSA C.T.A - EMPRESA COOP. EL SANTUARIO C.T.A.;R1;V2;11:21:00
900b6be5;25/09/2025;11:22:00 a.ÿm.;D4 IMAGEN TEXTIL J&S S.A.S;R1;V2;11:51:00
33f53ceb;25/09/2025;11:26:00 a.ÿm.;P09 FERMASA S.A.S.;R9;V13;11:55:00
4811776c;25/09/2025;11:35:00 a.ÿm.;CD CENTRO DE DISTRIBUCIàN;R9;V6;11:40:00
c4d2caef;25/09/2025;11:43:00 a.ÿm.;69 COOMUNELSA C.T.A -COOPERATIVA MULT. COMUNITARIA EL SANTUARIO;R1;V2;12:30:00
1bdb152c;25/09/2025;11:55:00 a.ÿm.;P14 PRYM S.A.S.;R9;V6;12:11:00
9505a968;25/09/2025;12:25:00 p.ÿm.;L07 INVERSIONES TAMESCO S.A.S.;R9;V6;12:41:00
61beded6;25/09/2025;12:30:00 p.ÿm.;06 SODECON DE CONFECCION S.A.S;R1;V2;12:45:00
cb3b888e;25/09/2025;12:31:00 p.ÿm.;D7 GRUPO ORIENTEX S.A.S;R1;V2;12:45:00
906513f7;25/09/2025;12:45:00 p.ÿm.;05 C.I. CONFECCIONES OLAS S.A;R9;V6;13:22:00
22f8f363;1/10/2025;10:18:00 a.ÿm.;P86 CREACIONES SARAI;R9;V25;10:35:00
b5001391;25/09/2025;12:49:00 p.ÿm.;13 ALIANZA CONAZZTEX S.A.S.;R1;V2;13:13:00
d1181968;25/09/2025;12:50:00 p.ÿm.;46 CONFECCIONES CAVITEX S.A.S.;R1;V2;13:14:00
a7942e3a;25/09/2025;1:17:00 p.ÿm.;P12 CONFECCIONES SELEMAR;R9;V13;13:35:00
c96487fd;25/09/2025;1:18:00 p.ÿm.;42 COOPIMAR - COOPERATIVA INDUSTRIAL MARINILLA C.T.A;R2;V20;14:19:00
10509cde;25/09/2025;1:18:00 p.ÿm.;42 COOPIMAR - COOPERATIVA INDUSTRIAL MARINILLA C.T.A;R2;V20;14:19:00
85970860;25/09/2025;1:19:00 p.ÿm.;56 CREACIONES MPM S.A.S.;R1;V2;13:59:00
b1c3bdcb;25/09/2025;1:37:00 p.ÿm.;P61 MAQUILIFE S.A.S.;R9;V6;13:47:00
5f755f74;25/09/2025;1:59:00 p.ÿm.;36 INCOOMAR - INDUSTRIA COOPERATIVA DE MARINILLA;R1;V2;14:32:00
fc951d8e;25/09/2025;1:48:00 p.ÿm.;P67 MAQUIDIEZ S.A.S.;R9;V6;13:53:00
73f86594;25/09/2025;2:11:00 p.ÿm.;P53 GISA SAS;R9;V13;14:25:00
46569ec7;25/09/2025;2:16:00 p.ÿm.;86 COOP. TRAB. ASOCIAD. CRECER Y CREAR;R2;V20;14:21:00
e37497e3;25/09/2025;2:16:00 p.ÿm.;72 COOPERATIVA MULTIACTIVA EL PE¥OL - COOMPAB;R2;V20;14:21:00
5edefc67;25/09/2025;2:16:00 p.ÿm.;REEMPAQUE RENACER;R2;V20;15:00:00
89ec1cca;25/09/2025;2:19:00 p.ÿm.;36 INCOOMAR - INDUSTRIA COOPERATIVA DE MARINILLA;R2;V20;14:35:00
5db88760;25/09/2025;2:33:00 p.ÿm.;D2 IMATEX INDUSTRIA Y MANUFACTURAS TEXTILES S.A.S;R1;V2;14:57:00
cb4e030a;25/09/2025;2:32:00 p.ÿm.;P54 MANUFACTURA VAMALI;R9;V6;14:34:00
2dd4a81e;1/10/2025;10:18:00 a.ÿm.;46 CONFECCIONES CAVITEX S.A.S.;R9;V25;10:40:00
7dc4b699;25/09/2025;2:43:00 p.ÿm.;P07 BAETEX SAS;R9;V6;14:49:00
334ac901;25/09/2025;2:51:00 p.ÿm.;P14 PRYM S.A.S.;R9;V13;15:07:00
1786e8e2;25/09/2025;3:10:00 p.ÿm.;P08 MANUFACTURA ODIM S.A.S.;R9;V6;15:20:00
1687279b;25/09/2025;3:12:00 p.ÿm.;CI CENTRO DE INTEGRACIàN;R9;V13;15:20:00
16784346;25/09/2025;4:34:00 p.ÿm.;CD CENTRO DE DISTRIBUCIàN;R2;V20;17:52:00
52dacd5d;25/09/2025;3:40:00 p.ÿm.;P85 CREACIONES VENETO SAS;R9;V13;15:50:00
f587da8f;25/09/2025;3:55:00 p.ÿm.;P46 MERAKI;R9;V6;16:05:00
861c1088;25/09/2025;4:06:00 p.ÿm.;CD CENTRO DE DISTRIBUCIàN;R1;V2;16:59:00
b4d33515;25/09/2025;4:15:00 p.ÿm.;P05 MAQUILADORA DYA SAS;R9;V13;16:17:00
95ac7295;25/09/2025;4:23:00 p.ÿm.;P42 ROJAS CONFECCIONES;R9;V13;16:29:00
b3707914;1/10/2025;10:19:00 a.ÿm.;D7 GRUPO ORIENTEX S.A.S;R9;V25;10:44:00
0b2e7605;1/10/2025;10:50:00 a.ÿm.;36 INCOOMAR - INDUSTRIA COOPERATIVA DE MARINILLA;R9;V25;11:59:00
3558983b;1/10/2025;10:50:00 a.ÿm.;42 COOPIMAR - COOPERATIVA INDUSTRIAL MARINILLA C.T.A;R9;V25;12:00:00
8ff7a14a;1/10/2025;12:56:00 p.ÿm.;CD CENTRO DE DISTRIBUCIàN;R9;V25;13:18:00
766dac14;30/09/2025;10:38:00 a.ÿm.;32 MANUFACTURAS GIRALDO ZULUAGA S.A.S.;R9;V25;10:36:00
d5809659;30/09/2025;10:38:00 a.ÿm.;24 ECOOELSA C.T.A - EMPRESA COOP. EL SANTUARIO C.T.A.;R9;V25;11:36:00
705a79ce;30/09/2025;10:39:00 a.ÿm.;69 COOMUNELSA C.T.A -COOPERATIVA MULT. COMUNITARIA EL SANTUARIO;R9;V25;11:10:00
cac9d7a1;25/09/2025;4:53:00 p.ÿm.;CD CENTRO DE DISTRIBUCIàN;R9;V13;17:14:00
2188b9a8;25/09/2025;5:02:00 p.ÿm.;CD CENTRO DE DISTRIBUCIàN;R9;V6;17:30:00
7b18ceca;25/09/2025;5:13:00 p.ÿm.;CI CENTRO DE INTEGRACIàN;R1;V2;17:31:00
a7c61b99;26/09/2025;4:44:00 a.ÿm.;CI CENTRO DE INTEGRACIàN;R1;V2;5:55:00
5498c141;26/09/2025;6:54:00 a.ÿm.;CI CENTRO DE INTEGRACIàN;R2;V20;7:05:00
fabfb60f;26/09/2025;6:54:00 a.ÿm.;30 WAGNER COMMERCIAL GROUP (ANTES TINY MED);R2;V20;7:21:00
4cbbaaa9;26/09/2025;7:17:00 a.ÿm.;B9 DUNNINGTON CORPORATION (ANTES NOVAL);R2;V20;7:43:00
416df7c6;26/09/2025;7:17:00 a.ÿm.;LS LESENSUEL;R2;V20;7:43:00
a7a0d10e;26/09/2025;7:43:00 a.ÿm.;21 MANUFACTURA S.A.;R2;V20;8:10:00
f9591d3e;26/09/2025;7:45:00 a.ÿm.;CI CENTRO DE INTEGRACIàN;R9;V6;8:40:00
41d9bbe4;26/09/2025;8:50:00 a.ÿm.;CD CENTRO DE DISTRIBUCIàN;R9;V13;10:03:00
c6991d08;26/09/2025;6:23:00 a.ÿm.;36 INCOOMAR - INDUSTRIA COOPERATIVA DE MARINILLA;R1;V2;10:17:00
bcf6d4fd;26/09/2025;8:50:00 a.ÿm.;CI CENTRO DE INTEGRACIàN;R2;V20;9:50:00
6f4465c5;26/09/2025;8:50:00 a.ÿm.;CD CENTRO DE DISTRIBUCIàN;R2;V20;10:29:00
8cc73709;26/09/2025;9:59:00 a.ÿm.;CI CENTRO DE INTEGRACIàN;R2;V20;10:29:00
fdd25d33;26/09/2025;9:59:00 a.ÿm.;CD CENTRO DE DISTRIBUCIàN;R2;V20;10:29:00
f52e78e8;26/09/2025;10:16:00 a.ÿm.;P05 MAQUILADORA DYA SAS;R9;V13;10:22:00
ecef81d9;26/09/2025;10:25:00 a.ÿm.;P01 S&VCONFECCIONES;R9;V13;10:33:00
71e012a6;26/09/2025;10:31:00 a.ÿm.;24 ECOOELSA C.T.A - EMPRESA COOP. EL SANTUARIO C.T.A.;R1;V2;10:46:00
e4979597;26/09/2025;10:50:00 a.ÿm.;P85 CREACIONES VENETO SAS;R9;V13;10:59:00
ad3c443c;26/09/2025;10:54:00 a.ÿm.;D4 IMAGEN TEXTIL J&S S.A.S;R1;V2;11:10:00
ec536f9c;26/09/2025;11:06:00 a.ÿm.;69 COOMUNELSA C.T.A -COOPERATIVA MULT. COMUNITARIA EL SANTUARIO;R1;V2;12:11:00
2db998fc;26/09/2025;11:17:00 a.ÿm.;CD CENTRO DE DISTRIBUCIàN;R9;V13;11:30:00
a3499093;26/09/2025;11:40:00 a.ÿm.;L14 VYDA S.A.S.;R9;V6;11:50:00
d9a79c4f;26/09/2025;11:42:00 a.ÿm.;P53 GISA SAS;R9;V13;11:58:00
26c54b68;26/09/2025;12:20:00 p.ÿm.;CD CENTRO DE DISTRIBUCIàN;R9;V6;12:28:00
3a99433e;26/09/2025;12:13:00 p.ÿm.;06 SODECON DE CONFECCION S.A.S;R1;V2;12:24:00
47f4051d;26/09/2025;12:15:00 p.ÿm.;D7 GRUPO ORIENTEX S.A.S;R1;V2;12:41:00
a82f510b;26/09/2025;12:21:00 p.ÿm.;P09 FERMASA S.A.S.;R9;V13;12:26:00
c95c1326;26/09/2025;11:48:00 a.ÿm.;42 COOPIMAR - COOPERATIVA INDUSTRIAL MARINILLA C.T.A;R2;V20;12:48:00
007ee553;26/09/2025;11:48:00 a.ÿm.;42 COOPIMAR - COOPERATIVA INDUSTRIAL MARINILLA C.T.A;R2;V20;12:48:00
17d3bda3;26/09/2025;11:48:00 a.ÿm.;42 COOPIMAR - COOPERATIVA INDUSTRIAL MARINILLA C.T.A;R2;V20;12:48:00
9927583c;26/09/2025;12:39:00 p.ÿm.;72 COOPERATIVA MULTIACTIVA EL PE¥OL - COOMPAB;R2;V20;12:49:00
12c17fe0;26/09/2025;12:39:00 p.ÿm.;86 COOP. TRAB. ASOCIAD. CRECER Y CREAR;R2;V20;12:49:00
b5c10389;26/09/2025;12:45:00 p.ÿm.;L07 INVERSIONES TAMESCO S.A.S.;R9;V6;13:00:00
f4d51410;26/09/2025;12:41:00 p.ÿm.;13 ALIANZA CONAZZTEX S.A.S.;R1;V2;12:54:00
c2fb2709;26/09/2025;12:41:00 p.ÿm.;46 CONFECCIONES CAVITEX S.A.S.;R1;V2;12:59:00
9f2e4a0e;26/09/2025;12:45:00 p.ÿm.;36 INCOOMAR - INDUSTRIA COOPERATIVA DE MARINILLA;R2;V20;14:09:00
3f2f6dba;26/09/2025;12:46:00 p.ÿm.;REEMPAQUE RENACER;R2;V20;14:15:00
0f0983a4;30/09/2025;11:22:00 a.ÿm.;P86 CREACIONES SARAI;R9;V25;23:34:00
103be406;26/09/2025;12:56:00 p.ÿm.;56 CREACIONES MPM S.A.S.;R1;V2;14:02:00
ebff4b4e;26/09/2025;1:05:00 p.ÿm.;05 C.I. CONFECCIONES OLAS S.A;R9;V6;13:30:00
80934a60;26/09/2025;1:25:00 p.ÿm.;P12 CONFECCIONES SELEMAR;R9;V13;13:40:00
33e12e95;26/09/2025;1:45:00 p.ÿm.;P61 MAQUILIFE S.A.S.;R9;V6;13:50:00
1e04e9cd;26/09/2025;1:50:00 p.ÿm.;P67 MAQUIDIEZ S.A.S.;R9;V6;13:55:00
57632923;26/09/2025;2:02:00 p.ÿm.;D2 IMATEX INDUSTRIA Y MANUFACTURAS TEXTILES S.A.S;R1;V2;14:41:00
9509421d;26/09/2025;3:30:00 p.ÿm.;CD CENTRO DE DISTRIBUCIàN;R2;V20;16:28:00
8c5cc3e2;30/09/2025;11:22:00 a.ÿm.;D7 GRUPO ORIENTEX S.A.S;R9;V25;23:40:00
fcc66aa8;26/09/2025;2:18:00 p.ÿm.;P14 PRYM S.A.S.;R9;V13;14:23:00
6034753c;26/09/2025;2:10:00 p.ÿm.;P46 MERAKI;R9;V6;14:20:00
07608f7b;30/09/2025;11:22:00 a.ÿm.;46 CONFECCIONES CAVITEX S.A.S.;R9;V25;23:50:00
d7ef52aa;26/09/2025;2:32:00 p.ÿm.;P53 GISA SAS;R9;V13;14:41:00
cf00d45b;26/09/2025;2:40:00 p.ÿm.;P54 MANUFACTURA VAMALI;R9;V6;14:50:00
b6388e83;26/09/2025;3:00:00 p.ÿm.;P85 CREACIONES VENETO SAS;R9;V13;15:25:00
efb74988;26/09/2025;3:30:00 p.ÿm.;P08 MANUFACTURA ODIM S.A.S.;R9;V6;15:36:00
53fefa7f;26/09/2025;3:00:00 p.ÿm.;P07 BAETEX SAS;R9;V6;15:05:00
747fbf50;30/09/2025;12:05:00 p.ÿm.;42 COOPIMAR - COOPERATIVA INDUSTRIAL MARINILLA C.T.A;R9;V25;
fb4c9606;26/09/2025;3:47:00 p.ÿm.;P05 MAQUILADORA DYA SAS;R9;V13;15:55:00
71fda8ed;30/09/2025;12:05:00 p.ÿm.;36 INCOOMAR - INDUSTRIA COOPERATIVA DE MARINILLA;R9;V25;
f6f09a05;30/09/2025;2:30:00 p.ÿm.;CD CENTRO DE DISTRIBUCIàN;R9;V25;
59684e4e;29/09/2025;9:46:00 a.ÿm.;32 MANUFACTURAS GIRALDO ZULUAGA S.A.S.;R2;V25;9:37:00
921ce14d;26/09/2025;4:01:00 p.ÿm.;P42 ROJAS CONFECCIONES;R9;V13;16:06:00
e9c2ec3e;26/09/2025;4:09:00 p.ÿm.;P01 S&VCONFECCIONES;R9;V13;16:17:00
b9ba414d;26/09/2025;4:10:00 p.ÿm.;CD CENTRO DE DISTRIBUCIàN;R1;V2;17:08:00
860d217f;26/09/2025;4:25:00 p.ÿm.;CD CENTRO DE DISTRIBUCIàN;R9;V6;17:42:00
b580801c;26/09/2025;5:23:00 p.ÿm.;CI CENTRO DE INTEGRACIàN;R1;V2;17:30:00
dea53e48;26/09/2025;6:03:00 p.ÿm.;P61 MAQUILIFE S.A.S.;R9;V6;
d091dc5a;27/09/2025;4:46:00 a.ÿm.;CI CENTRO DE INTEGRACIàN;R1;V2;5:55:00
93c659e8;27/09/2025;5:59:00 a.ÿm.;42 COOPIMAR - COOPERATIVA INDUSTRIAL MARINILLA C.T.A;R1;V2;6:35:00
54d16153;27/09/2025;6:38:00 a.ÿm.;D2 IMATEX INDUSTRIA Y MANUFACTURAS TEXTILES S.A.S;R1;V2;6:54:00
0d88e97c;27/09/2025;6:54:00 a.ÿm.;36 INCOOMAR - INDUSTRIA COOPERATIVA DE MARINILLA;R1;V2;7:07:00
08d1776b;27/09/2025;7:00:00 a.ÿm.;CI CENTRO DE INTEGRACIàN;R2;V20;7:08:00
e12d5668;27/09/2025;7:09:00 a.ÿm.;30 WAGNER COMMERCIAL GROUP (ANTES TINY MED);R2;V20;7:16:00
8814e24f;27/09/2025;7:26:00 a.ÿm.;B9 DUNNINGTON CORPORATION (ANTES NOVAL);R2;V20;7:41:00
8828d6a5;27/09/2025;7:33:00 a.ÿm.;40 GRUPO CENIT S.A.S;R1;V2;7:38:00
5579c123;27/09/2025;7:36:00 a.ÿm.;B7 CREATEX FORMAS INTIMAS S.A.S.;R1;V2;7:50:00
c4e01d38;27/09/2025;7:38:00 a.ÿm.;B3 MODATEX CONFECCIONES JFC S.A.S.;R1;V2;7:53:00
e6db9f4b;29/09/2025;9:47:00 a.ÿm.;69 COOMUNELSA C.T.A -COOPERATIVA MULT. COMUNITARIA EL SANTUARIO;R2;V25;10:10:00
7c2d4807;27/09/2025;7:54:00 a.ÿm.;32 MANUFACTURAS GIRALDO ZULUAGA S.A.S.;R1;V2;8:04:00
c6c5bd04;27/09/2025;8:22:00 a.ÿm.;24 ECOOELSA C.T.A - EMPRESA COOP. EL SANTUARIO C.T.A.;R1;V2;8:56:00
202d2686;27/09/2025;8:15:00 a.ÿm.;L14 VYDA S.A.S.;R9;V6;8:35:00
17ebaf50;27/09/2025;8:53:00 a.ÿm.;D4 IMAGEN TEXTIL J&S S.A.S;R2;V2;9:00:00
de8d3b1c;27/09/2025;9:01:00 a.ÿm.;69 COOMUNELSA C.T.A -COOPERATIVA MULT. COMUNITARIA EL SANTUARIO;R1;V2;10:11:00
0f32117b;27/09/2025;9:02:00 a.ÿm.;CI CENTRO DE INTEGRACIàN;R2;V20;9:07:00
25deca73;27/09/2025;10:00:00 a.ÿm.;CD CENTRO DE DISTRIBUCIàN;R9;V6;10:08:00
0a2d34bd;27/09/2025;9:48:00 a.ÿm.;D7 GRUPO ORIENTEX S.A.S;R1;V2;10:38:00
e85fe1db;27/09/2025;10:12:00 a.ÿm.;D7 GRUPO ORIENTEX S.A.S;R1;V2;10:20:00
66ba5c0f;27/09/2025;10:20:00 a.ÿm.;13 ALIANZA CONAZZTEX S.A.S.;R1;V2;10:45:00
50b528ef;27/09/2025;10:25:00 a.ÿm.;L07 INVERSIONES TAMESCO S.A.S.;R9;V6;10:44:00
2c8b4b10;27/09/2025;10:38:00 a.ÿm.;46 CONFECCIONES CAVITEX S.A.S.;R1;V2;11:07:00
e9babcc0;27/09/2025;10:48:00 a.ÿm.;D4 IMAGEN TEXTIL J&S S.A.S;R1;V2;11:28:00
bb31f6a7;27/09/2025;10:00:00 a.ÿm.;P09 FERMASA S.A.S.;R9;V13;11:06:00
f6a58a21;27/09/2025;11:05:00 a.ÿm.;24 ECOOELSA C.T.A - EMPRESA COOP. EL SANTUARIO C.T.A.;R1;V2;11:32:00
585ccbd2;27/09/2025;11:08:00 a.ÿm.;P08 MANUFACTURA ODIM S.A.S.;R9;V6;11:15:00
596930dc;27/09/2025;11:21:00 a.ÿm.;P85 CREACIONES VENETO SAS;R9;V13;11:30:00
31b648d5;27/09/2025;11:24:00 a.ÿm.;42 COOPIMAR - COOPERATIVA INDUSTRIAL MARINILLA C.T.A;R2;V20;12:00:00
00783b16;27/09/2025;11:10:00 a.ÿm.;P08 MANUFACTURA ODIM S.A.S.;R9;V6;11:15:00
fe540f1d;27/09/2025;11:29:00 a.ÿm.;42 COOPIMAR - COOPERATIVA INDUSTRIAL MARINILLA C.T.A;R2;V20;11:49:00
81b954d3;27/09/2025;11:45:00 a.ÿm.;P67 MAQUIDIEZ S.A.S.;R9;V6;11:56:00
96868660;27/09/2025;11:45:00 a.ÿm.;56 CREACIONES MPM S.A.S.;R1;V2;11:53:00
37dde30b;27/09/2025;12:00:00 p.ÿm.;86 COOP. TRAB. ASOCIAD. CRECER Y CREAR;R2;V20;12:15:00
f943c450;27/09/2025;12:03:00 p.ÿm.;P42 ROJAS CONFECCIONES;R9;V13;12:22:00
f81072bb;27/09/2025;12:10:00 p.ÿm.;CI CENTRO DE INTEGRACIàN;R9;V6;12:15:00
3d6d36bc;27/09/2025;12:16:00 p.ÿm.;36 INCOOMAR - INDUSTRIA COOPERATIVA DE MARINILLA;R2;V20;12:44:00
00c8b2a2;29/09/2025;9:47:00 a.ÿm.;24 ECOOELSA C.T.A - EMPRESA COOP. EL SANTUARIO C.T.A.;R2;V25;10:15:00
5dbe1220;27/09/2025;12:36:00 p.ÿm.;D2 IMATEX INDUSTRIA Y MANUFACTURAS TEXTILES S.A.S;R1;V2;14:03:00
4976eba9;29/09/2025;10:32:00 a.ÿm.;86 COOP. TRAB. ASOCIAD. CRECER Y CREAR;R2;V25;11:02:00
fdc6d152;29/09/2025;10:34:00 a.ÿm.;D7 GRUPO ORIENTEX S.A.S;R2;V25;11:02:00
f0edb217;29/09/2025;10:34:00 a.ÿm.;46 CONFECCIONES CAVITEX S.A.S.;R9;V25;11:02:00
9848458d;27/09/2025;12:35:00 p.ÿm.;L14 VYDA S.A.S.;R9;V6;12:44:00
a113c55b;29/09/2025;10:38:00 a.ÿm.;P86 CREACIONES SARAI;R9;V25;23:13:00
2a218871;27/09/2025;1:35:00 p.ÿm.;CD CENTRO DE DISTRIBUCIàN;R9;V13;13:54:00
98fbff0a;27/09/2025;2:03:00 p.ÿm.;CD CENTRO DE DISTRIBUCIàN;R2;V20;14:30:00
ac9a2725;27/09/2025;2:04:00 p.ÿm.;CD CENTRO DE DISTRIBUCIàN;R1;V2;14:41:00
4c2ff4d4;27/09/2025;2:10:00 p.ÿm.;TE TELAS Y ENCAJES;R9;V6;14:15:00
243d6c81;27/09/2025;2:52:00 p.ÿm.;CI CENTRO DE INTEGRACIàN;R1;V2;15:06:00
fa106fda;29/09/2025;4:52:00 a.ÿm.;CI CENTRO DE INTEGRACIàN;R1;V2;4:58:00
96b952d5;29/09/2025;6:04:00 a.ÿm.;42 COOPIMAR - COOPERATIVA INDUSTRIAL MARINILLA C.T.A;R1;V2;6:48:00
0f1fb79d;29/09/2025;6:59:00 a.ÿm.;CI CENTRO DE INTEGRACIàN;R2;V20;7:25:00
d8665094;29/09/2025;7:05:00 a.ÿm.;B9 DUNNINGTON CORPORATION (ANTES NOVAL);R2;V20;7:21:00
b5a42f36;29/09/2025;7:08:00 a.ÿm.;36 INCOOMAR - INDUSTRIA COOPERATIVA DE MARINILLA;R1;V2;7:15:00
7e0e7812;29/09/2025;7:29:00 a.ÿm.;21 MANUFACTURA S.A.;R2;V20;7:41:00
e4efa65d;29/09/2025;7:41:00 a.ÿm.;B7 CREATEX FORMAS INTIMAS S.A.S.;R1;V2;7:45:00
aeb76531;29/09/2025;7:48:00 a.ÿm.;A4 CONFECCIONES COOL FASHION S.A.S;R1;V2;7:55:00
12ab289e;29/09/2025;7:42:00 a.ÿm.;CI CENTRO DE INTEGRACIàN;R2;V20;8:55:00
4cc9cc70;29/09/2025;8:02:00 a.ÿm.;32 MANUFACTURAS GIRALDO ZULUAGA S.A.S.;R1;V2;8:09:00
12f7914f;29/09/2025;8:27:00 a.ÿm.;24 ECOOELSA C.T.A - EMPRESA COOP. EL SANTUARIO C.T.A.;R1;V2;9:56:00
b862c6eb;29/09/2025;8:55:00 a.ÿm.;30 WAGNER COMMERCIAL GROUP (ANTES TINY MED);R2;V20;9:07:00
73bd747f;29/09/2025;10:56:00 a.ÿm.;36 INCOOMAR - INDUSTRIA COOPERATIVA DE MARINILLA;R9;V25;12:13:00
823b0211;29/09/2025;10:57:00 a.ÿm.;42 COOPIMAR - COOPERATIVA INDUSTRIAL MARINILLA C.T.A;R9;V25;12:13:00
3df7872a;29/09/2025;1:11:00 p.ÿm.;CD CENTRO DE DISTRIBUCIàN;R9;V25;13:35:00
d5492007;29/09/2025;10:03:00 a.ÿm.;D4 IMAGEN TEXTIL J&S S.A.S;R1;V2;10:50:00
a12c2645;29/09/2025;10:22:00 a.ÿm.;69 COOMUNELSA C.T.A -COOPERATIVA MULT. COMUNITARIA EL SANTUARIO;R1;V2;11:06:00
3f4f177c;27/09/2025;7:49:00 a.ÿm.;CD CENTRO DE DISTRIBUCIàN;R9;V25;7:52:00
e029aa6a;27/09/2025;12:36:00 p.ÿm.;42 COOPIMAR - COOPERATIVA INDUSTRIAL MARINILLA C.T.A;R9;V25;12:41:00
f3dfc6b6;27/09/2025;12:37:00 p.ÿm.;24 ECOOELSA C.T.A - EMPRESA COOP. EL SANTUARIO C.T.A.;R9;V25;12:41:00
c5afa236;27/09/2025;12:37:00 p.ÿm.;46 CONFECCIONES CAVITEX S.A.S.;R9;V25;12:41:00
e5b91b9a;29/09/2025;10:50:00 a.ÿm.;L14 VYDA S.A.S.;R9;V6;10:55:00
c39368be;27/09/2025;12:37:00 p.ÿm.;36 INCOOMAR - INDUSTRIA COOPERATIVA DE MARINILLA;R9;V25;12:41:00
96f052c7;27/09/2025;12:39:00 p.ÿm.;CD CENTRO DE DISTRIBUCIàN;R9;V25;12:43:00
28fda2a9;29/09/2025;10:57:00 a.ÿm.;CI CENTRO DE INTEGRACIàN;R2;V20;11:00:00
2c4b90af;29/09/2025;11:01:00 a.ÿm.;CD CENTRO DE DISTRIBUCIàN;R2;V20;11:03:00
94232dd8;29/09/2025;11:07:00 a.ÿm.;06 SODECON DE CONFECCION S.A.S;R1;V2;11:23:00
d0c6b154;29/09/2025;11:08:00 a.ÿm.;D7 GRUPO ORIENTEX S.A.S;R1;V2;11:23:00
2044e3b9;29/09/2025;11:25:00 a.ÿm.;CD CENTRO DE DISTRIBUCIàN;R9;V6;11:30:00
74d3e171;29/09/2025;11:15:00 a.ÿm.;P09 FERMASA S.A.S.;R9;V13;11:38:00
0c848228;29/09/2025;11:34:00 a.ÿm.;13 ALIANZA CONAZZTEX S.A.S.;R1;V2;11:47:00
3188306f;29/09/2025;11:35:00 a.ÿm.;46 CONFECCIONES CAVITEX S.A.S.;R1;V2;11:48:00
f80b2c68;29/09/2025;11:48:00 a.ÿm.;56 CREACIONES MPM S.A.S.;R1;V2;11:53:00
f75ddf3e;29/09/2025;11:50:00 a.ÿm.;L07 INVERSIONES TAMESCO S.A.S.;R9;V6;12:13:00
d6d31b8f;26/09/2025;12:54:00 p.ÿm.;32 MANUFACTURAS GIRALDO ZULUAGA S.A.S.;R9;V25;13:02:00
45126ac2;29/09/2025;1:12:00 p.ÿm.;P61 MAQUILIFE S.A.S.;R9;V6;13:18:00
bf49642e;29/09/2025;1:18:00 p.ÿm.;P67 MAQUIDIEZ S.A.S.;R9;V6;13:26:00
04c1e6dd;29/09/2025;1:19:00 p.ÿm.;P12 CONFECCIONES SELEMAR;R9;V13;13:26:00
5a4c27dd;29/09/2025;1:24:00 p.ÿm.;D2 IMATEX INDUSTRIA Y MANUFACTURAS TEXTILES S.A.S;R1;V2;13:31:00
023fb92f;29/09/2025;1:40:00 p.ÿm.;P54 MANUFACTURA VAMALI;R9;V6;13:45:00
6f856d1a;29/09/2025;2:00:00 p.ÿm.;P53 GISA SAS;R9;V13;14:11:00
4a793ef9;29/09/2025;1:50:00 p.ÿm.;P07 BAETEX SAS;R9;V6;14:11:00
79690e3c;29/09/2025;2:20:00 p.ÿm.;42 COOPIMAR - COOPERATIVA INDUSTRIAL MARINILLA C.T.A;R2;V20;15:51:00
b2983d38;29/09/2025;2:25:00 p.ÿm.;P14 PRYM S.A.S.;R9;V13;14:33:00
6a54a09e;29/09/2025;2:35:00 p.ÿm.;P08 MANUFACTURA ODIM S.A.S.;R9;V6;14:45:00
3c02d9e1;29/09/2025;2:40:00 p.ÿm.;CI CENTRO DE INTEGRACIàN;R9;V13;14:45:00
720ce65e;29/09/2025;2:50:00 p.ÿm.;P85 CREACIONES VENETO SAS;R9;V13;15:00:00
d152c366;29/09/2025;2:51:00 p.ÿm.;72 COOPERATIVA MULTIACTIVA EL PE¥OL - COOMPAB;R2;V20;15:54:00
7af5ed25;29/09/2025;2:54:00 p.ÿm.;CD CENTRO DE DISTRIBUCIàN;R1;V2;16:01:00
8b10a141;29/09/2025;3:10:00 p.ÿm.;P46 MERAKI;R9;V6;15:15:00
9a9ee343;29/09/2025;3:12:00 p.ÿm.;P42 ROJAS CONFECCIONES;R9;V13;15:16:00
e76e9c58;29/09/2025;3:20:00 p.ÿm.;P05 MAQUILADORA DYA SAS;R9;V13;15:28:00
b2393ba8;29/09/2025;3:35:00 p.ÿm.;P01 S&VCONFECCIONES;R9;V13;15:45:00
faa89717;29/09/2025;3:30:00 p.ÿm.;P14 PRYM S.A.S.;R9;V6;15:51:00
299c8019;29/09/2025;3:48:00 p.ÿm.;CI CENTRO DE INTEGRACIàN;R1;V2;16:03:00
85a10fca;29/09/2025;3:54:00 p.ÿm.;86 COOP. TRAB. ASOCIAD. CRECER Y CREAR;R2;V20;16:00:00
1cd9ad16;29/09/2025;4:00:00 p.ÿm.;36 INCOOMAR - INDUSTRIA COOPERATIVA DE MARINILLA;R2;V20;16:06:00
6e7f360b;29/09/2025;4:01:00 p.ÿm.;REEMPAQUE RENACER;R2;V20;16:05:00
7e41c987;29/09/2025;4:07:00 p.ÿm.;CD CENTRO DE DISTRIBUCIàN;R9;V13;16:19:00
74245a87;29/09/2025;4:05:00 p.ÿm.;CD CENTRO DE DISTRIBUCIàN;R9;V6;16:40:00
0bc4ac0a;29/09/2025;5:30:00 p.ÿm.;CD CENTRO DE DISTRIBUCIàN;R2;V20;
f4061d08;29/09/2025;5:20:00 p.ÿm.;P08 MANUFACTURA ODIM S.A.S.;R9;V6;17:25:00
7bc4813e;30/09/2025;4:42:00 a.ÿm.;CI CENTRO DE INTEGRACIàN;R1;V2;4:51:00
a5dead4c;30/09/2025;6:41:00 a.ÿm.;42 COOPIMAR - COOPERATIVA INDUSTRIAL MARINILLA C.T.A;R1;V2;7:23:00
20c54562;30/09/2025;7:14:00 a.ÿm.;B9 DUNNINGTON CORPORATION (ANTES NOVAL);R2;V20;7:22:00
a54e5705;30/09/2025;7:32:00 a.ÿm.;D2 IMATEX INDUSTRIA Y MANUFACTURAS TEXTILES S.A.S;R1;V2;7:48:00
c1796c6b;30/09/2025;7:34:00 a.ÿm.;CI CENTRO DE INTEGRACIàN;R2;V20;11:15:00
aad65a8e;30/09/2025;7:54:00 a.ÿm.;36 INCOOMAR - INDUSTRIA COOPERATIVA DE MARINILLA;R1;V2;8:11:00
ec086f1d;30/09/2025;8:29:00 a.ÿm.;40 GRUPO CENIT S.A.S;R1;V2;8:36:00
848c2d10;30/09/2025;8:34:00 a.ÿm.;B7 CREATEX FORMAS INTIMAS S.A.S.;R1;V2;8:42:00
4018405c;30/09/2025;8:36:00 a.ÿm.;B3 MODATEX CONFECCIONES JFC S.A.S.;R1;V2;8:43:00
d02eb716;30/09/2025;8:44:00 a.ÿm.;A4 CONFECCIONES COOL FASHION S.A.S;R1;V2;8:51:00
59e6db1f;30/09/2025;8:52:00 a.ÿm.;32 MANUFACTURAS GIRALDO ZULUAGA S.A.S.;R1;V2;9:19:00
ba426ee6;30/09/2025;9:17:00 a.ÿm.;24 ECOOELSA C.T.A - EMPRESA COOP. EL SANTUARIO C.T.A.;R1;V2;10:08:00
dbc3d864;30/09/2025;9:28:00 a.ÿm.;P14 PRYM S.A.S.;R9;V13;9:48:00
fd9fcb60;30/09/2025;9:45:00 a.ÿm.;D4 IMAGEN TEXTIL J&S S.A.S;R1;V2;10:13:00
9f02a096;30/09/2025;10:00:00 a.ÿm.;PU15 PUERTA 15;R9;V13;10:09:00
dc8333ba;30/09/2025;10:38:00 a.ÿm.;69 COOMUNELSA C.T.A -COOPERATIVA MULT. COMUNITARIA EL SANTUARIO;R1;V2;10:56:00
3f763535;26/09/2025;2:12:00 p.ÿm.;69 COOMUNELSA C.T.A -COOPERATIVA MULT. COMUNITARIA EL SANTUARIO;R9;V25;14:23:00
3b4439f6;26/09/2025;2:23:00 p.ÿm.;24 ECOOELSA C.T.A - EMPRESA COOP. EL SANTUARIO C.T.A.;R9;V25;15:40:00
eafbb8b2;26/09/2025;3:40:00 p.ÿm.;D7 GRUPO ORIENTEX S.A.S;R9;V25;16:01:00
c20fe7a8;30/09/2025;10:57:00 a.ÿm.;06 SODECON DE CONFECCION S.A.S;R1;V2;11:12:00
70560bc7;30/09/2025;10:59:00 a.ÿm.;D7 GRUPO ORIENTEX S.A.S;R1;V2;11:12:00
f076cce5;30/09/2025;11:14:00 a.ÿm.;13 ALIANZA CONAZZTEX S.A.S.;R1;V2;11:42:00
2b24dda1;30/09/2025;11:15:00 a.ÿm.;46 CONFECCIONES CAVITEX S.A.S.;R1;V2;11:42:00
acd4ad83;30/09/2025;11:15:00 a.ÿm.;30 WAGNER COMMERCIAL GROUP (ANTES TINY MED);R2;V20;11:34:00
76381a91;26/09/2025;3:58:00 p.ÿm.;46 CONFECCIONES CAVITEX S.A.S.;R9;V25;16:02:00
c77558f2;26/09/2025;3:58:00 p.ÿm.;36 INCOOMAR - INDUSTRIA COOPERATIVA DE MARINILLA;R9;V25;16:03:00
df1d64b6;26/09/2025;3:58:00 p.ÿm.;42 COOPIMAR - COOPERATIVA INDUSTRIAL MARINILLA C.T.A;R9;V25;16:03:00
0a0aca50;30/09/2025;11:30:00 a.ÿm.;P09 FERMASA S.A.S.;R9;V13;11:48:00
669747b1;30/09/2025;11:34:00 a.ÿm.;CD CENTRO DE DISTRIBUCIàN;R2;V20;11:40:00
d1e92f47;30/09/2025;11:40:00 a.ÿm.;42 COOPIMAR - COOPERATIVA INDUSTRIAL MARINILLA C.T.A;R2;V20;15:39:00
77f2624f;30/09/2025;11:41:00 a.ÿm.;72 COOPERATIVA MULTIACTIVA EL PE¥OL - COOMPAB;R2;V20;15:39:00
1b3e152b;30/09/2025;11:41:00 a.ÿm.;86 COOP. TRAB. ASOCIAD. CRECER Y CREAR;R2;V20;15:41:00
53f9fd29;30/09/2025;11:41:00 a.ÿm.;36 INCOOMAR - INDUSTRIA COOPERATIVA DE MARINILLA;R2;V20;15:39:00
62706cf9;30/09/2025;11:42:00 a.ÿm.;24 ECOOELSA C.T.A - EMPRESA COOP. EL SANTUARIO C.T.A.;R1;V2;12:27:00
76fed0d7;25/09/2025;12:46:00 p.ÿm.;32 MANUFACTURAS GIRALDO ZULUAGA S.A.S.;R9;V25;16:28:00
d5deb1ab;25/09/2025;2:35:00 p.ÿm.;69 COOMUNELSA C.T.A -COOPERATIVA MULT. COMUNITARIA EL SANTUARIO;R9;V25;16:31:00
e9ca527f;30/09/2025;12:20:00 p.ÿm.;CD CENTRO DE DISTRIBUCIàN;R9;V6;12:27:00
96f8e158;30/09/2025;12:28:00 p.ÿm.;56 CREACIONES MPM S.A.S.;R1;V2;12:36:00
ad8da2ae;30/09/2025;1:19:00 p.ÿm.;CI CENTRO DE INTEGRACIàN;R2;V20;15:40:00
a3506056;30/09/2025;1:15:00 p.ÿm.;P12 CONFECCIONES SELEMAR;R9;V13;13:35:00
64192bef;25/09/2025;4:29:00 p.ÿm.;24 ECOOELSA C.T.A - EMPRESA COOP. EL SANTUARIO C.T.A.;R9;V25;16:33:00
33ac6b0e;30/09/2025;1:36:00 p.ÿm.;D4 IMAGEN TEXTIL J&S S.A.S;R1;V2;14:05:00
e328b2bc;30/09/2025;12:45:00 p.ÿm.;P14 PRYM S.A.S.;R9;V6;12:55:00
b7b68892;30/09/2025;1:15:00 p.ÿm.;L07 INVERSIONES TAMESCO S.A.S.;R9;V6;13:32:00
73b0ea1e;30/09/2025;2:09:00 p.ÿm.;P53 GISA SAS;R9;V13;14:25:00
e35a6ce1;30/09/2025;1:37:00 p.ÿm.;05 C.I. CONFECCIONES OLAS S.A;R9;V6;14:30:00
85c5e5bf;30/09/2025;2:41:00 p.ÿm.;P85 CREACIONES VENETO SAS;R9;V13;15:00:00
2778ee5b;30/09/2025;2:45:00 p.ÿm.;P67 MAQUIDIEZ S.A.S.;R9;V6;14:50:00
150b4cce;30/09/2025;2:50:00 p.ÿm.;P61 MAQUILIFE S.A.S.;R9;V6;14:55:00
8e0322ed;30/09/2025;3:15:00 p.ÿm.;CD CENTRO DE DISTRIBUCIàN;R1;V2;15:50:00
ab98b271;30/09/2025;3:17:00 p.ÿm.;P05 MAQUILADORA DYA SAS;R9;V13;15:20:00
c5040d79;30/09/2025;3:15:00 p.ÿm.;CD CENTRO DE DISTRIBUCIàN;R9;V6;15:49:00
9c7d4730;30/09/2025;3:25:00 p.ÿm.;P42 ROJAS CONFECCIONES;R9;V13;15:30:00
ef5fbb79;30/09/2025;3:35:00 p.ÿm.;P01 S&VCONFECCIONES;R9;V13;15:46:00
1e1ed343;30/09/2025;3:37:00 p.ÿm.;REEMPAQUE RENACER;R2;V20;15:44:00
0e13063c;30/09/2025;4:00:00 p.ÿm.;CI CENTRO DE INTEGRACIàN;R1;V2;16:14:00
ed637090;30/09/2025;4:00:00 p.ÿm.;P46 MERAKI;R9;V6;16:07:00
d3a74f24;30/09/2025;4:04:00 p.ÿm.;CD CENTRO DE DISTRIBUCIàN;R9;V13;16:21:00
40bdd826;30/09/2025;4:30:00 p.ÿm.;P08 MANUFACTURA ODIM S.A.S.;R9;V6;17:38:00
a10b66e1;30/09/2025;4:56:00 p.ÿm.;P07 BAETEX SAS;R9;V6;17:15:00
0e044d9d;30/09/2025;5:29:00 p.ÿm.;CD CENTRO DE DISTRIBUCIàN;R2;V20;17:38:00
ef103a5a;30/09/2025;5:50:00 p.ÿm.;L14 VYDA S.A.S.;R9;V6;18:01:00
d11c53bd;30/09/2025;6:18:00 p.ÿm.;CD CENTRO DE DISTRIBUCIàN;R9;V6;18:40:00
d6c3f7e2;1/10/2025;4:49:00 a.ÿm.;CI CENTRO DE INTEGRACIàN;R1;V2;4:52:00
5696fa39;1/10/2025;5:30:00 a.ÿm.;P54 MANUFACTURA VAMALI;R9;V6;5:45:00
9d182288;1/10/2025;6:03:00 a.ÿm.;42 COOPIMAR - COOPERATIVA INDUSTRIAL MARINILLA C.T.A;R1;V2;7:17:00
a4c64d7c;1/10/2025;5:57:00 a.ÿm.;DF DISCOS FUENTES;R9;V6;6:00:00
1cbf4654;1/10/2025;7:18:00 a.ÿm.;36 INCOOMAR - INDUSTRIA COOPERATIVA DE MARINILLA;R1;V2;7:24:00
aeddc55f;1/10/2025;7:24:00 a.ÿm.;CI CENTRO DE INTEGRACIàN;R2;V20;7:29:00
5bfe47fe;1/10/2025;7:25:00 a.ÿm.;B9 DUNNINGTON CORPORATION (ANTES NOVAL);R2;V20;7:52:00
9bf1aba6;1/10/2025;7:28:00 a.ÿm.;P14 PRYM S.A.S.;R9;V13;7:31:00
176b2cf9;1/10/2025;7:41:00 a.ÿm.;PU15 PUERTA 15;R9;V13;7:55:00
54cdd542;1/10/2025;7:52:00 a.ÿm.;21 MANUFACTURA S.A.;R2;V20;8:51:00
bbc5c76e;1/10/2025;7:55:00 a.ÿm.;D2 IMATEX INDUSTRIA Y MANUFACTURAS TEXTILES S.A.S;R1;V2;8:10:00
81df9f8d;1/10/2025;8:12:00 a.ÿm.;B7 CREATEX FORMAS INTIMAS S.A.S.;R1;V2;8:28:00
9a3f1c15;1/10/2025;8:13:00 a.ÿm.;B3 MODATEX CONFECCIONES JFC S.A.S.;R1;V2;8:28:00
7989eadc;1/10/2025;8:29:00 a.ÿm.;32 MANUFACTURAS GIRALDO ZULUAGA S.A.S.;R1;V2;8:38:00
9f5a715b;1/10/2025;8:48:00 a.ÿm.;CI CENTRO DE INTEGRACIàN;R2;V20;8:53:00
f5a6a3a0;1/10/2025;8:48:00 a.ÿm.;30 WAGNER COMMERCIAL GROUP (ANTES TINY MED);R2;V20;8:53:00
629746bb;1/10/2025;9:06:00 a.ÿm.;24 ECOOELSA C.T.A - EMPRESA COOP. EL SANTUARIO C.T.A.;R1;V2;10:33:00
35f3959e;1/10/2025;9:08:00 a.ÿm.;24 ECOOELSA C.T.A - EMPRESA COOP. EL SANTUARIO C.T.A.;R1;V2;10:46:00
927c97ba;25/09/2025;4:33:00 p.ÿm.;P86 CREACIONES SARAI;R9;V25;16:36:00
518f01b4;25/09/2025;4:33:00 p.ÿm.;D7 GRUPO ORIENTEX S.A.S;R9;V25;16:36:00
7561e9e6;25/09/2025;4:33:00 p.ÿm.;46 CONFECCIONES CAVITEX S.A.S.;R9;V25;16:37:00
c99da817;1/10/2025;9:57:00 a.ÿm.;CI CENTRO DE INTEGRACIàN;R2;V20;10:05:00
9fb81063;25/09/2025;4:37:00 p.ÿm.;36 INCOOMAR - INDUSTRIA COOPERATIVA DE MARINILLA;R9;V25;16:43:00
fdaf8612;25/09/2025;4:37:00 p.ÿm.;42 COOPIMAR - COOPERATIVA INDUSTRIAL MARINILLA C.T.A;R9;V25;16:43:00
f3f61d6b;25/09/2025;4:37:00 p.ÿm.;CD CENTRO DE DISTRIBUCIàN;R9;V25;16:43:00
9225ebff;24/09/2025;2:58:00 p.ÿm.;32 MANUFACTURAS GIRALDO ZULUAGA S.A.S.;R9;V25;15:02:00
46b70b28;24/09/2025;3:02:00 p.ÿm.;69 COOMUNELSA C.T.A -COOPERATIVA MULT. COMUNITARIA EL SANTUARIO;R9;V25;15:04:00
1cb9c05f;1/10/2025;11:01:00 a.ÿm.;D4 IMAGEN TEXTIL J&S S.A.S;R1;V2;11:19:00
783ebc43;1/10/2025;11:19:00 a.ÿm.;69 COOMUNELSA C.T.A -COOPERATIVA MULT. COMUNITARIA EL SANTUARIO;R1;V2;11:59:00
1b027103;1/10/2025;11:10:00 a.ÿm.;P09 FERMASA S.A.S.;R9;V13;11:42:00
022c6bc8;1/10/2025;11:43:00 a.ÿm.;42 COOPIMAR - COOPERATIVA INDUSTRIAL MARINILLA C.T.A;R2;V20;14:08:00
e54a0c2d;1/10/2025;11:43:00 a.ÿm.;86 COOP. TRAB. ASOCIAD. CRECER Y CREAR;R2;V20;14:05:00
d7c694e0;1/10/2025;11:43:00 a.ÿm.;36 INCOOMAR - INDUSTRIA COOPERATIVA DE MARINILLA;R2;V20;14:05:00
9a42db1b;1/10/2025;11:51:00 a.ÿm.;06 SODECON DE CONFECCION S.A.S;R1;V2;12:38:00
cbaa5406;1/10/2025;11:59:00 a.ÿm.;D7 GRUPO ORIENTEX S.A.S;R1;V2;12:39:00
5cd37833;1/10/2025;12:22:00 p.ÿm.;13 ALIANZA CONAZZTEX S.A.S.;R1;V2;12:44:00
ea66e254;1/10/2025;12:23:00 p.ÿm.;46 CONFECCIONES CAVITEX S.A.S.;R1;V2;12:45:00
cce81153;1/10/2025;12:40:00 p.ÿm.;P14 PRYM S.A.S.;R9;V6;12:46:00
c20f27e4;1/10/2025;12:47:00 p.ÿm.;56 CREACIONES MPM S.A.S.;R1;V2;12:58:00
6027803e;24/09/2025;3:05:00 p.ÿm.;24 ECOOELSA C.T.A - EMPRESA COOP. EL SANTUARIO C.T.A.;R9;V25;15:09:00
ce043a8e;1/10/2025;1:05:00 p.ÿm.;L07 INVERSIONES TAMESCO S.A.S.;R9;V6;13:20:00
e40b0003;1/10/2025;1:25:00 p.ÿm.;05 C.I. CONFECCIONES OLAS S.A;R9;V6;13:44:00
db732167;1/10/2025;1:11:00 p.ÿm.;P12 CONFECCIONES SELEMAR;R9;V13;13:37:00
75c4ce69;1/10/2025;1:55:00 p.ÿm.;P67 MAQUIDIEZ S.A.S.;R9;V6;14:00:00
f869585e;1/10/2025;1:59:00 p.ÿm.;D2 IMATEX INDUSTRIA Y MANUFACTURAS TEXTILES S.A.S;R1;V2;14:13:00
a9263390;1/10/2025;2:00:00 p.ÿm.;72 COOPERATIVA MULTIACTIVA EL PE¥OL - COOMPAB;R2;V20;14:08:00
ec61e3d9;1/10/2025;2:00:00 p.ÿm.;P61 MAQUILIFE S.A.S.;R9;V6;14:05:00
5019fcf8;1/10/2025;2:20:00 p.ÿm.;CD CENTRO DE DISTRIBUCIàN;R9;V6;14:49:00
506f8559;1/10/2025;2:19:00 p.ÿm.;P53 GISA SAS;R9;V13;14:32:00
80785a5d;1/10/2025;3:07:00 p.ÿm.;P85 CREACIONES VENETO SAS;R9;V13;15:21:00
f47b348f;1/10/2025;3:09:00 p.ÿm.;P46 MERAKI;R9;V6;15:15:00
bdff440e;1/10/2025;3:32:00 p.ÿm.;P54 MANUFACTURA VAMALI;R9;V6;15:36:00
b73c7423;1/10/2025;3:34:00 p.ÿm.;P05 MAQUILADORA DYA SAS;R9;V13;15:40:00
bdf609bd;1/10/2025;3:42:00 p.ÿm.;P07 BAETEX SAS;R9;V6;15:46:00
ef712c4e;1/10/2025;3:37:00 p.ÿm.;CD CENTRO DE DISTRIBUCIàN;R1;V2;16:26:00
e814da2b;1/10/2025;3:46:00 p.ÿm.;P42 ROJAS CONFECCIONES;R9;V13;15:50:00
566b9852;1/10/2025;3:55:00 p.ÿm.;CD CENTRO DE DISTRIBUCIàN;R2;V20;16:06:00
3a6cc6d5;1/10/2025;3:55:00 p.ÿm.;P01 S&VCONFECCIONES;R9;V13;16:07:00
8934f69a;1/10/2025;4:05:00 p.ÿm.;P08 MANUFACTURA ODIM S.A.S.;R9;V6;16:17:00
300dfd30;1/10/2025;4:28:00 p.ÿm.;CD CENTRO DE DISTRIBUCIàN;R9;V13;16:59:00
183bf5fc;1/10/2025;4:36:00 p.ÿm.;CI CENTRO DE INTEGRACIàN;R1;V2;16:42:00
c199a8b0;1/10/2025;5:10:00 p.ÿm.;CD CENTRO DE DISTRIBUCIàN;R9;V6;17:40:00
fab91d52;2/10/2025;4:51:00 a.ÿm.;CI CENTRO DE INTEGRACIàN;R1;V2;4:55:00
0f720bc3;2/10/2025;6:05:00 a.ÿm.;36 INCOOMAR - INDUSTRIA COOPERATIVA DE MARINILLA;R1;V2;6:22:00
254f5514;2/10/2025;6:26:00 a.ÿm.;42 COOPIMAR - COOPERATIVA INDUSTRIAL MARINILLA C.T.A;R1;V2;7:10:00
7c9052fd;2/10/2025;7:04:00 a.ÿm.;CI CENTRO DE INTEGRACIàN;R2;V20;7:15:00
1273948b;2/10/2025;7:04:00 a.ÿm.;30 WAGNER COMMERCIAL GROUP (ANTES TINY MED);R2;V20;7:15:00
0dfee22e;2/10/2025;7:04:00 a.ÿm.;B9 DUNNINGTON CORPORATION (ANTES NOVAL);R2;V20;7:33:00
861b6cb2;2/10/2025;7:04:00 a.ÿm.;21 MANUFACTURA S.A.;R2;V20;8:02:00
4fe4d79f;2/10/2025;7:10:00 a.ÿm.;D2 IMATEX INDUSTRIA Y MANUFACTURAS TEXTILES S.A.S;R1;V2;7:30:00
44d7277e;2/10/2025;7:33:00 a.ÿm.;CD CENTRO DE DISTRIBUCIàN;R9;V13;7:39:00
83ae11ed;2/10/2025;7:35:00 a.ÿm.;40 GRUPO CENIT S.A.S;R1;V2;7:55:00
a33b8110;2/10/2025;7:54:00 a.ÿm.;P85 CREACIONES VENETO SAS;R9;V13;8:02:00
4cb66fb0;2/10/2025;7:58:00 a.ÿm.;B7 CREATEX FORMAS INTIMAS S.A.S.;R1;V2;8:05:00
c5d5975f;2/10/2025;7:59:00 a.ÿm.;B3 MODATEX CONFECCIONES JFC S.A.S.;R1;V2;8:05:00
38e8f0ae;2/10/2025;8:08:00 a.ÿm.;A4 CONFECCIONES COOL FASHION S.A.S;R1;V2;8:16:00
06a98fc5;2/10/2025;8:10:00 a.ÿm.;P53 GISA SAS;R9;V13;8:18:00
17e8fbff;2/10/2025;8:18:00 a.ÿm.;32 MANUFACTURAS GIRALDO ZULUAGA S.A.S.;R1;V2;8:30:00
d548ba22;2/10/2025;8:41:00 a.ÿm.;24 ECOOELSA C.T.A - EMPRESA COOP. EL SANTUARIO C.T.A.;R1;V2;10:01:00
697af607;2/10/2025;9:13:00 a.ÿm.;P42 ROJAS CONFECCIONES;R9;V13;9:21:00
ecbc1307;24/09/2025;3:10:00 p.ÿm.;P86 CREACIONES SARAI;R9;V25;15:54:00
3d826c5e;24/09/2025;3:50:00 p.ÿm.;D7 GRUPO ORIENTEX S.A.S;R9;V25;15:55:00
82371da3;2/10/2025;10:01:00 a.ÿm.;69 COOMUNELSA C.T.A -COOPERATIVA MULT. COMUNITARIA EL SANTUARIO;R1;V2;10:25:00
9b787273;2/10/2025;10:17:00 a.ÿm.;CI CENTRO DE INTEGRACIàN;R2;V20;10:35:00
c7200ba9;2/10/2025;10:17:00 a.ÿm.;42 COOPIMAR - COOPERATIVA INDUSTRIAL MARINILLA C.T.A;R2;V20;13:09:00
ae917077;2/10/2025;10:17:00 a.ÿm.;72 COOPERATIVA MULTIACTIVA EL PE¥OL - COOMPAB;R2;V20;13:09:00
2df5e3d2;2/10/2025;10:18:00 a.ÿm.;86 COOP. TRAB. ASOCIAD. CRECER Y CREAR;R2;V20;13:10:00
8ed9134c;2/10/2025;10:18:00 a.ÿm.;36 INCOOMAR - INDUSTRIA COOPERATIVA DE MARINILLA;R2;V20;13:10:00
6cda3b18;24/09/2025;3:52:00 p.ÿm.;46 CONFECCIONES CAVITEX S.A.S.;R9;V25;15:58:00
66d1354b;24/09/2025;4:10:00 p.ÿm.;36 INCOOMAR - INDUSTRIA COOPERATIVA DE MARINILLA;R9;V25;16:15:00
d1540d71;24/09/2025;4:13:00 p.ÿm.;42 COOPIMAR - COOPERATIVA INDUSTRIAL MARINILLA C.T.A;R9;V25;16:17:00
37b3b802;2/10/2025;10:26:00 a.ÿm.;06 SODECON DE CONFECCION S.A.S;R1;V2;10:39:00
75938242;2/10/2025;10:27:00 a.ÿm.;D7 GRUPO ORIENTEX S.A.S;R1;V2;10:50:00
1939c2e6;24/09/2025;4:17:00 p.ÿm.;CD CENTRO DE DISTRIBUCIàN;R9;V25;16:23:00
31eee022;23/09/2025;11:39:00 a.ÿm.;32 MANUFACTURAS GIRALDO ZULUAGA S.A.S.;R9;V25;23:40:00
789b8aa2;23/09/2025;11:39:00 a.ÿm.;69 COOMUNELSA C.T.A -COOPERATIVA MULT. COMUNITARIA EL SANTUARIO;R9;V25;12:25:00
c50f9c74;2/10/2025;10:44:00 a.ÿm.;13 ALIANZA CONAZZTEX S.A.S.;R1;V2;11:21:00
a83b3924;2/10/2025;10:51:00 a.ÿm.;46 CONFECCIONES CAVITEX S.A.S.;R1;V2;11:22:00
836720c7;2/10/2025;11:25:00 a.ÿm.;D4 IMAGEN TEXTIL J&S S.A.S;R1;V2;12:08:00
76b59bdb;2/10/2025;11:44:00 a.ÿm.;P09 FERMASA S.A.S.;R9;V13;23:45:00
08b5c2f7;2/10/2025;12:03:00 p.ÿm.;24 ECOOELSA C.T.A - EMPRESA COOP. EL SANTUARIO C.T.A.;R1;V2;12:19:00
874a68c4;2/10/2025;12:20:00 p.ÿm.;56 CREACIONES MPM S.A.S.;R1;V2;12:25:00
6650c780;2/10/2025;12:35:00 p.ÿm.;CD CENTRO DE DISTRIBUCIàN;R9;V6;12:40:00
6dc345ea;23/09/2025;11:39:00 a.ÿm.;24 ECOOELSA C.T.A - EMPRESA COOP. EL SANTUARIO C.T.A.;R9;V25;12:30:00
91a87ff1;2/10/2025;12:50:00 p.ÿm.;L07 INVERSIONES TAMESCO S.A.S.;R9;V6;13:01:00
faaee64f;2/10/2025;1:05:00 p.ÿm.;05 C.I. CONFECCIONES OLAS S.A;R9;V6;13:40:00
00f14d4d;2/10/2025;12:33:00 p.ÿm.;D2 IMATEX INDUSTRIA Y MANUFACTURAS TEXTILES S.A.S;R1;V2;13:46:00
1782dd01;2/10/2025;1:20:00 p.ÿm.;P12 CONFECCIONES SELEMAR;R9;V13;13:51:00
0910f4a0;2/10/2025;1:53:00 p.ÿm.;P61 MAQUILIFE S.A.S.;R9;V6;13:57:00
5a4a0f04;2/10/2025;1:55:00 p.ÿm.;P67 MAQUIDIEZ S.A.S.;R9;V6;14:01:00
fc603719;2/10/2025;2:15:00 p.ÿm.;CD CENTRO DE DISTRIBUCIàN;R9;V6;14:34:00
2841e7bc;2/10/2025;2:21:00 p.ÿm.;REEMPAQUE RENACER;R2;V20;14:27:00
2bae894f;2/10/2025;2:30:00 p.ÿm.;P53 GISA SAS;R9;V13;14:45:00
ed05af69;2/10/2025;2:58:00 p.ÿm.;P85 CREACIONES VENETO SAS;R9;V13;15:11:00
fe642d1f;2/10/2025;3:02:00 p.ÿm.;CD CENTRO DE DISTRIBUCIàN;R1;V2;15:43:00
3f8acdf2;2/10/2025;3:20:00 p.ÿm.;P05 MAQUILADORA DYA SAS;R9;V13;15:44:00
23d9aa3a;2/10/2025;2:55:00 p.ÿm.;P46 MERAKI;R9;V6;15:05:00
c299a102;2/10/2025;3:20:00 p.ÿm.;P54 MANUFACTURA VAMALI;R9;V6;16:25:00
fdf1af01;2/10/2025;3:45:00 p.ÿm.;P01 S&VCONFECCIONES;R9;V13;15:40:00
a32ab1e9;2/10/2025;3:49:00 p.ÿm.;CI CENTRO DE INTEGRACIàN;R1;V2;16:01:00
ba882173;2/10/2025;3:20:00 p.ÿm.;P54 MANUFACTURA VAMALI;R9;V6;15:25:00
d7325e74;2/10/2025;3:35:00 p.ÿm.;P07 BAETEX SAS;R9;V6;15:42:00
aa2f7340;2/10/2025;4:03:00 p.ÿm.;CD CENTRO DE DISTRIBUCIàN;R2;V20;16:08:00
ef5b1c33;2/10/2025;4:15:00 p.ÿm.;P08 MANUFACTURA ODIM S.A.S.;R9;V6;16:23:00
af3970f9;2/10/2025;4:39:00 p.ÿm.;CD CENTRO DE DISTRIBUCIàN;R9;V13;16:51:00
db7585a9;2/10/2025;5:06:00 p.ÿm.;CD CENTRO DE DISTRIBUCIàN;R9;V6;17:25:00
2b96b8a2;3/10/2025;5:02:00 a.ÿm.;CI CENTRO DE INTEGRACIàN;R1;V2;5:04:00
9066d59b;3/10/2025;6:12:00 a.ÿm.;CI CENTRO DE INTEGRACIàN;R2;V20;7:09:00
fdfe3db4;3/10/2025;6:30:00 a.ÿm.;42 COOPIMAR - COOPERATIVA INDUSTRIAL MARINILLA C.T.A;R1;V2;7:18:00
4ad9a718;3/10/2025;7:05:00 a.ÿm.;B9 DUNNINGTON CORPORATION (ANTES NOVAL);R2;V20;7:39:00
0606e0db;3/10/2025;7:05:00 a.ÿm.;21 MANUFACTURA S.A.;R2;V20;8:31:00
b42900d3;3/10/2025;7:27:00 a.ÿm.;36 INCOOMAR - INDUSTRIA COOPERATIVA DE MARINILLA;R1;V2;7:40:00
5eac3ad0;3/10/2025;8:01:00 a.ÿm.;D2 IMATEX INDUSTRIA Y MANUFACTURAS TEXTILES S.A.S;R1;V2;8:16:00
21166bca;3/10/2025;8:06:00 a.ÿm.;CD CENTRO DE DISTRIBUCIàN;R9;V13;8:11:00
beb93271;3/10/2025;8:14:00 a.ÿm.;CI CENTRO DE INTEGRACIàN;R2;V20;8:46:00
10592c55;3/10/2025;8:15:00 a.ÿm.;30 WAGNER COMMERCIAL GROUP (ANTES TINY MED);R2;V20;8:46:00
deff462b;3/10/2025;8:17:00 a.ÿm.;40 GRUPO CENIT S.A.S;R1;V2;8:24:00
68724fdf;3/10/2025;8:25:00 a.ÿm.;B7 CREATEX FORMAS INTIMAS S.A.S.;R1;V2;8:31:00
14652ad0;3/10/2025;8:25:00 a.ÿm.;B3 MODATEX CONFECCIONES JFC S.A.S.;R1;V2;8:32:00
66767106;3/10/2025;8:39:00 a.ÿm.;32 MANUFACTURAS GIRALDO ZULUAGA S.A.S.;R1;V2;8:54:00
565aa5c9;3/10/2025;8:51:00 a.ÿm.;P05 MAQUILADORA DYA SAS;R9;V13;9:02:00
ae9e145a;3/10/2025;9:11:00 a.ÿm.;24 ECOOELSA C.T.A - EMPRESA COOP. EL SANTUARIO C.T.A.;R1;V2;10:05:00
0fcf8e1c;3/10/2025;10:01:00 a.ÿm.;D4 IMAGEN TEXTIL J&S S.A.S;R1;V2;10:28:00
0de11317;23/09/2025;12:46:00 p.ÿm.;P86 CREACIONES SARAI;R9;V25;12:40:00
c516ec37;23/09/2025;12:46:00 p.ÿm.;D7 GRUPO ORIENTEX S.A.S;R9;V25;12:50:00
4d31f595;23/09/2025;12:47:00 p.ÿm.;46 CONFECCIONES CAVITEX S.A.S.;R9;V25;12:55:00
d0feee2e;3/10/2025;10:25:00 a.ÿm.;69 COOMUNELSA C.T.A -COOPERATIVA MULT. COMUNITARIA EL SANTUARIO;R1;V2;11:23:00
a7d88f80;3/10/2025;11:09:00 a.ÿm.;CI CENTRO DE INTEGRACIàN;R2;V20;11:17:00
bda4ae33;3/10/2025;11:13:00 a.ÿm.;P09 FERMASA S.A.S.;R9;V13;11:30:00
36868a4d;23/09/2025;1:17:00 p.ÿm.;42 COOPIMAR - COOPERATIVA INDUSTRIAL MARINILLA C.T.A;R9;V25;16:15:00
188059fc;23/09/2025;1:17:00 p.ÿm.;42 COOPIMAR - COOPERATIVA INDUSTRIAL MARINILLA C.T.A;R9;V25;16:15:00
d690414d;23/09/2025;2:03:00 p.ÿm.;36 INCOOMAR - INDUSTRIA COOPERATIVA DE MARINILLA;R9;V25;14:50:00
1abb599f;3/10/2025;11:31:00 a.ÿm.;42 COOPIMAR - COOPERATIVA INDUSTRIAL MARINILLA C.T.A;R2;V20;16:33:00
e606697c;3/10/2025;11:31:00 a.ÿm.;36 INCOOMAR - INDUSTRIA COOPERATIVA DE MARINILLA;R2;V20;16:33:00
1f1cdcc2;3/10/2025;11:31:00 a.ÿm.;72 COOPERATIVA MULTIACTIVA EL PE¥OL - COOMPAB;R2;V20;16:33:00
2f5cd712;3/10/2025;11:31:00 a.ÿm.;86 COOP. TRAB. ASOCIAD. CRECER Y CREAR;R2;V20;16:33:00
e03b3f69;3/10/2025;11:32:00 a.ÿm.;REEMPAQUE RENACER;R2;V20;16:34:00
6e5d68ec;3/10/2025;11:46:00 a.ÿm.;24 ECOOELSA C.T.A - EMPRESA COOP. EL SANTUARIO C.T.A.;R1;V2;12:02:00
a52f4302;3/10/2025;12:02:00 p.ÿm.;06 SODECON DE CONFECCION S.A.S;R1;V2;12:23:00
69f00785;3/10/2025;12:04:00 p.ÿm.;D7 GRUPO ORIENTEX S.A.S;R1;V2;12:31:00
66fa100b;3/10/2025;12:31:00 p.ÿm.;13 ALIANZA CONAZZTEX S.A.S.;R1;V2;13:02:00
04fe180a;3/10/2025;12:32:00 p.ÿm.;46 CONFECCIONES CAVITEX S.A.S.;R1;V2;13:02:00
34020cc5;3/10/2025;12:40:00 p.ÿm.;CD CENTRO DE DISTRIBUCIàN;R9;V6;12:45:00
9199b6ba;23/09/2025;4:10:00 p.ÿm.;CD CENTRO DE DISTRIBUCIàN;R9;V25;16:50:00
e403f743;3/10/2025;1:00:00 p.ÿm.;56 CREACIONES MPM S.A.S.;R1;V2;13:20:00
e714fa49;3/10/2025;1:05:00 p.ÿm.;L07 INVERSIONES TAMESCO S.A.S.;R9;V6;13:20:00
ed6ca6f5;3/10/2025;1:14:00 p.ÿm.;P12 CONFECCIONES SELEMAR;R9;V13;13:22:00
81e0df34;3/10/2025;1:25:00 p.ÿm.;05 C.I. CONFECCIONES OLAS S.A;R9;V6;13:50:00
5009d720;3/10/2025;2:00:00 p.ÿm.;P53 GISA SAS;R9;V13;14:05:00
ce1af34a;3/10/2025;2:07:00 p.ÿm.;D2 IMATEX INDUSTRIA Y MANUFACTURAS TEXTILES S.A.S;R1;V2;14:54:00
9a590966;3/10/2025;2:21:00 p.ÿm.;P14 PRYM S.A.S.;R9;V13;14:35:00
19e3c7dc;3/10/2025;2:41:00 p.ÿm.;P85 CREACIONES VENETO SAS;R9;V13;14:48:00
768cafa2;3/10/2025;2:05:00 p.ÿm.;P67 MAQUIDIEZ S.A.S.;R9;V6;14:10:00
b1c3aa39;3/10/2025;2:35:00 p.ÿm.;P46 MERAKI;R9;V6;14:45:00
637a81a6;3/10/2025;2:00:00 p.ÿm.;P61 MAQUILIFE S.A.S.;R9;V6;14:05:00
9d529774;3/10/2025;3:01:00 p.ÿm.;P42 ROJAS CONFECCIONES;R9;V13;15:10:00
94585015;3/10/2025;3:00:00 p.ÿm.;P54 MANUFACTURA VAMALI;R9;V6;15:04:00
83342339;3/10/2025;3:14:00 p.ÿm.;P05 MAQUILADORA DYA SAS;R9;V13;15:23:00
7e00dabc;3/10/2025;3:10:00 p.ÿm.;P07 BAETEX SAS;R9;V6;15:15:00
e1aba977;3/10/2025;3:32:00 p.ÿm.;P01 S&VCONFECCIONES;R9;V13;15:38:00
5cc10b59;3/10/2025;3:35:00 p.ÿm.;P08 MANUFACTURA ODIM S.A.S.;R9;V6;15:44:00
4eef83d6;3/10/2025;4:04:00 p.ÿm.;CD CENTRO DE DISTRIBUCIàN;R9;V13;16:33:00
d537a0ff;3/10/2025;4:15:00 p.ÿm.;CD CENTRO DE DISTRIBUCIàN;R1;V2;18:10:00
daeeeb1e;3/10/2025;5:00:00 p.ÿm.;CI CENTRO DE INTEGRACIàN;R9;V6;17:05:00
bd51799e;3/10/2025;5:50:00 p.ÿm.;TE TELAS Y ENCAJES;R9;V6;
0835f19b;3/10/2025;6:31:00 p.ÿm.;CD CENTRO DE DISTRIBUCIàN;R2;V20;
168c4d75;4/10/2025;5:45:00 a.ÿm.;42 COOPIMAR - COOPERATIVA INDUSTRIAL MARINILLA C.T.A;R1;V2;7:17:00
65eae109;4/10/2025;5:46:00 a.ÿm.;B2 INVERSIONES JALUX S.A.S;R1;V2;
0edae854;4/10/2025;5:46:00 a.ÿm.;36 INCOOMAR - INDUSTRIA COOPERATIVA DE MARINILLA;R1;V2;7:57:00
7c45bd12;4/10/2025;6:32:00 a.ÿm.;CI CENTRO DE INTEGRACIàN;R9;V6;7:00:00
abcec8e8;4/10/2025;6:43:00 a.ÿm.;CI CENTRO DE INTEGRACIàN;R2;V20;6:51:00
c7a1ba6b;4/10/2025;7:04:00 a.ÿm.;B9 DUNNINGTON CORPORATION (ANTES NOVAL);R2;V20;7:08:00
1f586696;4/10/2025;7:09:00 a.ÿm.;LS LESENSUEL;R2;V20;7:11:00
0dd0cc28;4/10/2025;7:14:00 a.ÿm.;D2 IMATEX INDUSTRIA Y MANUFACTURAS TEXTILES S.A.S;R1;V2;7:19:00
46afdbfc;22/09/2025;1:58:00 p.ÿm.;P86 CREACIONES SARAI;R9;V25;14:51:00
ebc5a92b;4/10/2025;7:47:00 a.ÿm.;CI CENTRO DE INTEGRACIàN;R2;V20;7:51:00
7718a393;4/10/2025;7:52:00 a.ÿm.;30 WAGNER COMMERCIAL GROUP (ANTES TINY MED);R2;V20;7:56:00
3691898d;4/10/2025;7:52:00 a.ÿm.;40 GRUPO CENIT S.A.S;R1;V2;
b19d0c84;4/10/2025;8:37:00 a.ÿm.;B3 MODATEX CONFECCIONES JFC S.A.S.;R1;V2;8:48:00
729fc114;4/10/2025;8:37:00 a.ÿm.;B7 CREATEX FORMAS INTIMAS S.A.S.;R1;V2;8:59:00
8fc5d896;4/10/2025;8:51:00 a.ÿm.;32 MANUFACTURAS GIRALDO ZULUAGA S.A.S.;R1;V2;10:57:00
6702bedd;4/10/2025;9:00:00 a.ÿm.;69 COOMUNELSA C.T.A -COOPERATIVA MULT. COMUNITARIA EL SANTUARIO;R1;V2;10:59:00
7ad1bd86;22/09/2025;2:52:00 p.ÿm.;D7 GRUPO ORIENTEX S.A.S;R9;V25;15:08:00
471dc450;4/10/2025;9:08:00 a.ÿm.;CD CENTRO DE DISTRIBUCIàN;R9;V13;9:15:00
5e99b23e;4/10/2025;9:41:00 a.ÿm.;P01 S&VCONFECCIONES;R9;V13;9:44:00
9fd9a7c2;4/10/2025;10:00:00 a.ÿm.;CD CENTRO DE DISTRIBUCIàN;R9;V6;10:07:00
116a3dce;4/10/2025;9:57:00 a.ÿm.;CI CENTRO DE INTEGRACIàN;R2;V20;10:01:00
b51fa8ff;4/10/2025;10:09:00 a.ÿm.;24 ECOOELSA C.T.A - EMPRESA COOP. EL SANTUARIO C.T.A.;R1;V2;12:47:00
14597bdb;22/09/2025;3:08:00 p.ÿm.;46 CONFECCIONES CAVITEX S.A.S.;R9;V25;15:23:00
c95401d4;22/09/2025;3:23:00 p.ÿm.;32 MANUFACTURAS GIRALDO ZULUAGA S.A.S.;R9;V25;15:31:00
40728ab7;4/10/2025;10:25:00 a.ÿm.;L07 INVERSIONES TAMESCO S.A.S.;R9;V6;10:40:00
f1091ba6;22/09/2025;3:31:00 p.ÿm.;69 COOMUNELSA C.T.A -COOPERATIVA MULT. COMUNITARIA EL SANTUARIO;R9;V25;15:35:00
f145f400;22/09/2025;3:36:00 p.ÿm.;24 ECOOELSA C.T.A - EMPRESA COOP. EL SANTUARIO C.T.A.;R9;V25;15:40:00
c4f2ce0f;4/10/2025;10:45:00 a.ÿm.;05 C.I. CONFECCIONES OLAS S.A;R9;V6;11:20:00
0d9f9a80;4/10/2025;11:04:00 a.ÿm.;P85 CREACIONES VENETO SAS;R9;V13;11:11:00
52e21ddb;22/09/2025;3:40:00 p.ÿm.;36 INCOOMAR - INDUSTRIA COOPERATIVA DE MARINILLA;R9;V25;15:43:00
d8f25cc4;4/10/2025;11:29:00 a.ÿm.;P67 MAQUIDIEZ S.A.S.;R9;V6;11:38:00
8131c60a;4/10/2025;11:50:00 a.ÿm.;P54 MANUFACTURA VAMALI;R9;V6;11:54:00
19f14084;4/10/2025;12:00:00 p.ÿm.;P07 BAETEX SAS;R9;V6;12:06:00
93808c5e;4/10/2025;11:50:00 p.ÿm.;P42 ROJAS CONFECCIONES;R9;V13;12:09:00
8ae06e45;4/10/2025;12:21:00 p.ÿm.;42 COOPIMAR - COOPERATIVA INDUSTRIAL MARINILLA C.T.A;R2;V20;12:34:00
e27c0f7d;4/10/2025;12:22:00 p.ÿm.;CD CENTRO DE DISTRIBUCIàN;R9;V13;12:37:00
7d515ff3;4/10/2025;12:28:00 p.ÿm.;P08 MANUFACTURA ODIM S.A.S.;R9;V6;12:35:00
78d91101;4/10/2025;12:36:00 p.ÿm.;36 INCOOMAR - INDUSTRIA COOPERATIVA DE MARINILLA;R2;V20;13:06:00
097a8e95;4/10/2025;12:42:00 p.ÿm.;56 CREACIONES MPM S.A.S.;R1;V2;13:59:00
27e7ec25;4/10/2025;1:06:00 p.ÿm.;86 COOP. TRAB. ASOCIAD. CRECER Y CREAR;R2;V20;13:13:00
dbbfdaa4;4/10/2025;1:13:00 p.ÿm.;72 COOPERATIVA MULTIACTIVA EL PE¥OL - COOMPAB;R2;V20;13:20:00
88054183;4/10/2025;1:23:00 p.ÿm.;L14 VYDA S.A.S.;R9;V6;13:30:00
7301988b;4/10/2025;1:40:00 p.ÿm.;CD CENTRO DE DISTRIBUCIàN;R9;V6;14:35:00
423f2edd;22/09/2025;3:44:00 p.ÿm.;42 COOPIMAR - COOPERATIVA INDUSTRIAL MARINILLA C.T.A;R9;V25;15:48:00
26eda7e1;4/10/2025;1:59:00 p.ÿm.;D2 IMATEX INDUSTRIA Y MANUFACTURAS TEXTILES S.A.S;R1;V2;14:06:00
cddfa434;4/10/2025;1:58:00 p.ÿm.;REEMPAQUE RENACER;R2;V20;14:05:00
82e742b0;4/10/2025;3:20:00 p.ÿm.;CD CENTRO DE DISTRIBUCIàN;R1;V2;16:06:00
08dc90fb;4/10/2025;3:15:00 p.ÿm.;P46 MERAKI;R9;V6;15:20:00
6b042b45;4/10/2025;3:41:00 p.ÿm.;CD CENTRO DE DISTRIBUCIàN;R2;V20;15:47:00
f9d207ae;4/10/2025;3:35:00 p.ÿm.;P61 MAQUILIFE S.A.S.;R9;V6;
83aee3a6;6/10/2025;4:57:00 a.ÿm.;CI CENTRO DE INTEGRACIàN;R1;V2;5:05:00
a7d7942c;6/10/2025;6:05:00 a.ÿm.;42 COOPIMAR - COOPERATIVA INDUSTRIAL MARINILLA C.T.A;R1;V2;7:02:00
63922497;6/10/2025;7:06:00 a.ÿm.;36 INCOOMAR - INDUSTRIA COOPERATIVA DE MARINILLA;R1;V2;7:15:00
0b96a0e3;6/10/2025;7:19:00 a.ÿm.;CI CENTRO DE INTEGRACIàN;R2;V20;7:15:00
a6204877;6/10/2025;7:19:00 a.ÿm.;B9 DUNNINGTON CORPORATION (ANTES NOVAL);R2;V20;7:39:00
8b75b3e8;6/10/2025;7:32:00 a.ÿm.;40 GRUPO CENIT S.A.S;R1;V2;7:40:00
2ec3d85f;6/10/2025;7:41:00 a.ÿm.;B7 CREATEX FORMAS INTIMAS S.A.S.;R1;V2;7:51:00
77785341;6/10/2025;7:41:00 a.ÿm.;B3 MODATEX CONFECCIONES JFC S.A.S.;R1;V2;7:51:00
b69cf615;6/10/2025;7:42:00 a.ÿm.;21 MANUFACTURA S.A.;R2;V20;8:00:00
f2312c7a;6/10/2025;7:42:00 a.ÿm.;33 LEONISA LA 33;R2;V20;8:00:00
9b100d45;6/10/2025;7:56:00 a.ÿm.;P05 MAQUILADORA DYA SAS;R9;V13;7:59:00
9da9b439;6/10/2025;7:58:00 a.ÿm.;A4 CONFECCIONES COOL FASHION S.A.S;R1;V2;8:05:00
493c1a5f;6/10/2025;8:03:00 a.ÿm.;32 MANUFACTURAS GIRALDO ZULUAGA S.A.S.;R1;V2;8:29:00
23379589;6/10/2025;8:04:00 a.ÿm.;CI CENTRO DE INTEGRACIàN;R2;V20;8:15:00
38b0364a;6/10/2025;8:20:00 a.ÿm.;30 WAGNER COMMERCIAL GROUP (ANTES TINY MED);R2;V20;8:33:00
03d54d35;6/10/2025;8:29:00 a.ÿm.;24 ECOOELSA C.T.A - EMPRESA COOP. EL SANTUARIO C.T.A.;R1;V2;9:42:00
e3a18583;6/10/2025;8:34:00 a.ÿm.;CI CENTRO DE INTEGRACIàN;R2;V20;22:15:00
bdf3112d;6/10/2025;8:34:00 a.ÿm.;CD CENTRO DE DISTRIBUCIàN;R2;V20;22:45:00
92ee07cd;6/10/2025;9:38:00 a.ÿm.;P01 S&VCONFECCIONES;R9;V13;9:48:00
f8797e1d;6/10/2025;9:43:00 a.ÿm.;D4 IMAGEN TEXTIL J&S S.A.S;R1;V2;10:33:00
4e59d63d;6/10/2025;10:01:00 a.ÿm.;69 COOMUNELSA C.T.A -COOPERATIVA MULT. COMUNITARIA EL SANTUARIO;R1;V2;10:43:00
5f874d0b;6/10/2025;10:44:00 a.ÿm.;06 SODECON DE CONFECCION S.A.S;R1;V2;11:02:00
908a3b37;6/10/2025;10:44:00 a.ÿm.;D7 GRUPO ORIENTEX S.A.S;R1;V2;11:03:00
d9ed75ed;6/10/2025;11:01:00 a.ÿm.;P42 ROJAS CONFECCIONES;R9;V13;
db15ff57;6/10/2025;11:04:00 a.ÿm.;13 ALIANZA CONAZZTEX S.A.S.;R1;V2;11:26:00
4fe9f41c;6/10/2025;11:05:00 a.ÿm.;46 CONFECCIONES CAVITEX S.A.S.;R1;V2;11:27:00
6801fba1;6/10/2025;11:28:00 a.ÿm.;56 CREACIONES MPM S.A.S.;R1;V2;11:34:00
99741bf0;6/10/2025;11:42:00 a.ÿm.;P09 FERMASA S.A.S.;R9;V13;11:53:00
250d2264;6/10/2025;11:45:00 a.ÿm.;CD CENTRO DE DISTRIBUCIàN;R9;V6;11:50:00
2cfae0c6;6/10/2025;11:43:00 a.ÿm.;P09 FERMASA S.A.S.;R9;V13;
9cb3b8cf;6/10/2025;12:07:00 p.ÿm.;42 COOPIMAR - COOPERATIVA INDUSTRIAL MARINILLA C.T.A;R2;V20;13:11:00
f120d81d;6/10/2025;12:08:00 p.ÿm.;42 COOPIMAR - COOPERATIVA INDUSTRIAL MARINILLA C.T.A;R2;V20;13:11:00
80f446f4;6/10/2025;12:08:00 p.ÿm.;42 COOPIMAR - COOPERATIVA INDUSTRIAL MARINILLA C.T.A;R2;V20;13:12:00
6e2860e8;6/10/2025;12:07:00 p.ÿm.;L07 INVERSIONES TAMESCO S.A.S.;R9;V6;12:20:00
d5036258;6/10/2025;12:25:00 p.ÿm.;05 C.I. CONFECCIONES OLAS S.A;R9;V6;13:21:00
f0076c5c;6/10/2025;12:25:00 p.ÿm.;D2 IMATEX INDUSTRIA Y MANUFACTURAS TEXTILES S.A.S;R1;V2;12:59:00
9914d6ef;22/09/2025;4:43:00 p.ÿm.;CD CENTRO DE DISTRIBUCIàN;R9;V25;16:48:00
f8f1a81e;20/09/2025;7:20:00 a.ÿm.;CD CENTRO DE DISTRIBUCIàN;R9;V25;7:27:00
c414df24;20/09/2025;9:31:00 a.ÿm.;32 MANUFACTURAS GIRALDO ZULUAGA S.A.S.;R9;V25;9:38:00
1c72cc53;6/10/2025;1:08:00 p.ÿm.;86 COOP. TRAB. ASOCIAD. CRECER Y CREAR;R2;V20;14:10:00
fa5790cc;6/10/2025;1:08:00 p.ÿm.;72 COOPERATIVA MULTIACTIVA EL PE¥OL - COOMPAB;R2;V20;14:10:00
96a66773;6/10/2025;1:08:00 p.ÿm.;36 INCOOMAR - INDUSTRIA COOPERATIVA DE MARINILLA;R2;V20;14:10:00
86989516;6/10/2025;1:23:00 p.ÿm.;P12 CONFECCIONES SELEMAR;R9;V13;13:34:00
1e6eac20;6/10/2025;1:32:00 p.ÿm.;P61 MAQUILIFE S.A.S.;R9;V6;13:40:00
7e76d9f9;6/10/2025;1:40:00 p.ÿm.;P67 MAQUIDIEZ S.A.S.;R9;V6;13:45:00
e922ff53;6/10/2025;1:46:00 p.ÿm.;REEMPAQUE RENACER;R2;V20;14:12:00
05f6e7c8;6/10/2025;1:59:00 p.ÿm.;P54 MANUFACTURA VAMALI;R9;V6;14:04:00
f2ecddfd;6/10/2025;2:11:00 p.ÿm.;P07 BAETEX SAS;R9;V6;14:20:00
f8582cc2;6/10/2025;2:08:00 p.ÿm.;CD CENTRO DE DISTRIBUCIàN;R1;V2;15:38:00
64a06e47;6/10/2025;2:13:00 p.ÿm.;P14 PRYM S.A.S.;R9;V13;14:16:00
3a2d5eaf;6/10/2025;2:20:00 p.ÿm.;CI CENTRO DE INTEGRACIàN;R9;V13;14:24:00
b8ba0fc6;6/10/2025;2:26:00 p.ÿm.;P53 GISA SAS;R9;V13;14:36:00
8f120150;6/10/2025;2:44:00 p.ÿm.;P85 CREACIONES VENETO SAS;R9;V13;14:52:00
5f38605a;6/10/2025;3:43:00 p.ÿm.;P08 MANUFACTURA ODIM S.A.S.;R9;V6;15:00:00
aecebb6f;6/10/2025;3:05:00 p.ÿm.;P01 S&VCONFECCIONES;R9;V13;15:10:00
2195c315;6/10/2025;3:16:00 p.ÿm.;P05 MAQUILADORA DYA SAS;R9;V13;15:20:00
a270206b;6/10/2025;3:22:00 p.ÿm.;P42 ROJAS CONFECCIONES;R9;V13;15:26:00
c7e4f404;6/10/2025;3:25:00 p.ÿm.;P46 MERAKI;R9;V6;15:33:00
5c020d75;6/10/2025;3:41:00 p.ÿm.;CD CENTRO DE DISTRIBUCIàN;R9;V13;15:54:00
177f2899;6/10/2025;3:45:00 p.ÿm.;CI CENTRO DE INTEGRACIàN;R1;V2;15:57:00
c0db3134;6/10/2025;3:50:00 p.ÿm.;L14 VYDA S.A.S.;R9;V6;16:40:00
b435df36;6/10/2025;4:12:00 p.ÿm.;CD CENTRO DE DISTRIBUCIàN;R2;V20;17:03:00
1513fc16;6/10/2025;4:10:00 p.ÿm.;CD CENTRO DE DISTRIBUCIàN;R9;V6;
354480c2;7/10/2025;4:49:00 a.ÿm.;CI CENTRO DE INTEGRACIàN;R1;V2;4:58:00
0653775f;7/10/2025;6:07:00 a.ÿm.;42 COOPIMAR - COOPERATIVA INDUSTRIAL MARINILLA C.T.A;R1;V2;7:06:00
d43b51b1;7/10/2025;6:18:00 a.ÿm.;CI CENTRO DE INTEGRACIàN;R2;V20;7:10:00
af824eac;7/10/2025;7:06:00 a.ÿm.;30 WAGNER COMMERCIAL GROUP (ANTES TINY MED);R2;V20;7:20:00
51a734c2;7/10/2025;7:13:00 a.ÿm.;CD CENTRO DE DISTRIBUCIàN;R9;V13;7:16:00
898351ec;7/10/2025;7:16:00 a.ÿm.;36 INCOOMAR - INDUSTRIA COOPERATIVA DE MARINILLA;R1;V2;8:09:00
85704bcf;7/10/2025;7:20:00 a.ÿm.;B9 DUNNINGTON CORPORATION (ANTES NOVAL);R2;V20;7:41:00
939833ba;7/10/2025;7:56:00 a.ÿm.;P42 ROJAS CONFECCIONES;R9;V13;8:07:00
2d54a8ef;7/10/2025;7:43:00 a.ÿm.;21 MANUFACTURA S.A.;R2;V20;8:00:00
ab41ab51;7/10/2025;8:26:00 a.ÿm.;40 GRUPO CENIT S.A.S;R1;V2;9:14:00
0e0c5312;7/10/2025;8:34:00 a.ÿm.;B7 CREATEX FORMAS INTIMAS S.A.S.;R1;V2;9:00:00
1c4d2f03;7/10/2025;8:35:00 a.ÿm.;B3 MODATEX CONFECCIONES JFC S.A.S.;R1;V2;9:00:00
9862d2f5;7/10/2025;9:18:00 a.ÿm.;32 MANUFACTURAS GIRALDO ZULUAGA S.A.S.;R1;V2;9:44:00
05a7f819;7/10/2025;9:45:00 a.ÿm.;24 ECOOELSA C.T.A - EMPRESA COOP. EL SANTUARIO C.T.A.;R1;V2;11:00:00
c92ba8dc;7/10/2025;8:02:00 a.ÿm.;CI CENTRO DE INTEGRACIàN;R2;V20;10:21:00
f52365b9;7/10/2025;8:58:00 a.ÿm.;CD CENTRO DE DISTRIBUCIàN;R2;V20;10:21:00
8dc0f082;7/10/2025;10:52:00 a.ÿm.;CH CI CHALA;R9;V6;11:00:00
6c872cdb;7/10/2025;10:57:00 a.ÿm.;69 COOMUNELSA C.T.A -COOPERATIVA MULT. COMUNITARIA EL SANTUARIO;R1;V2;11:43:00
f3503c4d;7/10/2025;11:17:00 a.ÿm.;P09 FERMASA S.A.S.;R9;V13;11:45:00
0761278a;7/10/2025;11:40:00 a.ÿm.;CD CENTRO DE DISTRIBUCIàN;R9;V6;11:50:00
c115d97c;7/10/2025;11:43:00 a.ÿm.;06 SODECON DE CONFECCION S.A.S;R1;V2;11:57:00
7ce434d5;7/10/2025;11:46:00 a.ÿm.;D7 GRUPO ORIENTEX S.A.S;R1;V2;12:01:00
af7483e5;7/10/2025;12:01:00 p.ÿm.;13 ALIANZA CONAZZTEX S.A.S.;R1;V2;12:32:00
e320cc75;7/10/2025;12:02:00 p.ÿm.;46 CONFECCIONES CAVITEX S.A.S.;R1;V2;12:33:00
7d746fe6;7/10/2025;12:32:00 p.ÿm.;24 ECOOELSA C.T.A - EMPRESA COOP. EL SANTUARIO C.T.A.;R1;V2;13:42:00
5bfa97e0;7/10/2025;11:50:00 a.ÿm.;42 COOPIMAR - COOPERATIVA INDUSTRIAL MARINILLA C.T.A;R2;V20;12:20:00
893817d8;7/10/2025;11:50:00 a.ÿm.;42 COOPIMAR - COOPERATIVA INDUSTRIAL MARINILLA C.T.A;R2;V20;12:20:00
1502d0aa;7/10/2025;11:50:00 a.ÿm.;42 COOPIMAR - COOPERATIVA INDUSTRIAL MARINILLA C.T.A;R2;V20;12:25:00
b99cf157;7/10/2025;12:53:00 p.ÿm.;86 COOP. TRAB. ASOCIAD. CRECER Y CREAR;R2;V20;13:36:00
999eb064;7/10/2025;12:53:00 p.ÿm.;72 COOPERATIVA MULTIACTIVA EL PE¥OL - COOMPAB;R2;V20;13:40:00
ec8adb80;7/10/2025;12:53:00 p.ÿm.;36 INCOOMAR - INDUSTRIA COOPERATIVA DE MARINILLA;R2;V20;13:49:00
e2096f92;7/10/2025;12:10:00 p.ÿm.;P14 PRYM S.A.S.;R9;V6;12:15:00
f7ccca4d;7/10/2025;12:33:00 p.ÿm.;L07 INVERSIONES TAMESCO S.A.S.;R9;V6;12:55:00
553b8ae8;7/10/2025;1:00:00 p.ÿm.;05 C.I. CONFECCIONES OLAS S.A;R9;V6;13:32:00
35597429;7/10/2025;1:22:00 p.ÿm.;P12 CONFECCIONES SELEMAR;R9;V13;13:57:00
a83e4108;7/10/2025;1:33:00 p.ÿm.;REEMPAQUE RENACER;R2;V20;14:00:00
8b59d381;7/10/2025;1:45:00 p.ÿm.;P67 MAQUIDIEZ S.A.S.;R9;V6;13:50:00
3902cf5e;7/10/2025;1:50:00 p.ÿm.;P61 MAQUILIFE S.A.S.;R9;V6;14:01:00
4df82d80;7/10/2025;1:46:00 p.ÿm.;56 CREACIONES MPM S.A.S.;R1;V2;13:50:00
638641b7;20/09/2025;1:37:00 p.ÿm.;CD CENTRO DE DISTRIBUCIàN;R9;V25;13:56:00
2740ab8c;19/09/2025;12:32:00 p.ÿm.;32 MANUFACTURAS GIRALDO ZULUAGA S.A.S.;R9;V25;12:23:00
b2340f97;19/09/2025;12:32:00 p.ÿm.;69 COOMUNELSA C.T.A -COOPERATIVA MULT. COMUNITARIA EL SANTUARIO;R9;V25;13:00:00
73922618;19/09/2025;12:32:00 p.ÿm.;24 ECOOELSA C.T.A - EMPRESA COOP. EL SANTUARIO C.T.A.;R9;V25;13:23:00
ea9ef1a6;19/09/2025;1:20:00 p.ÿm.;46 CONFECCIONES CAVITEX S.A.S.;R9;V25;13:39:00
a42e7bdb;19/09/2025;1:20:00 p.ÿm.;D7 GRUPO ORIENTEX S.A.S;R9;V25;13:44:00
44da2e8b;19/09/2025;1:20:00 p.ÿm.;P86 CREACIONES SARAI;R9;V25;13:29:00
e0b73bef;7/10/2025;2:32:00 p.ÿm.;P53 GISA SAS;R9;V13;14:39:00
5622f4e6;7/10/2025;2:49:00 p.ÿm.;P85 CREACIONES VENETO SAS;R9;V13;15:02:00
21199df8;7/10/2025;3:11:00 p.ÿm.;P42 ROJAS CONFECCIONES;R9;V13;15:16:00
6183495c;7/10/2025;2:30:00 p.ÿm.;P46 MERAKI;R9;V6;14:40:00
2f09bedc;7/10/2025;3:23:00 p.ÿm.;CD CENTRO DE DISTRIBUCIàN;R2;V20;15:55:00
3e349fd2;7/10/2025;3:28:00 p.ÿm.;P05 MAQUILADORA DYA SAS;R9;V13;15:32:00
7751ed38;7/10/2025;3:00:00 p.ÿm.;P54 MANUFACTURA VAMALI;R9;V6;15:10:00
c7fc3f39;7/10/2025;3:34:00 p.ÿm.;P01 S&VCONFECCIONES;R9;V13;15:44:00
50f2ab59;7/10/2025;3:18:00 p.ÿm.;P07 BAETEX SAS;R9;V6;15:30:00
009a7d09;7/10/2025;3:57:00 p.ÿm.;CD CENTRO DE DISTRIBUCIàN;R9;V13;16:12:00
90569335;7/10/2025;3:55:00 p.ÿm.;P08 MANUFACTURA ODIM S.A.S.;R9;V6;16:06:00
1803969f;7/10/2025;4:13:00 p.ÿm.;CD CENTRO DE DISTRIBUCIàN;R1;V2;17:09:00
4258cc10;7/10/2025;4:55:00 p.ÿm.;CD CENTRO DE DISTRIBUCIàN;R9;V6;17:35:00
0eb9b3c9;7/10/2025;5:29:00 p.ÿm.;CI CENTRO DE INTEGRACIàN;R1;V2;17:49:00
1e870c0b;7/10/2025;6:05:00 p.ÿm.;L14 VYDA S.A.S.;R9;V6;18:15:00
ef5006b9;8/10/2025;4:57:00 a.ÿm.;CI CENTRO DE INTEGRACIàN;R1;V2;5:00:00
e537a067;8/10/2025;6:10:00 a.ÿm.;36 INCOOMAR - INDUSTRIA COOPERATIVA DE MARINILLA;R1;V2;6:41:00
ddad0ab9;8/10/2025;6:42:00 a.ÿm.;42 COOPIMAR - COOPERATIVA INDUSTRIAL MARINILLA C.T.A;R1;V2;7:18:00
264b7410;8/10/2025;6:11:00 a.ÿm.;CI CENTRO DE INTEGRACIàN;R2;V20;7:00:00
b86eb1b7;8/10/2025;6:59:00 a.ÿm.;30 WAGNER COMMERCIAL GROUP (ANTES TINY MED);R2;V20;7:10:00
818fee04;8/10/2025;7:10:00 a.ÿm.;B9 DUNNINGTON CORPORATION (ANTES NOVAL);R2;V20;7:34:00
3dc59256;8/10/2025;7:18:00 a.ÿm.;D2 IMATEX INDUSTRIA Y MANUFACTURAS TEXTILES S.A.S;R1;V2;7:26:00
f26822e6;8/10/2025;7:29:00 a.ÿm.;40 GRUPO CENIT S.A.S;R1;V2;7:38:00
b611ac0e;8/10/2025;7:35:00 a.ÿm.;21 MANUFACTURA S.A.;R2;V20;12:31:00
55f767f4;8/10/2025;10:11:00 a.ÿm.;CI CENTRO DE INTEGRACIàN;R2;V20;12:31:00
eabdad1f;8/10/2025;10:19:00 a.ÿm.;D4 IMAGEN TEXTIL J&S S.A.S;R1;V2;10:36:00
cbdc76b2;8/10/2025;10:36:00 a.ÿm.;69 COOMUNELSA C.T.A -COOPERATIVA MULT. COMUNITARIA EL SANTUARIO;R1;V2;11:39:00
7ef5a75f;8/10/2025;11:24:00 a.ÿm.;P09 FERMASA S.A.S.;R9;V13;11:38:00
0df72587;8/10/2025;11:40:00 a.ÿm.;06 SODECON DE CONFECCION S.A.S;R1;V2;11:57:00
88d5abb1;8/10/2025;11:39:00 a.ÿm.;42 COOPIMAR - COOPERATIVA INDUSTRIAL MARINILLA C.T.A;R2;V20;12:32:00
396ce63e;8/10/2025;11:39:00 a.ÿm.;42 COOPIMAR - COOPERATIVA INDUSTRIAL MARINILLA C.T.A;R2;V20;12:32:00
e2634ad5;8/10/2025;11:39:00 a.ÿm.;42 COOPIMAR - COOPERATIVA INDUSTRIAL MARINILLA C.T.A;R2;V20;12:32:00
7166426b;8/10/2025;11:42:00 a.ÿm.;D7 GRUPO ORIENTEX S.A.S;R1;V2;11:58:00
9e9b0b7e;8/10/2025;11:59:00 a.ÿm.;13 ALIANZA CONAZZTEX S.A.S.;R1;V2;12:35:00
b2811b68;8/10/2025;11:59:00 a.ÿm.;46 CONFECCIONES CAVITEX S.A.S.;R1;V2;12:36:00
f4cd50f1;8/10/2025;12:26:00 p.ÿm.;86 COOP. TRAB. ASOCIAD. CRECER Y CREAR;R2;V20;13:53:00
b4eded1a;8/10/2025;12:26:00 p.ÿm.;72 COOPERATIVA MULTIACTIVA EL PE¥OL - COOMPAB;R2;V20;13:53:00
961eeda5;8/10/2025;12:26:00 p.ÿm.;36 INCOOMAR - INDUSTRIA COOPERATIVA DE MARINILLA;R2;V20;13:53:00
61d85975;8/10/2025;12:35:00 p.ÿm.;CD CENTRO DE DISTRIBUCIàN;R9;V6;12:39:00
b0e4dcfd;8/10/2025;12:36:00 p.ÿm.;24 ECOOELSA C.T.A - EMPRESA COOP. EL SANTUARIO C.T.A.;R1;V2;13:23:00
c56e8473;8/10/2025;12:50:00 p.ÿm.;P14 PRYM S.A.S.;R9;V6;13:02:00
d47325fa;8/10/2025;12:49:00 p.ÿm.;P14 PRYM S.A.S.;R9;V6;13:00:00
3c5cc5db;8/10/2025;1:15:00 p.ÿm.;L07 INVERSIONES TAMESCO S.A.S.;R9;V6;13:30:00
97fc08ba;8/10/2025;1:27:00 p.ÿm.;P12 CONFECCIONES SELEMAR;R9;V13;13:51:00
1d7791b4;8/10/2025;1:30:00 p.ÿm.;56 CREACIONES MPM S.A.S.;R1;V2;14:16:00
c4b6ea1a;8/10/2025;1:35:00 p.ÿm.;05 C.I. CONFECCIONES OLAS S.A;R9;V6;14:00:00
a82ae103;8/10/2025;1:11:00 p.ÿm.;REEMPAQUE RENACER;R2;V20;
fc6a9e66;8/10/2025;2:08:00 p.ÿm.;B7 CREATEX FORMAS INTIMAS S.A.S.;R1;V2;14:16:00
b58c6fcf;8/10/2025;2:09:00 p.ÿm.;B3 MODATEX CONFECCIONES JFC S.A.S.;R1;V2;14:17:00
89dca21c;8/10/2025;2:08:00 p.ÿm.;P67 MAQUIDIEZ S.A.S.;R9;V6;14:14:00
c201d607;8/10/2025;2:14:00 p.ÿm.;P61 MAQUILIFE S.A.S.;R9;V6;14:19:00
7337b57d;8/10/2025;2:17:00 p.ÿm.;A4 CONFECCIONES COOL FASHION S.A.S;R1;V2;14:26:00
1921f6f4;8/10/2025;2:18:00 p.ÿm.;P53 GISA SAS;R9;V13;14:28:00
dcf55633;8/10/2025;2:25:00 p.ÿm.;32 MANUFACTURAS GIRALDO ZULUAGA S.A.S.;R1;V2;14:36:00
c90ba81d;8/10/2025;2:30:00 p.ÿm.;P54 MANUFACTURA VAMALI;R9;V6;14:35:00
5fb16efd;8/10/2025;2:44:00 p.ÿm.;P85 CREACIONES VENETO SAS;R9;V13;14:57:00
526da3ee;8/10/2025;3:09:00 p.ÿm.;P05 MAQUILADORA DYA SAS;R9;V13;15:14:00
06548fe6;8/10/2025;2:45:00 p.ÿm.;P07 BAETEX SAS;R9;V6;15:00:00
d06bb8d7;8/10/2025;3:15:00 p.ÿm.;P42 ROJAS CONFECCIONES;R9;V13;15:24:00
5f682bb8;8/10/2025;3:16:00 p.ÿm.;D2 IMATEX INDUSTRIA Y MANUFACTURAS TEXTILES S.A.S;R1;V2;15:42:00
5685d8b7;19/09/2025;1:41:00 p.ÿm.;36 INCOOMAR - INDUSTRIA COOPERATIVA DE MARINILLA;R9;V25;14:15:00
9f58cf1c;19/09/2025;1:41:00 p.ÿm.;42 COOPIMAR - COOPERATIVA INDUSTRIAL MARINILLA C.T.A;R9;V25;14:54:00
5f736791;19/09/2025;3:42:00 p.ÿm.;CD CENTRO DE DISTRIBUCIàN;R9;V25;16:24:00
e29d3700;18/09/2025;12:58:00 p.ÿm.;32 MANUFACTURAS GIRALDO ZULUAGA S.A.S.;R9;V25;12:54:00
9b775e68;8/10/2025;3:24:00 p.ÿm.;P01 S&VCONFECCIONES;R9;V13;15:32:00
e32b9f59;18/09/2025;12:59:00 p.ÿm.;69 COOMUNELSA C.T.A -COOPERATIVA MULT. COMUNITARIA EL SANTUARIO;R9;V25;13:10:00
07a189ed;18/09/2025;12:59:00 p.ÿm.;24 ECOOELSA C.T.A - EMPRESA COOP. EL SANTUARIO C.T.A.;R9;V25;13:15:00
f7b0be2a;18/09/2025;1:31:00 p.ÿm.;P86 CREACIONES SARAI;R9;V25;13:25:00
bbf3b34c;8/10/2025;3:20:00 p.ÿm.;P08 MANUFACTURA ODIM S.A.S.;R9;V6;15:27:00
32d88312;8/10/2025;3:40:00 p.ÿm.;CD CENTRO DE DISTRIBUCIàN;R9;V13;15:56:00
11c89adb;8/10/2025;3:45:00 p.ÿm.;P46 MERAKI;R9;V6;
8617e4b1;8/10/2025;3:02:00 p.ÿm.;CD CENTRO DE DISTRIBUCIàN;R2;V20;
6fa6835e;8/10/2025;4:35:00 p.ÿm.;CD CENTRO DE DISTRIBUCIàN;R9;V6;
ac9b7d05;8/10/2025;5:00:00 p.ÿm.;CD CENTRO DE DISTRIBUCIàN;R1;V2;17:47:00
0fb98506;18/09/2025;1:32:00 p.ÿm.;D7 GRUPO ORIENTEX S.A.S;R9;V25;13:35:00
8dcaf52c;8/10/2025;5:54:00 p.ÿm.;CI CENTRO DE INTEGRACIàN;R1;V2;18:20:00
eda86df1;9/10/2025;4:34:00 a.ÿm.;CI CENTRO DE INTEGRACIàN;R1;V2;6:37:00
4622f362;9/10/2025;6:16:00 a.ÿm.;CI CENTRO DE INTEGRACIàN;R2;V20;7:21:00
9cc2fd47;9/10/2025;7:00:00 a.ÿm.;CD CENTRO DE DISTRIBUCIàN;R9;V13;7:40:00
2c9a72cb;9/10/2025;7:18:00 a.ÿm.;B9 DUNNINGTON CORPORATION (ANTES NOVAL);R2;V20;7:40:00
5cd057e4;9/10/2025;7:57:00 a.ÿm.;42 COOPIMAR - COOPERATIVA INDUSTRIAL MARINILLA C.T.A;R1;V2;8:24:00
0fa3a7d1;9/10/2025;7:50:00 a.ÿm.;21 MANUFACTURA S.A.;R2;V20;7:05:00
1a334656;9/10/2025;8:17:00 a.ÿm.;CI CENTRO DE INTEGRACIàN;R2;V20;8:05:00
8583aef3;9/10/2025;8:17:00 a.ÿm.;30 WAGNER COMMERCIAL GROUP (ANTES TINY MED);R2;V20;8:45:00
f3a6ef19;9/10/2025;8:23:00 a.ÿm.;P85 CREACIONES VENETO SAS;R9;V13;8:31:00
d2602af6;9/10/2025;8:44:00 a.ÿm.;D2 IMATEX INDUSTRIA Y MANUFACTURAS TEXTILES S.A.S;R1;V2;9:35:00
3a099943;9/10/2025;8:50:00 a.ÿm.;P53 GISA SAS;R9;V13;9:02:00
275abd03;9/10/2025;9:06:00 a.ÿm.;CI CENTRO DE INTEGRACIàN;R2;V20;14:15:00
3470c711;9/10/2025;9:20:00 a.ÿm.;36 INCOOMAR - INDUSTRIA COOPERATIVA DE MARINILLA;R1;V2;9:39:00
d12cb988;9/10/2025;9:00:00 a.ÿm.;P05 MAQUILADORA DYA SAS;R9;V13;9:28:00
284a4c33;9/10/2025;9:39:00 a.ÿm.;40 GRUPO CENIT S.A.S;R1;V2;10:20:00
8d1f8a75;9/10/2025;9:41:00 a.ÿm.;40 GRUPO CENIT S.A.S;R1;V2;10:46:00
51a4c93b;9/10/2025;9:42:00 a.ÿm.;B7 CREATEX FORMAS INTIMAS S.A.S.;R1;V2;10:20:00
94cb8f7a;9/10/2025;10:15:00 a.ÿm.;B3 MODATEX CONFECCIONES JFC S.A.S.;R1;V2;10:22:00
4b3b1873;9/10/2025;10:22:00 a.ÿm.;A4 CONFECCIONES COOL FASHION S.A.S;R1;V2;10:35:00
9b5f2083;9/10/2025;10:35:00 a.ÿm.;32 MANUFACTURAS GIRALDO ZULUAGA S.A.S.;R1;V2;23:39:00
aa39bd35;9/10/2025;11:08:00 a.ÿm.;P09 FERMASA S.A.S.;R9;V13;11:32:00
24c0e45c;9/10/2025;11:08:00 a.ÿm.;24 ECOOELSA C.T.A - EMPRESA COOP. EL SANTUARIO C.T.A.;R1;V2;13:12:00
d477e430;9/10/2025;11:10:00 a.ÿm.;L14 VYDA S.A.S.;R9;V6;11:21:00
da8bae0f;9/10/2025;11:50:00 a.ÿm.;CD CENTRO DE DISTRIBUCIàN;R9;V6;11:56:00
66efaac0;9/10/2025;12:10:00 p.ÿm.;L07 INVERSIONES TAMESCO S.A.S.;R9;V6;12:25:00
d443f0cc;9/10/2025;12:35:00 p.ÿm.;42 COOPIMAR - COOPERATIVA INDUSTRIAL MARINILLA C.T.A;R2;V20;13:16:00
19964083;9/10/2025;12:35:00 p.ÿm.;42 COOPIMAR - COOPERATIVA INDUSTRIAL MARINILLA C.T.A;R2;V20;13:16:00
7085a400;9/10/2025;12:35:00 p.ÿm.;42 COOPIMAR - COOPERATIVA INDUSTRIAL MARINILLA C.T.A;R2;V20;13:16:00
5202dd32;9/10/2025;1:10:00 p.ÿm.;P12 CONFECCIONES SELEMAR;R9;V13;13:26:00
5f2ed5bb;9/10/2025;1:20:00 p.ÿm.;P67 MAQUIDIEZ S.A.S.;R9;V6;13:33:00
9c30971d;9/10/2025;1:21:00 p.ÿm.;D4 IMAGEN TEXTIL J&S S.A.S;R1;V2;13:50:00
1878a9fc;9/10/2025;1:23:00 p.ÿm.;D4 IMAGEN TEXTIL J&S S.A.S;R1;V2;13:51:00
0f7bd650;9/10/2025;1:27:00 p.ÿm.;P61 MAQUILIFE S.A.S.;R9;V6;13:35:00
84716225;9/10/2025;1:29:00 p.ÿm.;69 COOMUNELSA C.T.A -COOPERATIVA MULT. COMUNITARIA EL SANTUARIO;R1;V2;14:15:00
55ab99ee;9/10/2025;1:42:00 p.ÿm.;86 COOP. TRAB. ASOCIAD. CRECER Y CREAR;R2;V20;14:25:00
41149df9;9/10/2025;1:43:00 p.ÿm.;72 COOPERATIVA MULTIACTIVA EL PE¥OL - COOMPAB;R2;V20;14:25:00
c6e7bed4;9/10/2025;1:43:00 p.ÿm.;36 INCOOMAR - INDUSTRIA COOPERATIVA DE MARINILLA;R2;V20;14:25:00
a7299a8b;18/09/2025;1:32:00 p.ÿm.;46 CONFECCIONES CAVITEX S.A.S.;R9;V25;13:40:00
73958306;18/09/2025;1:56:00 p.ÿm.;32 MANUFACTURAS GIRALDO ZULUAGA S.A.S.;R9;V25;13:36:00
8cded8da;18/09/2025;1:56:00 p.ÿm.;36 INCOOMAR - INDUSTRIA COOPERATIVA DE MARINILLA;R9;V25;14:36:00
0f49fc17;18/09/2025;1:56:00 p.ÿm.;42 COOPIMAR - COOPERATIVA INDUSTRIAL MARINILLA C.T.A;R9;V25;14:45:00
18911d9e;18/09/2025;4:00:00 p.ÿm.;CD CENTRO DE DISTRIBUCIàN;R9;V25;17:39:00
7c82a6c0;17/09/2025;12:20:00 p.ÿm.;32 MANUFACTURAS GIRALDO ZULUAGA S.A.S.;R9;V25;12:00:00
f928c357;17/09/2025;12:20:00 p.ÿm.;69 COOMUNELSA C.T.A -COOPERATIVA MULT. COMUNITARIA EL SANTUARIO;R9;V25;12:30:00
13b4c2a6;9/10/2025;2:00:00 p.ÿm.;P53 GISA SAS;R9;V13;14:13:00
4ecdef5e;9/10/2025;2:10:00 p.ÿm.;06 SODECON DE CONFECCION S.A.S;R1;V2;14:26:00
82164541;9/10/2025;2:12:00 p.ÿm.;D7 GRUPO ORIENTEX S.A.S;R1;V2;14:36:00
de209e00;9/10/2025;2:18:00 p.ÿm.;REEMPAQUE RENACER;R2;V20;
42b146d9;17/09/2025;12:20:00 p.ÿm.;24 ECOOELSA C.T.A - EMPRESA COOP. EL SANTUARIO C.T.A.;R9;V25;12:45:00
2a681837;9/10/2025;2:30:00 p.ÿm.;P14 PRYM S.A.S.;R9;V13;15:00:00
b694cc7e;9/10/2025;2:27:00 p.ÿm.;13 ALIANZA CONAZZTEX S.A.S.;R1;V2;14:47:00
66778f16;9/10/2025;2:30:00 p.ÿm.;46 CONFECCIONES CAVITEX S.A.S.;R1;V2;14:49:00
33d77d0b;9/10/2025;1:50:00 p.ÿm.;P54 MANUFACTURA VAMALI;R9;V6;13:55:00
f7830ef3;9/10/2025;2:00:00 p.ÿm.;P07 BAETEX SAS;R9;V6;14:30:00
fa12b8bb;9/10/2025;2:49:00 p.ÿm.;56 CREACIONES MPM S.A.S.;R1;V2;15:08:00
30cc2b28;9/10/2025;3:10:00 p.ÿm.;P85 CREACIONES VENETO SAS;R9;V13;15:20:00
ecadcf35;9/10/2025;3:30:00 p.ÿm.;P05 MAQUILADORA DYA SAS;R9;V13;15:39:00
388e7f7a;9/10/2025;3:00:00 p.ÿm.;P08 MANUFACTURA ODIM S.A.S.;R9;V6;15:10:00
8d2b4f85;9/10/2025;3:40:00 p.ÿm.;P46 MERAKI;R9;V6;15:50:00
b00716af;9/10/2025;3:36:00 p.ÿm.;P42 ROJAS CONFECCIONES;R9;V13;15:45:00
b3e280a9;9/10/2025;3:57:00 p.ÿm.;D2 IMATEX INDUSTRIA Y MANUFACTURAS TEXTILES S.A.S;R1;V2;16:22:00
cdc3dffb;9/10/2025;4:00:00 p.ÿm.;P01 S&VCONFECCIONES;R9;V13;15:55:00
ec0f7116;9/10/2025;4:22:00 p.ÿm.;CD CENTRO DE DISTRIBUCIàN;R9;V13;16:37:00
39ccf2cd;9/10/2025;4:23:00 p.ÿm.;CD CENTRO DE DISTRIBUCIàN;R2;V20;17:09:00
6d23ecb2;9/10/2025;5:43:00 p.ÿm.;CD CENTRO DE DISTRIBUCIàN;R1;V2;18:26:00
257ea260;9/10/2025;6:07:00 p.ÿm.;CD CENTRO DE DISTRIBUCIàN;R9;V6;18:41:00
853da039;9/10/2025;6:40:00 p.ÿm.;CI CENTRO DE INTEGRACIàN;R1;V2;19:00:00
31b22c07;9/10/2025;6:57:00 p.ÿm.;P61 MAQUILIFE S.A.S.;R9;V6;19:01:00
b1b06c20;10/10/2025;4:55:00 a.ÿm.;CI CENTRO DE INTEGRACIàN;R1;V2;4:58:00
cc278d06;10/10/2025;7:07:00 a.ÿm.;42 COOPIMAR - COOPERATIVA INDUSTRIAL MARINILLA C.T.A;R1;V2;7:23:00
94741221;10/10/2025;6:20:00 a.ÿm.;CI CENTRO DE INTEGRACIàN;R2;V20;7:10:00
b62f4bc9;10/10/2025;7:12:00 a.ÿm.;30 WAGNER COMMERCIAL GROUP (ANTES TINY MED);R2;V20;7:20:00
931d38be;10/10/2025;7:21:00 a.ÿm.;B9 DUNNINGTON CORPORATION (ANTES NOVAL);R2;V20;7:44:00
dcd5bd1c;10/10/2025;7:00:00 a.ÿm.;CD CENTRO DE DISTRIBUCIàN;R9;V13;8:11:00
90f9ab42;10/10/2025;7:40:00 a.ÿm.;36 INCOOMAR - INDUSTRIA COOPERATIVA DE MARINILLA;R1;V2;8:25:00
e0ac1542;10/10/2025;7:46:00 a.ÿm.;21 MANUFACTURA S.A.;R2;V20;10:25:00
aff67605;10/10/2025;8:20:00 a.ÿm.;P85 CREACIONES VENETO SAS;R9;V13;8:31:00
809dd68d;10/10/2025;8:22:00 a.ÿm.;40 GRUPO CENIT S.A.S;R1;V2;8:47:00
42d9b9a1;10/10/2025;8:38:00 a.ÿm.;B7 CREATEX FORMAS INTIMAS S.A.S.;R1;V2;8:51:00
9c38496f;10/10/2025;8:39:00 a.ÿm.;B3 MODATEX CONFECCIONES JFC S.A.S.;R1;V2;8:54:00
83506947;10/10/2025;8:44:00 a.ÿm.;P53 GISA SAS;R9;V13;8:52:00
d5fd9fdd;10/10/2025;8:54:00 a.ÿm.;A4 CONFECCIONES COOL FASHION S.A.S;R1;V2;9:00:00
bb41d2c4;10/10/2025;8:59:00 a.ÿm.;32 MANUFACTURAS GIRALDO ZULUAGA S.A.S.;R1;V2;9:20:00
6d0c0c0c;10/10/2025;9:30:00 a.ÿm.;P28 CONFECCIONES ATAVIOS;R9;V13;10:00:00
98174a14;10/10/2025;9:43:00 a.ÿm.;69 COOMUNELSA C.T.A -COOPERATIVA MULT. COMUNITARIA EL SANTUARIO;R1;V2;11:05:00
772f3f40;10/10/2025;10:18:00 a.ÿm.;D4 IMAGEN TEXTIL J&S S.A.S;R1;V2;11:05:00
07dc4379;10/10/2025;10:21:00 a.ÿm.;CI CENTRO DE INTEGRACIàN;R2;V20;10:25:00
959afaf0;10/10/2025;10:21:00 a.ÿm.;CD CENTRO DE DISTRIBUCIàN;R2;V20;
4cb93aa9;10/10/2025;10:29:00 a.ÿm.;69 COOMUNELSA C.T.A -COOPERATIVA MULT. COMUNITARIA EL SANTUARIO;R1;V2;11:17:00
4177c4af;10/10/2025;11:08:00 a.ÿm.;P09 FERMASA S.A.S.;R9;V13;11:40:00
21bca85b;10/10/2025;11:20:00 a.ÿm.;06 SODECON DE CONFECCION S.A.S;R1;V2;11:35:00
e41884d3;10/10/2025;11:21:00 a.ÿm.;D7 GRUPO ORIENTEX S.A.S;R1;V2;11:43:00
ca9e12eb;10/10/2025;11:25:00 a.ÿm.;L14 VYDA S.A.S.;R9;V6;11:42:00
7d590f11;10/10/2025;11:59:00 a.ÿm.;13 ALIANZA CONAZZTEX S.A.S.;R1;V2;12:21:00
7dbd7246;10/10/2025;12:01:00 p.ÿm.;46 CONFECCIONES CAVITEX S.A.S.;R1;V2;12:21:00
6886484e;10/10/2025;12:23:00 p.ÿm.;24 ECOOELSA C.T.A - EMPRESA COOP. EL SANTUARIO C.T.A.;R1;V2;13:04:00
bc5d1fcb;17/09/2025;12:49:00 p.ÿm.;D7 GRUPO ORIENTEX S.A.S;R9;V25;12:46:00
77223bf2;17/09/2025;12:49:00 p.ÿm.;46 CONFECCIONES CAVITEX S.A.S.;R9;V25;12:50:00
478eeb93;17/09/2025;1:02:00 p.ÿm.;36 INCOOMAR - INDUSTRIA COOPERATIVA DE MARINILLA;R9;V25;14:38:00
68508018;17/09/2025;1:02:00 p.ÿm.;42 COOPIMAR - COOPERATIVA INDUSTRIAL MARINILLA C.T.A;R9;V25;14:38:00
f999fc1d;17/09/2025;2:40:00 p.ÿm.;CD CENTRO DE DISTRIBUCIàN;R9;V25;
167bd58d;16/09/2025;11:37:00 a.ÿm.;32 MANUFACTURAS GIRALDO ZULUAGA S.A.S.;R9;V25;12:00:00
27344d90;16/09/2025;11:43:00 a.ÿm.;69 COOMUNELSA C.T.A -COOPERATIVA MULT. COMUNITARIA EL SANTUARIO;R9;V25;12:20:00
28ef8923;16/09/2025;11:43:00 a.ÿm.;24 ECOOELSA C.T.A - EMPRESA COOP. EL SANTUARIO C.T.A.;R9;V25;12:47:00
27c4e4ed;16/09/2025;12:44:00 p.ÿm.;D7 GRUPO ORIENTEX S.A.S;R9;V25;13:53:00
67ddd55e;10/10/2025;1:09:00 p.ÿm.;56 CREACIONES MPM S.A.S.;R1;V2;14:00:00
b4936f6c;10/10/2025;1:15:00 p.ÿm.;P12 CONFECCIONES SELEMAR;R9;V13;13:26:00
1c4405c9;10/10/2025;11:55:00 a.ÿm.;42 COOPIMAR - COOPERATIVA INDUSTRIAL MARINILLA C.T.A;R2;V20;
87c7fb37;10/10/2025;11:55:00 a.ÿm.;42 COOPIMAR - COOPERATIVA INDUSTRIAL MARINILLA C.T.A;R2;V20;
73031580;10/10/2025;11:55:00 a.ÿm.;42 COOPIMAR - COOPERATIVA INDUSTRIAL MARINILLA C.T.A;R2;V20;
de83cde1;10/10/2025;1:40:00 p.ÿm.;05 C.I. CONFECCIONES OLAS S.A;R9;V6;13:44:00
485b8dbc;10/10/2025;1:59:00 p.ÿm.;D2 IMATEX INDUSTRIA Y MANUFACTURAS TEXTILES S.A.S;R1;V2;14:36:00
7cb6bbc7;10/10/2025;2:10:00 p.ÿm.;P46 MERAKI;R9;V6;14:20:00
445918f4;10/10/2025;2:23:00 p.ÿm.;P14 PRYM S.A.S.;R9;V13;14:37:00
3335e9b9;10/10/2025;2:38:00 p.ÿm.;P67 MAQUIDIEZ S.A.S.;R9;V6;14:50:00
3880859b;10/10/2025;2:45:00 p.ÿm.;CI CENTRO DE INTEGRACIàN;R9;V13;14:52:00
f0f9f5a6;10/10/2025;2:50:00 p.ÿm.;P61 MAQUILIFE S.A.S.;R9;V6;14:55:00
9482049d;10/10/2025;2:53:00 p.ÿm.;P53 GISA SAS;R9;V13;15:00:00
b0f4590d;10/10/2025;3:10:00 p.ÿm.;P54 MANUFACTURA VAMALI;R9;V6;15:15:00
aa07bbf5;10/10/2025;3:20:00 p.ÿm.;P07 BAETEX SAS;R9;V6;15:26:00
e47880db;10/10/2025;3:15:00 p.ÿm.;P85 CREACIONES VENETO SAS;R9;V13;15:29:00
69322981;10/10/2025;3:45:00 p.ÿm.;P42 ROJAS CONFECCIONES;R9;V13;15:50:00
7bdab9fb;10/10/2025;4:00:00 p.ÿm.;P05 MAQUILADORA DYA SAS;R9;V13;16:15:00
6f8a8454;10/10/2025;4:01:00 p.ÿm.;P08 MANUFACTURA ODIM S.A.S.;R9;V6;16:12:00
eb0aa752;10/10/2025;4:37:00 p.ÿm.;CD CENTRO DE DISTRIBUCIàN;R9;V13;16:49:00
6ccb4016;10/10/2025;4:50:00 p.ÿm.;CD CENTRO DE DISTRIBUCIàN;R9;V6;
1ecf2af0;10/10/2025;5:06:00 p.ÿm.;CD CENTRO DE DISTRIBUCIàN;R1;V2;17:49:00
c18f4ab1;10/10/2025;5:56:00 p.ÿm.;CI CENTRO DE INTEGRACIàN;R1;V2;18:23:00
d9f4d657;11/10/2025;4:50:00 a.ÿm.;CI CENTRO DE INTEGRACIàN;R1;V2;4:57:00
259c1812;11/10/2025;6:10:00 a.ÿm.;42 COOPIMAR - COOPERATIVA INDUSTRIAL MARINILLA C.T.A;R1;V2;6:58:00
f5af6577;11/10/2025;6:59:00 a.ÿm.;D2 IMATEX INDUSTRIA Y MANUFACTURAS TEXTILES S.A.S;R1;V2;7:20:00
8ff5a900;11/10/2025;7:22:00 a.ÿm.;CI CENTRO DE INTEGRACIàN;R2;V20;7:33:00
d51ab727;11/10/2025;7:21:00 a.ÿm.;36 INCOOMAR - INDUSTRIA COOPERATIVA DE MARINILLA;R1;V2;7:46:00
370475f7;11/10/2025;7:33:00 a.ÿm.;30 WAGNER COMMERCIAL GROUP (ANTES TINY MED);R2;V20;7:37:00
d0cd3efe;11/10/2025;7:52:00 a.ÿm.;B9 DUNNINGTON CORPORATION (ANTES NOVAL);R2;V20;7:57:00
0fc30057;11/10/2025;8:02:00 a.ÿm.;40 GRUPO CENIT S.A.S;R1;V2;8:17:00
7dfb60a0;11/10/2025;8:10:00 a.ÿm.;B7 CREATEX FORMAS INTIMAS S.A.S.;R1;V2;8:18:00
c2cb04a6;11/10/2025;8:11:00 a.ÿm.;B3 MODATEX CONFECCIONES JFC S.A.S.;R1;V2;8:19:00
7fc8d5c2;11/10/2025;8:15:00 a.ÿm.;CI CENTRO DE INTEGRACIàN;R2;V20;8:18:00
e62f5b81;11/10/2025;8:19:00 a.ÿm.;32 MANUFACTURAS GIRALDO ZULUAGA S.A.S.;R1;V2;8:35:00
309ab25d;11/10/2025;8:18:00 a.ÿm.;20 SFW;R2;V20;8:23:00
84c2b989;11/10/2025;8:46:00 a.ÿm.;24 ECOOELSA C.T.A - EMPRESA COOP. EL SANTUARIO C.T.A.;R1;V2;9:39:00
ac7cfe11;11/10/2025;9:17:00 a.ÿm.;P85 CREACIONES VENETO SAS;R9;V13;9:25:00
1c332438;11/10/2025;9:29:00 a.ÿm.;CI CENTRO DE INTEGRACIàN;R2;V20;9:34:00
aae0f0e1;11/10/2025;9:35:00 a.ÿm.;D4 IMAGEN TEXTIL J&S S.A.S;R1;V2;10:22:00
ef48705f;11/10/2025;9:46:00 a.ÿm.;69 COOMUNELSA C.T.A -COOPERATIVA MULT. COMUNITARIA EL SANTUARIO;R1;V2;10:27:00
6b75d7ca;11/10/2025;9:48:00 a.ÿm.;69 COOMUNELSA C.T.A -COOPERATIVA MULT. COMUNITARIA EL SANTUARIO;R1;V2;10:29:00
576c0195;11/10/2025;9:50:00 a.ÿm.;P67 MAQUIDIEZ S.A.S.;R9;V13;10:05:00
a99992cb;11/10/2025;10:26:00 a.ÿm.;P09 FERMASA S.A.S.;R9;V13;10:39:00
c0d94b75;11/10/2025;10:36:00 a.ÿm.;06 SODECON DE CONFECCION S.A.S;R1;V2;10:54:00
ca6d3a05;11/10/2025;10:45:00 a.ÿm.;13 ALIANZA CONAZZTEX S.A.S.;R1;V2;11:17:00
6b218a6c;11/10/2025;10:46:00 a.ÿm.;46 CONFECCIONES CAVITEX S.A.S.;R1;V2;11:20:00
67ed6317;11/10/2025;10:43:00 a.ÿm.;P08 MANUFACTURA ODIM S.A.S.;R9;V13;11:31:00
ff6bd2be;11/10/2025;11:36:00 a.ÿm.;P84 MAQUILADORA MELS S.A.S;R9;V13;11:59:00
5d051376;11/10/2025;12:20:00 p.ÿm.;42 COOPIMAR - COOPERATIVA INDUSTRIAL MARINILLA C.T.A;R2;V20;12:37:00
fe11f3c7;11/10/2025;12:38:00 p.ÿm.;86 COOP. TRAB. ASOCIAD. CRECER Y CREAR;R2;V20;12:42:00
aa90014d;11/10/2025;12:31:00 p.ÿm.;P42 ROJAS CONFECCIONES;R9;V13;
72ed1398;11/10/2025;12:42:00 p.ÿm.;42 COOPIMAR - COOPERATIVA INDUSTRIAL MARINILLA C.T.A;R2;V20;12:47:00
cb29634b;11/10/2025;1:05:00 p.ÿm.;CD CENTRO DE DISTRIBUCIàN;R9;V13;13:17:00
efaa28ee;11/10/2025;1:25:00 p.ÿm.;CD CENTRO DE DISTRIBUCIàN;R1;V2;14:07:00
8c94236f;11/10/2025;2:16:00 p.ÿm.;CI CENTRO DE INTEGRACIàN;R1;V2;14:20:00
fa8c5d45;11/10/2025;2:58:00 p.ÿm.;CD CENTRO DE DISTRIBUCIàN;R2;V20;15:24:00
367fc7bd;14/10/2025;4:43:00 a.ÿm.;CI CENTRO DE INTEGRACIàN;R1;V2;4:56:00
d162abe0;14/10/2025;6:02:00 a.ÿm.;42 COOPIMAR - COOPERATIVA INDUSTRIAL MARINILLA C.T.A;R1;V2;6:31:00
57a1fef5;14/10/2025;6:45:00 a.ÿm.;36 INCOOMAR - INDUSTRIA COOPERATIVA DE MARINILLA;R1;V2;7:04:00
f8b47b61;14/10/2025;7:17:00 a.ÿm.;B7 CREATEX FORMAS INTIMAS S.A.S.;R1;V2;7:36:00
46aae683;14/10/2025;7:18:00 a.ÿm.;B3 MODATEX CONFECCIONES JFC S.A.S.;R1;V2;7:37:00
c04149df;14/10/2025;7:28:00 a.ÿm.;B9 DUNNINGTON CORPORATION (ANTES NOVAL);R2;V20;7:57:00
a3c5fa7d;14/10/2025;7:37:00 a.ÿm.;D2 IMATEX INDUSTRIA Y MANUFACTURAS TEXTILES S.A.S;R1;V2;7:42:00
dbb426bd;14/10/2025;7:40:00 a.ÿm.;32 MANUFACTURAS GIRALDO ZULUAGA S.A.S.;R1;V2;7:50:00
dce83272;14/10/2025;7:58:00 a.ÿm.;21 MANUFACTURA S.A.;R2;V20;8:15:00
37c58b09;14/10/2025;8:15:00 a.ÿm.;24 ECOOELSA C.T.A - EMPRESA COOP. EL SANTUARIO C.T.A.;R1;V2;8:41:00
0e64fb0d;14/10/2025;8:00:00 a.ÿm.;CD CENTRO DE DISTRIBUCIàN;R9;V13;8:30:00
4c3f756e;14/10/2025;8:27:00 a.ÿm.;CI CENTRO DE INTEGRACIàN;R2;V20;8:35:00
713b4f2b;14/10/2025;8:27:00 a.ÿm.;30 WAGNER COMMERCIAL GROUP (ANTES TINY MED);R2;V20;8:43:00
59c1c4c9;14/10/2025;8:44:00 a.ÿm.;CI CENTRO DE INTEGRACIàN;R2;V20;12:42:00
4006d2b3;14/10/2025;8:44:00 a.ÿm.;CD CENTRO DE DISTRIBUCIàN;R2;V20;12:42:00
4b9d0b05;14/10/2025;8:59:00 a.ÿm.;D4 IMAGEN TEXTIL J&S S.A.S;R1;V2;9:32:00
f6d145ae;14/10/2025;9:09:00 a.ÿm.;69 COOMUNELSA C.T.A -COOPERATIVA MULT. COMUNITARIA EL SANTUARIO;R1;V2;9:44:00
301c2a48;14/10/2025;9:48:00 a.ÿm.;06 SODECON DE CONFECCION S.A.S;R1;V2;10:33:00
0f426f8e;14/10/2025;10:19:00 a.ÿm.;D7 GRUPO ORIENTEX S.A.S;R1;V2;10:34:00
f6b5a726;14/10/2025;10:34:00 a.ÿm.;13 ALIANZA CONAZZTEX S.A.S.;R1;V2;10:55:00
e9f97014;14/10/2025;10:34:00 a.ÿm.;46 CONFECCIONES CAVITEX S.A.S.;R1;V2;10:56:00
b117b9c7;14/10/2025;9:07:00 a.ÿm.;CI CENTRO DE INTEGRACIàN;R2;V20;23:15:00
d23a46f6;14/10/2025;9:07:00 a.ÿm.;CD CENTRO DE DISTRIBUCIàN;R2;V20;23:20:00
751a37a8;14/10/2025;11:35:00 a.ÿm.;CD CENTRO DE DISTRIBUCIàN;R9;V6;11:40:00
b3c9e4a8;14/10/2025;11:15:00 a.ÿm.;P09 FERMASA S.A.S.;R9;V13;11:45:00
986bb271;14/10/2025;11:53:00 a.ÿm.;P14 PRYM S.A.S.;R9;V6;11:57:00
80d7a529;14/10/2025;11:58:00 a.ÿm.;D2 IMATEX INDUSTRIA Y MANUFACTURAS TEXTILES S.A.S;R1;V2;12:37:00
a69d0e9a;14/10/2025;12:10:00 p.ÿm.;L07 INVERSIONES TAMESCO S.A.S.;R9;V6;12:35:00
a346a61c;14/10/2025;12:40:00 p.ÿm.;05 C.I. CONFECCIONES OLAS S.A;R9;V6;13:30:00
0dcfa0a9;14/10/2025;12:36:00 p.ÿm.;42 COOPIMAR - COOPERATIVA INDUSTRIAL MARINILLA C.T.A;R2;V20;13:25:00
590921dc;14/10/2025;12:36:00 p.ÿm.;42 COOPIMAR - COOPERATIVA INDUSTRIAL MARINILLA C.T.A;R2;V20;13:25:00
ca3c41ec;14/10/2025;1:20:00 p.ÿm.;P12 CONFECCIONES SELEMAR;R9;V13;13:26:00
6e99e269;14/10/2025;1:21:00 p.ÿm.;86 COOP. TRAB. ASOCIAD. CRECER Y CREAR;R2;V20;14:36:00
5e47750f;14/10/2025;1:21:00 p.ÿm.;72 COOPERATIVA MULTIACTIVA EL PE¥OL - COOMPAB;R2;V20;14:36:00
55c7d728;14/10/2025;1:21:00 p.ÿm.;36 INCOOMAR - INDUSTRIA COOPERATIVA DE MARINILLA;R2;V20;14:36:00
3a68679d;14/10/2025;1:53:00 p.ÿm.;P53 GISA SAS;R9;V13;14:06:00
36e36d52;14/10/2025;1:53:00 p.ÿm.;CD CENTRO DE DISTRIBUCIàN;R1;V2;14:31:00
0d6af757;14/10/2025;1:43:00 p.ÿm.;P61 MAQUILIFE S.A.S.;R9;V6;13:50:00
efb1830b;16/09/2025;12:45:00 p.ÿm.;46 CONFECCIONES CAVITEX S.A.S.;R9;V25;12:53:00
d7441eee;16/09/2025;12:58:00 p.ÿm.;42 COOPIMAR - COOPERATIVA INDUSTRIAL MARINILLA C.T.A;R9;V25;14:06:00
ee436504;16/09/2025;12:58:00 p.ÿm.;36 INCOOMAR - INDUSTRIA COOPERATIVA DE MARINILLA;R9;V25;13:30:00
88efc293;16/09/2025;3:15:00 p.ÿm.;CD CENTRO DE DISTRIBUCIàN;R9;V25;15:13:00
2dad52af;15/09/2025;12:29:00 p.ÿm.;32 MANUFACTURAS GIRALDO ZULUAGA S.A.S.;R9;V25;12:00:00
39b2a8e3;15/09/2025;12:29:00 p.ÿm.;69 COOMUNELSA C.T.A -COOPERATIVA MULT. COMUNITARIA EL SANTUARIO;R9;V25;12:56:00
ba11fb35;15/09/2025;12:29:00 p.ÿm.;24 ECOOELSA C.T.A - EMPRESA COOP. EL SANTUARIO C.T.A.;R9;V25;12:54:00
65b95156;15/09/2025;12:58:00 p.ÿm.;P86 CREACIONES SARAI;R9;V25;13:00:00
73826d50;15/09/2025;12:58:00 p.ÿm.;D7 GRUPO ORIENTEX S.A.S;R9;V25;13:05:00
f2d8b43d;14/10/2025;1:55:00 p.ÿm.;P67 MAQUIDIEZ S.A.S.;R9;V6;14:05:00
16e0d0e2;14/10/2025;2:11:00 p.ÿm.;42 COOPIMAR - COOPERATIVA INDUSTRIAL MARINILLA C.T.A;R2;V20;
a5822bbc;14/10/2025;2:29:00 p.ÿm.;CI CENTRO DE INTEGRACIàN;R1;V2;14:45:00
7b9ca09d;14/10/2025;2:30:00 p.ÿm.;P85 CREACIONES VENETO SAS;R9;V13;14:40:00
c31463a0;14/10/2025;2:27:00 p.ÿm.;P46 MERAKI;R9;V6;14:40:00
dcad409e;14/10/2025;3:01:00 p.ÿm.;P42 ROJAS CONFECCIONES;R9;V13;15:10:00
58ad4f2a;14/10/2025;3:11:00 p.ÿm.;P05 MAQUILADORA DYA SAS;R9;V13;15:18:00
75722e7f;14/10/2025;3:03:00 p.ÿm.;P54 MANUFACTURA VAMALI;R9;V6;15:10:00
9313669d;14/10/2025;3:26:00 p.ÿm.;P01 S&VCONFECCIONES;R9;V13;15:30:00
111879c2;14/10/2025;3:13:00 p.ÿm.;P07 BAETEX SAS;R9;V6;15:22:00
80e6471c;14/10/2025;3:40:00 p.ÿm.;P08 MANUFACTURA ODIM S.A.S.;R9;V6;15:48:00
a10580bd;14/10/2025;3:44:00 p.ÿm.;CD CENTRO DE DISTRIBUCIàN;R9;V13;15:59:00
8cf69343;14/10/2025;4:25:00 p.ÿm.;CD CENTRO DE DISTRIBUCIàN;R9;V6;16:55:00
f2ddc09d;14/10/2025;5:18:00 p.ÿm.;L14 VYDA S.A.S.;R9;V6;17:22:00
a7ce07d3;14/10/2025;6:05:00 p.ÿm.;P46 MERAKI;R9;V6;18:20:00
f3a6bee2;15/10/2025;4:57:00 a.ÿm.;CI CENTRO DE INTEGRACIàN;R1;V2;5:02:00
8a37798e;15/10/2025;6:05:00 a.ÿm.;CI CENTRO DE INTEGRACIàN;R2;V20;7:05:00
fd829d76;15/10/2025;6:05:00 a.ÿm.;42 COOPIMAR - COOPERATIVA INDUSTRIAL MARINILLA C.T.A;R1;V2;7:37:00
b77bbe68;15/10/2025;7:08:00 a.ÿm.;30 WAGNER COMMERCIAL GROUP (ANTES TINY MED);R2;V20;7:15:00
5df51cb4;15/10/2025;7:16:00 a.ÿm.;B9 DUNNINGTON CORPORATION (ANTES NOVAL);R2;V20;7:37:00
1e30207d;15/10/2025;7:37:00 a.ÿm.;21 MANUFACTURA S.A.;R2;V20;8:00:00
00336b86;15/10/2025;7:38:00 a.ÿm.;D2 IMATEX INDUSTRIA Y MANUFACTURAS TEXTILES S.A.S;R1;V2;8:07:00
5239d658;15/10/2025;7:50:00 a.ÿm.;36 INCOOMAR - INDUSTRIA COOPERATIVA DE MARINILLA;R1;V2;8:12:00
434bd594;15/10/2025;8:31:00 a.ÿm.;40 GRUPO CENIT S.A.S;R1;V2;8:44:00
a8328c65;15/10/2025;8:41:00 a.ÿm.;B7 CREATEX FORMAS INTIMAS S.A.S.;R1;V2;8:56:00
28eef244;15/10/2025;8:43:00 a.ÿm.;B3 MODATEX CONFECCIONES JFC S.A.S.;R1;V2;8:56:00
609f9c9e;15/10/2025;8:59:00 a.ÿm.;32 MANUFACTURAS GIRALDO ZULUAGA S.A.S.;R1;V2;9:06:00
c7dbb5e5;15/10/2025;9:27:00 a.ÿm.;24 ECOOELSA C.T.A - EMPRESA COOP. EL SANTUARIO C.T.A.;R1;V2;10:34:00
01bfd7ca;15/10/2025;10:12:00 a.ÿm.;CD CENTRO DE DISTRIBUCIàN;R2;V20;13:01:00
16de19c2;15/10/2025;10:19:00 a.ÿm.;D4 IMAGEN TEXTIL J&S S.A.S;R1;V2;10:40:00
459691ad;15/10/2025;10:20:00 a.ÿm.;D4 IMAGEN TEXTIL J&S S.A.S;R1;V2;10:42:00
28949a4b;15/10/2025;11:05:00 a.ÿm.;L14 VYDA S.A.S.;R9;V6;11:16:00
0173b2fe;15/10/2025;11:14:00 a.ÿm.;69 COOMUNELSA C.T.A -COOPERATIVA MULT. COMUNITARIA EL SANTUARIO;R1;V2;11:26:00
479d147c;15/10/2025;11:19:00 a.ÿm.;06 SODECON DE CONFECCION S.A.S;R1;V2;11:30:00
2a3f2dc2;15/10/2025;11:21:00 a.ÿm.;D7 GRUPO ORIENTEX S.A.S;R1;V2;11:38:00
4d32817e;15/10/2025;11:15:00 a.ÿm.;P09 FERMASA S.A.S.;R9;V13;11:40:00
a0c1d1b0;15/10/2025;11:38:00 a.ÿm.;56 CREACIONES MPM S.A.S.;R1;V2;12:09:00
5d980ba0;15/10/2025;12:08:00 p.ÿm.;42 COOPIMAR - COOPERATIVA INDUSTRIAL MARINILLA C.T.A;R2;V20;13:01:00
35fd9f48;15/10/2025;12:08:00 p.ÿm.;42 COOPIMAR - COOPERATIVA INDUSTRIAL MARINILLA C.T.A;R2;V20;13:01:00
3a668eae;15/10/2025;12:08:00 p.ÿm.;42 COOPIMAR - COOPERATIVA INDUSTRIAL MARINILLA C.T.A;R2;V20;13:02:00
4e89d585;15/10/2025;12:10:00 p.ÿm.;13 ALIANZA CONAZZTEX S.A.S.;R1;V2;12:40:00
1a987887;15/10/2025;12:27:00 p.ÿm.;46 CONFECCIONES CAVITEX S.A.S.;R1;V2;12:42:00
ea0578e5;15/10/2025;12:50:00 p.ÿm.;24 ECOOELSA C.T.A - EMPRESA COOP. EL SANTUARIO C.T.A.;R1;V2;13:24:00
bdc26fac;15/10/2025;12:56:00 p.ÿm.;24 ECOOELSA C.T.A - EMPRESA COOP. EL SANTUARIO C.T.A.;R1;V2;13:33:00
c10bf704;15/10/2025;12:59:00 p.ÿm.;86 COOP. TRAB. ASOCIAD. CRECER Y CREAR;R2;V20;13:34:00
53b2c6cd;15/10/2025;1:00:00 p.ÿm.;72 COOPERATIVA MULTIACTIVA EL PE¥OL - COOMPAB;R2;V20;13:34:00
0005fd72;15/10/2025;1:00:00 p.ÿm.;36 INCOOMAR - INDUSTRIA COOPERATIVA DE MARINILLA;R2;V20;
ff50dcff;15/10/2025;1:10:00 p.ÿm.;L07 INVERSIONES TAMESCO S.A.S.;R9;V6;13:13:00
7369594a;15/10/2025;1:16:00 p.ÿm.;05 C.I. CONFECCIONES OLAS S.A;R9;V6;13:31:00
d27f6e41;15/10/2025;1:15:00 p.ÿm.;P12 CONFECCIONES SELEMAR;R9;V13;13:31:00
8b020e3d;15/10/2025;1:34:00 p.ÿm.;REEMPAQUE RENACER;R2;V20;
9bd58329;15/10/2025;1:40:00 p.ÿm.;P61 MAQUILIFE S.A.S.;R9;V6;13:45:00
b27ae9e3;15/10/2025;1:45:00 p.ÿm.;P67 MAQUIDIEZ S.A.S.;R9;V6;13:50:00
c3413e09;15/09/2025;12:58:00 p.ÿm.;46 CONFECCIONES CAVITEX S.A.S.;R9;V25;13:14:00
36a2efc9;15/09/2025;1:16:00 p.ÿm.;36 INCOOMAR - INDUSTRIA COOPERATIVA DE MARINILLA;R9;V25;14:31:00
df7309c4;15/09/2025;1:17:00 p.ÿm.;42 COOPIMAR - COOPERATIVA INDUSTRIAL MARINILLA C.T.A;R9;V25;14:25:00
2d04079f;15/09/2025;3:27:00 p.ÿm.;CD CENTRO DE DISTRIBUCIàN;R9;V25;15:45:00
aaff3360;13/09/2025;9:12:00 a.ÿm.;32 MANUFACTURAS GIRALDO ZULUAGA S.A.S.;R9;V25;9:17:00
71924fb0;13/09/2025;9:41:00 a.ÿm.;69 COOMUNELSA C.T.A -COOPERATIVA MULT. COMUNITARIA EL SANTUARIO;R9;V25;9:48:00
5e4a7812;13/09/2025;9:46:00 a.ÿm.;24 ECOOELSA C.T.A - EMPRESA COOP. EL SANTUARIO C.T.A.;R9;V25;9:55:00
273bd543;13/09/2025;10:07:00 a.ÿm.;46 CONFECCIONES CAVITEX S.A.S.;R9;V25;10:09:00
97db6df1;13/09/2025;10:47:00 a.ÿm.;36 INCOOMAR - INDUSTRIA COOPERATIVA DE MARINILLA;R9;V25;11:45:00
f125575f;15/10/2025;2:16:00 p.ÿm.;P53 GISA SAS;R9;V13;14:32:00
5f839e50;15/10/2025;2:15:00 p.ÿm.;CD CENTRO DE DISTRIBUCIàN;R9;V6;14:44:00
ea35d7f3;15/10/2025;2:43:00 p.ÿm.;D2 IMATEX INDUSTRIA Y MANUFACTURAS TEXTILES S.A.S;R1;V2;15:13:00
1a9c1199;15/10/2025;2:54:00 p.ÿm.;P85 CREACIONES VENETO SAS;R9;V13;15:11:00
83fe7c4e;15/10/2025;2:59:00 p.ÿm.;P46 MERAKI;R9;V6;15:10:00
11726adc;15/10/2025;3:25:00 p.ÿm.;P05 MAQUILADORA DYA SAS;R9;V13;15:28:00
5190df54;15/10/2025;3:25:00 p.ÿm.;P54 MANUFACTURA VAMALI;R9;V6;15:30:00
402ebb63;15/10/2025;3:33:00 p.ÿm.;P42 ROJAS CONFECCIONES;R9;V13;15:37:00
eeabf469;15/10/2025;3:38:00 p.ÿm.;P07 BAETEX SAS;R9;V6;15:50:00
b1a35e35;15/10/2025;3:40:00 p.ÿm.;P01 S&VCONFECCIONES;R9;V13;15:47:00
d38bfb43;15/10/2025;4:12:00 p.ÿm.;CD CENTRO DE DISTRIBUCIàN;R9;V13;16:26:00
4d82801f;15/10/2025;4:20:00 p.ÿm.;P08 MANUFACTURA ODIM S.A.S.;R9;V6;16:40:00
ca9ba3bf;15/10/2025;4:41:00 p.ÿm.;CD CENTRO DE DISTRIBUCIàN;R1;V2;17:34:00
8fe11571;15/10/2025;5:43:00 p.ÿm.;CI CENTRO DE INTEGRACIàN;R1;V2;18:00:00
3d1feccd;15/10/2025;5:55:00 p.ÿm.;CD CENTRO DE DISTRIBUCIàN;R9;V6;18:15:00
25963767;16/10/2025;4:54:00 a.ÿm.;CI CENTRO DE INTEGRACIàN;R1;V2;5:00:00
7e72f3da;16/10/2025;6:01:00 a.ÿm.;42 COOPIMAR - COOPERATIVA INDUSTRIAL MARINILLA C.T.A;R1;V2;6:44:00
46967ca0;16/10/2025;6:08:00 a.ÿm.;CI CENTRO DE INTEGRACIàN;R2;V20;7:10:00
83ef1911;16/10/2025;6:50:00 a.ÿm.;D2 IMATEX INDUSTRIA Y MANUFACTURAS TEXTILES S.A.S;R1;V2;7:21:00
e55a8dcc;16/10/2025;6:00:00 a.ÿm.;DF DISCOS FUENTES;R9;V6;6:50:00
2e48f18a;16/10/2025;7:08:00 a.ÿm.;36 INCOOMAR - INDUSTRIA COOPERATIVA DE MARINILLA;R1;V2;7:33:00
e1f8fb6d;16/10/2025;7:12:00 a.ÿm.;30 WAGNER COMMERCIAL GROUP (ANTES TINY MED);R2;V20;7:22:00
1bd0b8ef;16/10/2025;7:23:00 a.ÿm.;B9 DUNNINGTON CORPORATION (ANTES NOVAL);R2;V20;7:47:00
432403bc;16/10/2025;7:50:00 a.ÿm.;40 GRUPO CENIT S.A.S;R1;V2;8:08:00
dcade219;16/10/2025;7:57:00 a.ÿm.;CD CENTRO DE DISTRIBUCIàN;R9;V13;8:11:00
e79aa553;16/10/2025;8:06:00 a.ÿm.;B7 CREATEX FORMAS INTIMAS S.A.S.;R1;V2;8:13:00
7c020b44;16/10/2025;8:07:00 a.ÿm.;B3 MODATEX CONFECCIONES JFC S.A.S.;R1;V2;8:13:00
90b6126e;16/10/2025;7:47:00 a.ÿm.;21 MANUFACTURA S.A.;R2;V20;
3ae43122;16/10/2025;8:14:00 a.ÿm.;A4 CONFECCIONES COOL FASHION S.A.S;R1;V2;8:28:00
56e8b082;16/10/2025;8:29:00 a.ÿm.;32 MANUFACTURAS GIRALDO ZULUAGA S.A.S.;R1;V2;8:43:00
9ec5529e;16/10/2025;8:29:00 a.ÿm.;P14 PRYM S.A.S.;R9;V13;8:46:00
a05ad6d6;16/10/2025;8:56:00 a.ÿm.;P53 GISA SAS;R9;V13;9:01:00
e5138e7c;16/10/2025;10:00:00 a.ÿm.;69 COOMUNELSA C.T.A -COOPERATIVA MULT. COMUNITARIA EL SANTUARIO;R1;V2;10:43:00
d18ca896;16/10/2025;10:51:00 a.ÿm.;06 SODECON DE CONFECCION S.A.S;R1;V2;11:13:00
c96d8d64;16/10/2025;10:52:00 a.ÿm.;D7 GRUPO ORIENTEX S.A.S;R1;V2;11:37:00
ebc23b83;16/10/2025;11:13:00 a.ÿm.;13 ALIANZA CONAZZTEX S.A.S.;R1;V2;11:40:00
ffd9c4d6;16/10/2025;11:14:00 a.ÿm.;46 CONFECCIONES CAVITEX S.A.S.;R1;V2;11:41:00
297736f3;16/10/2025;11:26:00 a.ÿm.;L14 VYDA S.A.S.;R9;V6;11:37:00
f9a718a9;16/10/2025;11:15:00 a.ÿm.;P09 FERMASA S.A.S.;R9;V13;11:42:00
2123978d;16/10/2025;11:42:00 a.ÿm.;D4 IMAGEN TEXTIL J&S S.A.S;R1;V2;12:37:00
16825240;16/10/2025;11:46:00 a.ÿm.;24 ECOOELSA C.T.A - EMPRESA COOP. EL SANTUARIO C.T.A.;R1;V2;12:13:00
801b53db;16/10/2025;12:15:00 p.ÿm.;CD CENTRO DE DISTRIBUCIàN;R9;V6;12:20:00
2459f354;13/09/2025;12:02:00 p.ÿm.;42 COOPIMAR - COOPERATIVA INDUSTRIAL MARINILLA C.T.A;R9;V25;12:20:00
7dc9819a;13/09/2025;1:55:00 p.ÿm.;CD CENTRO DE DISTRIBUCIàN;R9;V25;14:11:00
456cb943;12/09/2025;11:52:00 a.ÿm.;32 MANUFACTURAS GIRALDO ZULUAGA S.A.S.;R9;V25;13:45:00
31f2911b;12/09/2025;12:02:00 p.ÿm.;69 COOMUNELSA C.T.A -COOPERATIVA MULT. COMUNITARIA EL SANTUARIO;R9;V25;12:22:00
21e6af0c;12/09/2025;12:03:00 p.ÿm.;24 ECOOELSA C.T.A - EMPRESA COOP. EL SANTUARIO C.T.A.;R9;V25;12:08:00
56eb2e7c;12/09/2025;12:19:00 p.ÿm.;P86 CREACIONES SARAI;R9;V25;12:19:00
cd1e9a54;12/09/2025;12:19:00 p.ÿm.;D7 GRUPO ORIENTEX S.A.S;R9;V25;12:21:00
5b446eca;12/09/2025;12:19:00 p.ÿm.;46 CONFECCIONES CAVITEX S.A.S.;R9;V25;12:25:00
f900742c;16/10/2025;12:29:00 p.ÿm.;P14 PRYM S.A.S.;R9;V6;12:34:00
345a28aa;12/09/2025;12:51:00 p.ÿm.;36 INCOOMAR - INDUSTRIA COOPERATIVA DE MARINILLA;R9;V25;14:17:00
88556693;16/10/2025;12:45:00 p.ÿm.;L07 INVERSIONES TAMESCO S.A.S.;R9;V6;12:57:00
6aa0dff1;16/10/2025;1:15:00 p.ÿm.;P12 CONFECCIONES SELEMAR;R9;V13;13:42:00
34def070;16/10/2025;1:02:00 p.ÿm.;05 C.I. CONFECCIONES OLAS S.A;R9;V6;13:31:00
f57a4658;16/10/2025;1:39:00 p.ÿm.;P67 MAQUIDIEZ S.A.S.;R9;V6;13:45:00
a838c354;16/10/2025;1:43:00 p.ÿm.;D2 IMATEX INDUSTRIA Y MANUFACTURAS TEXTILES S.A.S;R1;V2;14:15:00
540e3a87;16/10/2025;1:44:00 p.ÿm.;D2 IMATEX INDUSTRIA Y MANUFACTURAS TEXTILES S.A.S;R1;V2;14:15:00
35f5840a;16/10/2025;1:45:00 p.ÿm.;P61 MAQUILIFE S.A.S.;R9;V6;13:50:00
17d49ba4;16/10/2025;1:59:00 p.ÿm.;36 INCOOMAR - INDUSTRIA COOPERATIVA DE MARINILLA;R2;V20;
efd377e4;16/10/2025;1:59:00 p.ÿm.;86 COOP. TRAB. ASOCIAD. CRECER Y CREAR;R2;V20;
3ab5da28;16/10/2025;2:00:00 p.ÿm.;72 COOPERATIVA MULTIACTIVA EL PE¥OL - COOMPAB;R2;V20;
c3630f7f;16/10/2025;2:05:00 p.ÿm.;P54 MANUFACTURA VAMALI;R9;V6;14:09:00
fab0f51a;16/10/2025;2:15:00 p.ÿm.;P07 BAETEX SAS;R9;V6;14:26:00
7b3f1375;16/10/2025;2:22:00 p.ÿm.;P14 PRYM S.A.S.;R9;V13;14:28:00
76662b7a;16/10/2025;2:30:00 p.ÿm.;CI CENTRO DE INTEGRACIàN;R9;V13;14:33:00
9dd04020;16/10/2025;2:38:00 p.ÿm.;P53 GISA SAS;R9;V13;14:43:00
26417373;16/10/2025;2:45:00 p.ÿm.;P08 MANUFACTURA ODIM S.A.S.;R9;V6;14:51:00
24f14799;16/10/2025;3:05:00 p.ÿm.;P85 CREACIONES VENETO SAS;R9;V13;15:13:00
fc4ddc90;16/10/2025;3:15:00 p.ÿm.;P46 MERAKI;R9;V6;15:23:00
4a90ada0;16/10/2025;3:24:00 p.ÿm.;P05 MAQUILADORA DYA SAS;R9;V13;15:32:00
fa08e492;16/10/2025;3:30:00 p.ÿm.;CD CENTRO DE DISTRIBUCIàN;R1;V2;16:54:00
50b2cbbc;16/10/2025;3:35:00 p.ÿm.;P42 ROJAS CONFECCIONES;R9;V13;15:36:00
3545b938;16/10/2025;3:45:00 p.ÿm.;P01 S&VCONFECCIONES;R9;V13;15:55:00
74a4fa41;16/10/2025;3:43:00 p.ÿm.;CD CENTRO DE DISTRIBUCIàN;R9;V6;16:50:00
d6b2f1ba;16/10/2025;4:35:00 p.ÿm.;CD CENTRO DE DISTRIBUCIàN;R9;V13;16:53:00
b05c962c;16/10/2025;5:03:00 p.ÿm.;CI CENTRO DE INTEGRACIàN;R1;V2;17:12:00
b739bd3f;16/10/2025;5:04:00 p.ÿm.;L14 VYDA S.A.S.;R9;V6;17:20:00
e86c3356;16/10/2025;5:30:00 p.ÿm.;CD CENTRO DE DISTRIBUCIàN;R9;V6;17:50:00
021a34c0;16/10/2025;6:23:00 p.ÿm.;P46 MERAKI;R9;V6;18:26:00
2fd815f7;16/10/2025;6:50:00 p.ÿm.;P61 MAQUILIFE S.A.S.;R9;V6;18:50:00
22b9f649;17/10/2025;4:55:00 a.ÿm.;CI CENTRO DE INTEGRACIàN;R1;V2;5:02:00
75107b95;17/10/2025;6:15:00 a.ÿm.;CI CENTRO DE INTEGRACIàN;R2;V20;7:05:00
e8d11b2f;17/10/2025;6:38:00 a.ÿm.;42 COOPIMAR - COOPERATIVA INDUSTRIAL MARINILLA C.T.A;R1;V2;7:28:00
470c22a1;17/10/2025;7:07:00 a.ÿm.;30 WAGNER COMMERCIAL GROUP (ANTES TINY MED);R2;V20;7:15:00
343336b5;17/10/2025;7:07:00 a.ÿm.;CD CENTRO DE DISTRIBUCIàN;R9;V13;7:26:00
2c0d759a;17/10/2025;7:14:00 a.ÿm.;B9 DUNNINGTON CORPORATION (ANTES NOVAL);R2;V20;8:00:00
3c6c5e58;17/10/2025;7:15:00 a.ÿm.;LS LESENSUEL;R2;V20;8:01:00
9b7e9ab6;17/10/2025;7:45:00 a.ÿm.;36 INCOOMAR - INDUSTRIA COOPERATIVA DE MARINILLA;R1;V2;8:13:00
6abb83af;17/10/2025;7:47:00 a.ÿm.;P14 PRYM S.A.S.;R9;V13;7:54:00
c72e129a;17/10/2025;7:58:00 a.ÿm.;21 MANUFACTURA S.A.;R2;V20;8:15:00
87c8d0a9;17/10/2025;8:14:00 a.ÿm.;D2 IMATEX INDUSTRIA Y MANUFACTURAS TEXTILES S.A.S;R1;V2;8:28:00
caa22ba0;17/10/2025;8:16:00 a.ÿm.;PU15 PUERTA 15;R9;V13;8:34:00
b45d1ba3;17/10/2025;8:31:00 a.ÿm.;40 GRUPO CENIT S.A.S;R1;V2;8:40:00
9a151bc2;17/10/2025;8:37:00 a.ÿm.;B7 CREATEX FORMAS INTIMAS S.A.S.;R1;V2;8:43:00
dc860e1d;17/10/2025;8:38:00 a.ÿm.;B3 MODATEX CONFECCIONES JFC S.A.S.;R1;V2;8:45:00
b4a535aa;17/10/2025;8:53:00 a.ÿm.;32 MANUFACTURAS GIRALDO ZULUAGA S.A.S.;R1;V2;9:04:00
ce1818a8;17/10/2025;9:02:00 a.ÿm.;P42 ROJAS CONFECCIONES;R9;V13;9:05:00
95e94af0;17/10/2025;9:15:00 a.ÿm.;P05 MAQUILADORA DYA SAS;R9;V13;9:22:00
2086c70b;17/10/2025;9:21:00 a.ÿm.;24 ECOOELSA C.T.A - EMPRESA COOP. EL SANTUARIO C.T.A.;R1;V2;10:09:00
6af20e8e;17/10/2025;10:04:00 a.ÿm.;D4 IMAGEN TEXTIL J&S S.A.S;R1;V2;10:16:00
1c304d48;17/10/2025;10:09:00 a.ÿm.;D4 IMAGEN TEXTIL J&S S.A.S;R1;V2;10:53:00
0de44ed8;17/10/2025;10:13:00 a.ÿm.;69 COOMUNELSA C.T.A -COOPERATIVA MULT. COMUNITARIA EL SANTUARIO;R1;V2;11:09:00
e8569a04;17/10/2025;10:35:00 a.ÿm.;CI CENTRO DE INTEGRACIàN;R2;V20;10:35:00
9401c503;17/10/2025;10:58:00 a.ÿm.;06 SODECON DE CONFECCION S.A.S;R1;V2;11:49:00
fa76654c;17/10/2025;11:09:00 a.ÿm.;D7 GRUPO ORIENTEX S.A.S;R1;V2;11:21:00
8a91290e;17/10/2025;11:10:00 a.ÿm.;06 SODECON DE CONFECCION S.A.S;R1;V2;11:22:00
b1e8bebc;17/10/2025;11:12:00 a.ÿm.;P09 FERMASA S.A.S.;R9;V13;23:40:00
991feefd;17/10/2025;11:18:00 a.ÿm.;13 ALIANZA CONAZZTEX S.A.S.;R1;V2;12:05:00
a191289d;17/10/2025;11:18:00 a.ÿm.;46 CONFECCIONES CAVITEX S.A.S.;R1;V2;12:06:00
9afb76ba;17/10/2025;11:18:00 a.ÿm.;46 CONFECCIONES CAVITEX S.A.S.;R1;V2;11:50:00
41f6de47;17/10/2025;12:01:00 p.ÿm.;42 COOPIMAR - COOPERATIVA INDUSTRIAL MARINILLA C.T.A;R2;V20;13:12:00
b2bc033d;17/10/2025;12:01:00 p.ÿm.;42 COOPIMAR - COOPERATIVA INDUSTRIAL MARINILLA C.T.A;R2;V20;13:13:00
095ec771;17/10/2025;12:01:00 p.ÿm.;42 COOPIMAR - COOPERATIVA INDUSTRIAL MARINILLA C.T.A;R2;V20;13:13:00
593493ef;17/10/2025;12:12:00 p.ÿm.;24 ECOOELSA C.T.A - EMPRESA COOP. EL SANTUARIO C.T.A.;R1;V2;12:45:00
0b5ffe7e;17/10/2025;12:45:00 p.ÿm.;CD CENTRO DE DISTRIBUCIàN;R9;V6;12:50:00
1233ca0c;17/10/2025;12:49:00 p.ÿm.;56 CREACIONES MPM S.A.S.;R1;V2;13:03:00
352d03d0;17/10/2025;12:59:00 p.ÿm.;86 COOP. TRAB. ASOCIAD. CRECER Y CREAR;R2;V20;13:22:00
bf9b8b9d;17/10/2025;12:59:00 p.ÿm.;72 COOPERATIVA MULTIACTIVA EL PE¥OL - COOMPAB;R2;V20;13:41:00
caca98cb;17/10/2025;1:00:00 p.ÿm.;36 INCOOMAR - INDUSTRIA COOPERATIVA DE MARINILLA;R2;V20;14:00:00
62922edc;17/10/2025;1:06:00 p.ÿm.;L07 INVERSIONES TAMESCO S.A.S.;R9;V6;13:16:00
bffe941f;17/10/2025;1:17:00 p.ÿm.;P12 CONFECCIONES SELEMAR;R9;V13;13:24:00
b1dd7b1b;17/10/2025;1:21:00 p.ÿm.;05 C.I. CONFECCIONES OLAS S.A;R9;V6;13:50:00
42b67b87;17/10/2025;1:47:00 p.ÿm.;D2 IMATEX INDUSTRIA Y MANUFACTURAS TEXTILES S.A.S;R1;V2;14:28:00
43070d53;17/10/2025;2:02:00 p.ÿm.;P67 MAQUIDIEZ S.A.S.;R9;V6;14:10:00
d57ee6d1;17/10/2025;2:01:00 p.ÿm.;P53 GISA SAS;R9;V13;14:13:00
c9113245;17/10/2025;2:10:00 p.ÿm.;P61 MAQUILIFE S.A.S.;R9;V6;14:16:00
77aaabf2;17/10/2025;2:27:00 p.ÿm.;P14 PRYM S.A.S.;R9;V13;14:38:00
3a8d0021;12/09/2025;12:51:00 p.ÿm.;42 COOPIMAR - COOPERATIVA INDUSTRIAL MARINILLA C.T.A;R9;V25;14:17:00
8f04ddd8;12/09/2025;3:09:00 p.ÿm.;CD CENTRO DE DISTRIBUCIàN;R9;V25;
5ca03f73;11/09/2025;1:05:00 p.ÿm.;32 MANUFACTURAS GIRALDO ZULUAGA S.A.S.;R9;V25;12:41:00
3285d97b;11/09/2025;1:05:00 p.ÿm.;69 COOMUNELSA C.T.A -COOPERATIVA MULT. COMUNITARIA EL SANTUARIO;R9;V25;13:15:00
735d8a95;11/09/2025;1:05:00 p.ÿm.;24 ECOOELSA C.T.A - EMPRESA COOP. EL SANTUARIO C.T.A.;R9;V25;13:41:00
a84e2862;11/09/2025;1:36:00 p.ÿm.;D7 GRUPO ORIENTEX S.A.S;R9;V25;13:40:00
d7b79a61;11/09/2025;1:36:00 p.ÿm.;P86 CREACIONES SARAI;R9;V25;13:39:00
c912ff68;11/09/2025;1:36:00 p.ÿm.;46 CONFECCIONES CAVITEX S.A.S.;R9;V25;13:59:00
d6653c86;11/09/2025;1:54:00 p.ÿm.;36 INCOOMAR - INDUSTRIA COOPERATIVA DE MARINILLA;R9;V25;14:27:00
9bb7c51a;17/10/2025;2:35:00 p.ÿm.;P46 MERAKI;R9;V6;14:51:00
32f12f1a;17/10/2025;2:56:00 p.ÿm.;P85 CREACIONES VENETO SAS;R9;V13;15:08:00
dfea7b3c;17/10/2025;3:18:00 p.ÿm.;P05 MAQUILADORA DYA SAS;R9;V13;15:24:00
45438865;17/10/2025;3:10:00 p.ÿm.;P54 MANUFACTURA VAMALI;R9;V6;15:20:00
f2174bf2;17/10/2025;3:10:00 p.ÿm.;P54 MANUFACTURA VAMALI;R9;V6;15:20:00
df2b55d5;17/10/2025;3:30:00 p.ÿm.;P07 BAETEX SAS;R9;V6;15:40:00
e73b4c38;17/10/2025;3:35:00 p.ÿm.;P42 ROJAS CONFECCIONES;R9;V13;15:43:00
388d0049;17/10/2025;3:40:00 p.ÿm.;CD CENTRO DE DISTRIBUCIàN;R2;V20;
66470969;17/10/2025;3:45:00 p.ÿm.;P01 S&VCONFECCIONES;R9;V13;15:54:00
a7a69c30;17/10/2025;3:53:00 p.ÿm.;CD CENTRO DE DISTRIBUCIàN;R1;V2;16:41:00
e2c0898b;17/10/2025;4:02:00 p.ÿm.;P08 MANUFACTURA ODIM S.A.S.;R9;V6;16:09:00
4b70c39a;17/10/2025;4:17:00 p.ÿm.;CD CENTRO DE DISTRIBUCIàN;R9;V13;16:31:00
6286ddc4;17/10/2025;5:00:00 p.ÿm.;CI CENTRO DE INTEGRACIàN;R1;V2;17:12:00
dfac3d94;18/10/2025;4:50:00 a.ÿm.;CI CENTRO DE INTEGRACIàN;R1;V2;4:54:00
ae97ffde;18/10/2025;6:07:00 a.ÿm.;36 INCOOMAR - INDUSTRIA COOPERATIVA DE MARINILLA;R1;V2;6:38:00
2f2fe948;18/10/2025;6:10:00 a.ÿm.;CI CENTRO DE INTEGRACIàN;R2;V20;6:39:00
4850dad3;18/10/2025;6:39:00 a.ÿm.;42 COOPIMAR - COOPERATIVA INDUSTRIAL MARINILLA C.T.A;R2;V2;7:20:00
87724263;18/10/2025;6:56:00 a.ÿm.;B9 DUNNINGTON CORPORATION (ANTES NOVAL);R2;V20;7:02:00
9ad17f2f;18/10/2025;7:20:00 a.ÿm.;D2 IMATEX INDUSTRIA Y MANUFACTURAS TEXTILES S.A.S;R1;V2;7:50:00
dc3903fd;18/10/2025;7:41:00 a.ÿm.;36 INCOOMAR - INDUSTRIA COOPERATIVA DE MARINILLA;R1;V2;7:58:00
55c0bde5;18/10/2025;8:18:00 a.ÿm.;B7 CREATEX FORMAS INTIMAS S.A.S.;R1;V2;8:29:00
5532f23e;18/10/2025;8:18:00 a.ÿm.;B3 MODATEX CONFECCIONES JFC S.A.S.;R1;V2;8:30:00
4bbc8d0a;18/10/2025;8:30:00 a.ÿm.;A4 CONFECCIONES COOL FASHION S.A.S;R1;V2;8:34:00
c8ad0c8a;18/10/2025;8:38:00 a.ÿm.;32 MANUFACTURAS GIRALDO ZULUAGA S.A.S.;R1;V2;8:46:00
4e11f3fd;18/10/2025;8:43:00 a.ÿm.;CI CENTRO DE INTEGRACIàN;R2;V20;9:50:00
770c58b1;18/10/2025;9:06:00 a.ÿm.;24 ECOOELSA C.T.A - EMPRESA COOP. EL SANTUARIO C.T.A.;R1;V2;10:12:00
cbd60eb1;18/10/2025;8:30:00 a.ÿm.;P85 CREACIONES VENETO SAS;R9;V13;8:50:00
32d342b1;18/10/2025;9:10:00 a.ÿm.;P42 ROJAS CONFECCIONES;R9;V13;9:30:00
778b23f9;18/10/2025;10:15:00 a.ÿm.;P09 FERMASA S.A.S.;R9;V13;10:40:00
f87d4cbc;18/10/2025;10:22:00 a.ÿm.;D4 IMAGEN TEXTIL J&S S.A.S;R1;V2;10:36:00
19385fb3;18/10/2025;10:15:00 a.ÿm.;L07 INVERSIONES TAMESCO S.A.S.;R9;V6;10:25:00
a49ef2a8;18/10/2025;10:38:00 a.ÿm.;69 COOMUNELSA C.T.A -COOPERATIVA MULT. COMUNITARIA EL SANTUARIO;R1;V2;11:14:00
c37782dd;18/10/2025;10:30:00 a.ÿm.;05 C.I. CONFECCIONES OLAS S.A;R9;V6;11:10:00
a5601db8;18/10/2025;11:03:00 a.ÿm.;P53 GISA SAS;R9;V13;11:10:00
967cdb60;11/09/2025;1:54:00 p.ÿm.;42 COOPIMAR - COOPERATIVA INDUSTRIAL MARINILLA C.T.A;R9;V25;14:28:00
dcf9ba37;11/09/2025;3:05:00 p.ÿm.;CD CENTRO DE DISTRIBUCIàN;R9;V25;16:28:00
a7848881;10/09/2025;12:30:00 p.ÿm.;32 MANUFACTURAS GIRALDO ZULUAGA S.A.S.;R9;V25;23:50:00
a6136780;10/09/2025;12:30:00 p.ÿm.;69 COOMUNELSA C.T.A -COOPERATIVA MULT. COMUNITARIA EL SANTUARIO;R9;V25;12:45:00
b6fbdaea;10/09/2025;12:31:00 p.ÿm.;24 ECOOELSA C.T.A - EMPRESA COOP. EL SANTUARIO C.T.A.;R9;V25;1:25:00
802b2b5e;10/09/2025;1:31:00 p.ÿm.;D7 GRUPO ORIENTEX S.A.S;R9;V25;14:11:00
cf3e0fc0;10/09/2025;1:32:00 p.ÿm.;46 CONFECCIONES CAVITEX S.A.S.;R9;V25;14:11:00
6289b396;10/09/2025;2:11:00 p.ÿm.;36 INCOOMAR - INDUSTRIA COOPERATIVA DE MARINILLA;R9;V25;14:42:00
3e05adcf;18/10/2025;11:13:00 a.ÿm.;06 SODECON DE CONFECCION S.A.S;R1;V2;11:34:00
f1cac0b9;18/10/2025;11:17:00 a.ÿm.;D7 GRUPO ORIENTEX S.A.S;R1;V2;11:34:00
668a000e;18/10/2025;11:27:00 a.ÿm.;P85 CREACIONES VENETO SAS;R9;V13;11:36:00
65bd5f95;18/10/2025;11:29:00 a.ÿm.;13 ALIANZA CONAZZTEX S.A.S.;R1;V2;12:03:00
df08dc4a;18/10/2025;11:20:00 a.ÿm.;P61 MAQUILIFE S.A.S.;R9;V6;11:27:00
8c800f14;18/10/2025;11:27:00 a.ÿm.;P67 MAQUIDIEZ S.A.S.;R9;V6;11:33:00
9f20ae57;18/10/2025;11:46:00 a.ÿm.;46 CONFECCIONES CAVITEX S.A.S.;R1;V2;12:07:00
7e79fdb6;18/10/2025;11:44:00 a.ÿm.;P54 MANUFACTURA VAMALI;R9;V6;11:49:00
325c22bc;18/10/2025;11:49:00 a.ÿm.;56 CREACIONES MPM S.A.S.;R1;V2;12:08:00
7e9dffa2;18/10/2025;11:54:00 a.ÿm.;P07 BAETEX SAS;R9;V6;12:00:00
c00c4c35;18/10/2025;12:00:00 p.ÿm.;P42 ROJAS CONFECCIONES;R9;V13;12:21:00
f4e7e341;18/10/2025;12:21:00 p.ÿm.;86 COOP. TRAB. ASOCIAD. CRECER Y CREAR;R2;V20;12:26:00
a2767f57;18/10/2025;12:15:00 p.ÿm.;P08 MANUFACTURA ODIM S.A.S.;R9;V6;12:25:00
f7fc0c86;18/10/2025;12:36:00 p.ÿm.;36 INCOOMAR - INDUSTRIA COOPERATIVA DE MARINILLA;R2;V20;13:07:00
498e019d;18/10/2025;12:51:00 p.ÿm.;CD CENTRO DE DISTRIBUCIàN;R9;V13;13:18:00
429afdfe;18/10/2025;12:57:00 p.ÿm.;D2 IMATEX INDUSTRIA Y MANUFACTURAS TEXTILES S.A.S;R1;V2;13:44:00
d559b75b;18/10/2025;1:14:00 p.ÿm.;L14 VYDA S.A.S.;R9;V6;13:25:00
38233308;18/10/2025;1:40:00 p.ÿm.;CD CENTRO DE DISTRIBUCIàN;R9;V6;14:10:00
c2efb1af;18/10/2025;2:54:00 p.ÿm.;CD CENTRO DE DISTRIBUCIàN;R1;V2;15:28:00
d664840f;18/10/2025;3:47:00 p.ÿm.;CI CENTRO DE INTEGRACIàN;R1;V2;16:12:00
314fd122;20/10/2025;4:53:00 a.ÿm.;CI CENTRO DE INTEGRACIàN;R1;V2;4:59:00
9c1bb0b6;20/10/2025;6:11:00 a.ÿm.;42 COOPIMAR - COOPERATIVA INDUSTRIAL MARINILLA C.T.A;R1;V2;6:57:00
c472abfe;20/10/2025;6:59:00 a.ÿm.;36 INCOOMAR - INDUSTRIA COOPERATIVA DE MARINILLA;R1;V2;7:33:00
de6ce2d7;20/10/2025;7:33:00 a.ÿm.;CI CENTRO DE INTEGRACIàN;R2;V20;7:47:00
a2c46481;20/10/2025;7:42:00 a.ÿm.;B7 CREATEX FORMAS INTIMAS S.A.S.;R1;V2;7:51:00
53ef7907;20/10/2025;7:43:00 a.ÿm.;B3 MODATEX CONFECCIONES JFC S.A.S.;R1;V2;7:51:00
52c5b666;20/10/2025;7:48:00 a.ÿm.;30 WAGNER COMMERCIAL GROUP (ANTES TINY MED);R2;V20;7:54:00
49c8a31b;20/10/2025;7:58:00 a.ÿm.;A4 CONFECCIONES COOL FASHION S.A.S;R1;V2;8:02:00
7cd65411;20/10/2025;8:03:00 a.ÿm.;32 MANUFACTURAS GIRALDO ZULUAGA S.A.S.;R1;V2;8:12:00
447b8f94;20/10/2025;7:55:00 a.ÿm.;B9 DUNNINGTON CORPORATION (ANTES NOVAL);R2;V20;8:19:00
ed59f441;20/10/2025;8:29:00 a.ÿm.;24 ECOOELSA C.T.A - EMPRESA COOP. EL SANTUARIO C.T.A.;R1;V2;9:21:00
b2ae38a8;20/10/2025;8:41:00 a.ÿm.;21 MANUFACTURA S.A.;R2;V20;8:54:00
0f8a22f5;20/10/2025;9:32:00 a.ÿm.;D4 IMAGEN TEXTIL J&S S.A.S;R1;V2;9:50:00
bda7a77a;20/10/2025;9:15:00 a.ÿm.;TE TELAS Y ENCAJES;R9;V6;10:04:00
29cde41f;20/10/2025;9:50:00 a.ÿm.;69 COOMUNELSA C.T.A -COOPERATIVA MULT. COMUNITARIA EL SANTUARIO;R1;V2;10:27:00
b865ccf1;20/10/2025;10:23:00 a.ÿm.;06 SODECON DE CONFECCION S.A.S;R1;V2;10:36:00
221c18f4;20/10/2025;10:24:00 a.ÿm.;D7 GRUPO ORIENTEX S.A.S;R1;V2;10:55:00
fa2ef4f2;20/10/2025;10:28:00 a.ÿm.;CI CENTRO DE INTEGRACIàN;R2;V20;10:38:00
3d6d5e00;20/10/2025;10:40:00 a.ÿm.;13 ALIANZA CONAZZTEX S.A.S.;R1;V2;10:59:00
0a4a6440;20/10/2025;10:40:00 a.ÿm.;46 CONFECCIONES CAVITEX S.A.S.;R1;V2;10:59:00
feef427c;20/10/2025;11:01:00 a.ÿm.;56 CREACIONES MPM S.A.S.;R1;V2;11:10:00
b565d427;20/10/2025;11:27:00 a.ÿm.;CD CENTRO DE DISTRIBUCIàN;R2;V20;11:42:00
0efe5961;20/10/2025;11:27:00 a.ÿm.;P09 FERMASA S.A.S.;R9;V13;
3f3d5119;20/10/2025;12:10:00 p.ÿm.;A60 URBAN BASIC;R9;V6;12:15:00
639a52b9;20/10/2025;12:12:00 p.ÿm.;P09 FERMASA S.A.S.;R9;V13;
cc43dfe4;20/10/2025;12:35:00 p.ÿm.;L07 INVERSIONES TAMESCO S.A.S.;R9;V6;12:50:00
2d856a6f;20/10/2025;12:41:00 p.ÿm.;D2 IMATEX INDUSTRIA Y MANUFACTURAS TEXTILES S.A.S;R1;V2;13:10:00
a96516b7;20/10/2025;1:20:00 p.ÿm.;42 COOPIMAR - COOPERATIVA INDUSTRIAL MARINILLA C.T.A;R1;V2;13:38:00
0cf1b043;20/10/2025;12:55:00 p.ÿm.;05 C.I. CONFECCIONES OLAS S.A;R9;V6;13:30:00
eaeb3811;20/10/2025;1:39:00 p.ÿm.;P61 MAQUILIFE S.A.S.;R9;V6;13:45:00
c71d5dd8;20/10/2025;1:45:00 p.ÿm.;P67 MAQUIDIEZ S.A.S.;R9;V6;13:50:00
b13c3395;20/10/2025;2:05:00 p.ÿm.;P54 MANUFACTURA VAMALI;R9;V6;14:10:00
02396ee7;20/10/2025;2:18:00 p.ÿm.;P07 BAETEX SAS;R9;V6;14:30:00
dff82435;10/09/2025;2:11:00 p.ÿm.;42 COOPIMAR - COOPERATIVA INDUSTRIAL MARINILLA C.T.A;R9;V25;14:42:00
5dfab929;10/09/2025;4:03:00 p.ÿm.;CD CENTRO DE DISTRIBUCIàN;R9;V25;16:27:00
f47ad70d;9/09/2025;11:55:00 a.ÿm.;32 MANUFACTURAS GIRALDO ZULUAGA S.A.S.;R9;V25;23:54:00
d696406a;9/09/2025;12:03:00 p.ÿm.;69 COOMUNELSA C.T.A -COOPERATIVA MULT. COMUNITARIA EL SANTUARIO;R9;V25;12:54:00
39e4799b;9/09/2025;12:35:00 p.ÿm.;D7 GRUPO ORIENTEX S.A.S;R9;V25;13:09:00
60a6132f;9/09/2025;12:52:00 p.ÿm.;46 CONFECCIONES CAVITEX S.A.S.;R9;V25;13:09:00
f669e15a;9/09/2025;12:54:00 p.ÿm.;24 ECOOELSA C.T.A - EMPRESA COOP. EL SANTUARIO C.T.A.;R9;V25;13:13:00
12b96dda;9/09/2025;1:44:00 p.ÿm.;36 INCOOMAR - INDUSTRIA COOPERATIVA DE MARINILLA;R9;V25;14:07:00
b3bf3a76;9/09/2025;1:44:00 p.ÿm.;42 COOPIMAR - COOPERATIVA INDUSTRIAL MARINILLA C.T.A;R9;V25;14:07:00
fbc239dd;20/10/2025;2:50:00 p.ÿm.;P46 MERAKI;R9;V6;15:00:00
a1ff3289;20/10/2025;2:52:00 p.ÿm.;CD CENTRO DE DISTRIBUCIàN;R1;V2;15:45:00
41167db4;20/10/2025;3:13:00 p.ÿm.;42 COOPIMAR - COOPERATIVA INDUSTRIAL MARINILLA C.T.A;R2;V20;15:57:00
a5489401;20/10/2025;3:22:00 p.ÿm.;P14 PRYM S.A.S.;R9;V6;15:33:00
4ff88176;20/10/2025;3:19:00 p.ÿm.;42 COOPIMAR - COOPERATIVA INDUSTRIAL MARINILLA C.T.A;R2;V20;16:01:00
4a066f2a;20/10/2025;3:57:00 p.ÿm.;CI CENTRO DE INTEGRACIàN;R1;V2;16:16:00
aab37751;20/10/2025;3:57:00 p.ÿm.;86 COOP. TRAB. ASOCIAD. CRECER Y CREAR;R2;V20;16:04:00
244f6f84;20/10/2025;3:45:00 p.ÿm.;CD CENTRO DE DISTRIBUCIàN;R9;V6;16:30:00
60d5e68a;20/10/2025;4:01:00 p.ÿm.;72 COOPERATIVA MULTIACTIVA EL PE¥OL - COOMPAB;R2;V20;16:56:00
2898fc55;20/10/2025;4:40:00 p.ÿm.;36 INCOOMAR - INDUSTRIA COOPERATIVA DE MARINILLA;R2;V20;
0faf62ec;21/10/2025;4:43:00 a.ÿm.;CI CENTRO DE INTEGRACIàN;R1;V2;4:54:00
9adfa476;21/10/2025;6:02:00 a.ÿm.;42 COOPIMAR - COOPERATIVA INDUSTRIAL MARINILLA C.T.A;R1;V2;6:48:00
57b0dd29;21/10/2025;6:55:00 a.ÿm.;D2 IMATEX INDUSTRIA Y MANUFACTURAS TEXTILES S.A.S;R1;V2;7:15:00
fdab1009;21/10/2025;7:19:00 a.ÿm.;36 INCOOMAR - INDUSTRIA COOPERATIVA DE MARINILLA;R1;V2;7:35:00
f8bb05fc;21/10/2025;7:31:00 a.ÿm.;CI CENTRO DE INTEGRACIàN;R2;V20;7:42:00
5f8a1472;21/10/2025;7:42:00 a.ÿm.;30 WAGNER COMMERCIAL GROUP (ANTES TINY MED);R2;V20;7:50:00
14eb0d03;21/10/2025;7:50:00 a.ÿm.;B9 DUNNINGTON CORPORATION (ANTES NOVAL);R2;V20;8:12:00
20961c65;21/10/2025;7:59:00 a.ÿm.;40 GRUPO CENIT S.A.S;R1;V2;8:06:00
a9ced692;21/10/2025;8:06:00 a.ÿm.;B7 CREATEX FORMAS INTIMAS S.A.S.;R1;V2;8:11:00
b2ac0e99;21/10/2025;8:07:00 a.ÿm.;B3 MODATEX CONFECCIONES JFC S.A.S.;R1;V2;8:12:00
51936fd4;21/10/2025;8:12:00 a.ÿm.;21 MANUFACTURA S.A.;R2;V20;8:46:00
9090d808;21/10/2025;8:15:00 a.ÿm.;A4 CONFECCIONES COOL FASHION S.A.S;R1;V2;8:28:00
e136d665;21/10/2025;8:28:00 a.ÿm.;32 MANUFACTURAS GIRALDO ZULUAGA S.A.S.;R1;V2;8:39:00
b19659c1;21/10/2025;8:57:00 a.ÿm.;24 ECOOELSA C.T.A - EMPRESA COOP. EL SANTUARIO C.T.A.;R1;V2;10:12:00
ad34383c;21/10/2025;8:31:00 a.ÿm.;P01 S&VCONFECCIONES;R9;V13;8:45:00
3c7fc9cc;21/10/2025;10:12:00 a.ÿm.;D4 IMAGEN TEXTIL J&S S.A.S;R1;V2;10:52:00
63e8aeca;21/10/2025;11:29:00 a.ÿm.;P09 FERMASA S.A.S.;R9;V13;
f7bb5285;21/10/2025;10:19:00 a.ÿm.;69 COOMUNELSA C.T.A -COOPERATIVA MULT. COMUNITARIA EL SANTUARIO;R1;V2;11:09:00
59e67df2;21/10/2025;10:29:00 a.ÿm.;CI CENTRO DE INTEGRACIàN;R2;V20;10:37:00
8c4cb640;21/10/2025;11:05:00 a.ÿm.;06 SODECON DE CONFECCION S.A.S;R1;V2;11:20:00
24655484;21/10/2025;11:06:00 a.ÿm.;D7 GRUPO ORIENTEX S.A.S;R1;V2;11:25:00
ce5377c4;21/10/2025;11:13:00 a.ÿm.;P09 FERMASA S.A.S.;R9;V13;
dec637e0;21/10/2025;11:20:00 a.ÿm.;13 ALIANZA CONAZZTEX S.A.S.;R1;V2;11:42:00
df6f1c7a;21/10/2025;11:20:00 a.ÿm.;46 CONFECCIONES CAVITEX S.A.S.;R1;V2;11:43:00
6cb0208d;21/10/2025;11:52:00 a.ÿm.;56 CREACIONES MPM S.A.S.;R1;V2;12:03:00
e8721e13;21/10/2025;12:36:00 p.ÿm.;42 COOPIMAR - COOPERATIVA INDUSTRIAL MARINILLA C.T.A;R2;V20;12:46:00
c48dcd5f;21/10/2025;12:45:00 p.ÿm.;CD CENTRO DE DISTRIBUCIàN;R9;V6;12:53:00
ef5728c6;21/10/2025;12:51:00 p.ÿm.;D2 IMATEX INDUSTRIA Y MANUFACTURAS TEXTILES S.A.S;R1;V2;13:22:00
1d6a2aab;21/10/2025;1:03:00 p.ÿm.;P14 PRYM S.A.S.;R9;V6;13:10:00
cf89c24f;21/10/2025;1:25:00 p.ÿm.;P07 BAETEX SAS;R9;V6;13:40:00
d04f3eac;21/10/2025;12:46:00 p.ÿm.;86 COOP. TRAB. ASOCIAD. CRECER Y CREAR;R2;V20;14:09:00
5f999eb2;9/09/2025;3:00:00 p.ÿm.;CD CENTRO DE DISTRIBUCIàN;R9;V25;15:25:00
03fb383f;8/09/2025;12:54:00 p.ÿm.;32 MANUFACTURAS GIRALDO ZULUAGA S.A.S.;R9;V25;12:33:00
d9a8d5cd;8/09/2025;1:04:00 p.ÿm.;24 ECOOELSA C.T.A - EMPRESA COOP. EL SANTUARIO C.T.A.;R9;V25;13:33:00
cef0bac6;8/09/2025;1:05:00 p.ÿm.;69 COOMUNELSA C.T.A -COOPERATIVA MULT. COMUNITARIA EL SANTUARIO;R9;V25;13:34:00
79153d75;8/09/2025;1:30:00 p.ÿm.;P86 CREACIONES SARAI;R9;V25;13:53:00
9c058d20;8/09/2025;1:30:00 p.ÿm.;D7 GRUPO ORIENTEX S.A.S;R9;V25;13:54:00
46c4b208;8/09/2025;1:30:00 p.ÿm.;46 CONFECCIONES CAVITEX S.A.S.;R9;V25;13:54:00
5a20b470;8/09/2025;1:55:00 p.ÿm.;42 COOPIMAR - COOPERATIVA INDUSTRIAL MARINILLA C.T.A;R9;V25;14:52:00
0bfe9150;8/09/2025;1:55:00 p.ÿm.;36 INCOOMAR - INDUSTRIA COOPERATIVA DE MARINILLA;R9;V25;14:52:00
55111491;21/10/2025;1:45:00 p.ÿm.;05 C.I. CONFECCIONES OLAS S.A;R9;V6;14:10:00
77f5939f;21/10/2025;2:10:00 p.ÿm.;72 COOPERATIVA MULTIACTIVA EL PE¥OL - COOMPAB;R2;V20;14:14:00
d2fc5bc9;21/10/2025;2:19:00 p.ÿm.;36 INCOOMAR - INDUSTRIA COOPERATIVA DE MARINILLA;R2;V20;14:25:00
150464bd;21/10/2025;2:20:00 p.ÿm.;P67 MAQUIDIEZ S.A.S.;R9;V6;14:25:00
6608ae7f;21/10/2025;2:58:00 p.ÿm.;CD CENTRO DE DISTRIBUCIàN;R1;V2;15:38:00
414d645f;21/10/2025;2:50:00 p.ÿm.;P46 MERAKI;R9;V6;15:00:00
e077d616;21/10/2025;3:41:00 p.ÿm.;CI CENTRO DE INTEGRACIàN;R1;V2;16:00:00
845a7940;21/10/2025;3:49:00 p.ÿm.;CI CENTRO DE INTEGRACIàN;R1;V2;16:00:00
b03f589f;21/10/2025;3:25:00 p.ÿm.;P08 MANUFACTURA ODIM S.A.S.;R9;V6;15:35:00
76a9043a;21/10/2025;3:55:00 p.ÿm.;P07 BAETEX SAS;R9;V6;16:05:00
bd15e88a;21/10/2025;4:05:00 p.ÿm.;P54 MANUFACTURA VAMALI;R9;V6;16:15:00
dd2c365d;21/10/2025;4:24:00 p.ÿm.;CD CENTRO DE DISTRIBUCIàN;R2;V20;16:33:00
d082b36c;21/10/2025;5:03:00 p.ÿm.;CD CENTRO DE DISTRIBUCIàN;R9;V6;17:38:00
deb69789;21/10/2025;5:04:00 p.ÿm.;CD CENTRO DE DISTRIBUCIàN;R9;V6;17:38:00
3aa9a068;21/10/2025;6:10:00 p.ÿm.;P46 MERAKI;R9;V6;18:19:00
89415ae1;21/10/2025;6:53:00 p.ÿm.;P08 MANUFACTURA ODIM S.A.S.;R9;V6;19:04:00
2af0d61c;22/10/2025;4:47:00 a.ÿm.;CI CENTRO DE INTEGRACIàN;R1;V2;4:50:00
6a8ba405;22/10/2025;6:50:00 a.ÿm.;42 COOPIMAR - COOPERATIVA INDUSTRIAL MARINILLA C.T.A;R1;V2;7:42:00
3c246474;22/10/2025;7:13:00 a.ÿm.;CI CENTRO DE INTEGRACIàN;R2;V20;7:21:00
fb8de5b0;22/10/2025;7:21:00 a.ÿm.;B9 DUNNINGTON CORPORATION (ANTES NOVAL);R2;V20;8:09:00
8c987dc4;22/10/2025;7:41:00 a.ÿm.;36 INCOOMAR - INDUSTRIA COOPERATIVA DE MARINILLA;R1;V2;7:59:00
9088c69d;22/10/2025;8:09:00 a.ÿm.;21 MANUFACTURA S.A.;R2;V20;8:34:00
cf998d94;22/10/2025;8:15:00 a.ÿm.;D2 IMATEX INDUSTRIA Y MANUFACTURAS TEXTILES S.A.S;R1;V2;8:27:00
23bd0c81;22/10/2025;8:28:00 a.ÿm.;40 GRUPO CENIT S.A.S;R1;V2;8:42:00
57913154;22/10/2025;8:42:00 a.ÿm.;B7 CREATEX FORMAS INTIMAS S.A.S.;R1;V2;9:00:00
23c542eb;22/10/2025;8:42:00 a.ÿm.;B3 MODATEX CONFECCIONES JFC S.A.S.;R1;V2;9:00:00
d6076a51;22/10/2025;8:34:00 a.ÿm.;CI CENTRO DE INTEGRACIàN;R2;V20;9:17:00
1bdba05c;22/10/2025;9:01:00 a.ÿm.;A4 CONFECCIONES COOL FASHION S.A.S;R1;V2;9:08:00
96597fc8;22/10/2025;9:10:00 a.ÿm.;32 MANUFACTURAS GIRALDO ZULUAGA S.A.S.;R1;V2;9:20:00
8a7440fa;22/10/2025;9:17:00 a.ÿm.;30 WAGNER COMMERCIAL GROUP (ANTES TINY MED);R2;V20;9:23:00
05e11e1e;22/10/2025;9:38:00 a.ÿm.;24 ECOOELSA C.T.A - EMPRESA COOP. EL SANTUARIO C.T.A.;R1;V2;10:33:00
4993b37f;22/10/2025;9:26:00 a.ÿm.;CI CENTRO DE INTEGRACIàN;R2;V20;10:40:00
d12cff74;22/10/2025;10:52:00 a.ÿm.;D4 IMAGEN TEXTIL J&S S.A.S;R1;V2;11:15:00
ccfc78b2;22/10/2025;11:03:00 a.ÿm.;69 COOMUNELSA C.T.A -COOPERATIVA MULT. COMUNITARIA EL SANTUARIO;R1;V2;11:32:00
acc1ecc6;22/10/2025;11:06:00 a.ÿm.;69 COOMUNELSA C.T.A -COOPERATIVA MULT. COMUNITARIA EL SANTUARIO;R1;V2;11:21:00
9fe9c2a9;22/10/2025;11:18:00 a.ÿm.;CD CENTRO DE DISTRIBUCIàN;R2;V20;12:29:00
05cb2387;22/10/2025;11:27:00 a.ÿm.;06 SODECON DE CONFECCION S.A.S;R1;V2;11:51:00
92dead96;22/10/2025;11:28:00 a.ÿm.;D7 GRUPO ORIENTEX S.A.S;R1;V2;11:58:00
037f1c81;22/10/2025;11:51:00 a.ÿm.;13 ALIANZA CONAZZTEX S.A.S.;R1;V2;12:14:00
a342c2f7;22/10/2025;11:52:00 a.ÿm.;46 CONFECCIONES CAVITEX S.A.S.;R1;V2;12:16:00
db3a7847;22/10/2025;12:20:00 p.ÿm.;56 CREACIONES MPM S.A.S.;R1;V2;12:25:00
0db0b27c;22/10/2025;11:24:00 a.ÿm.;CD CENTRO DE DISTRIBUCIàN;R2;V20;
b66ca811;22/10/2025;1:15:00 p.ÿm.;CD CENTRO DE DISTRIBUCIàN;R9;V6;13:19:00
e8255ea7;22/10/2025;1:16:00 p.ÿm.;D2 IMATEX INDUSTRIA Y MANUFACTURAS TEXTILES S.A.S;R1;V2;13:58:00
8873c50f;22/10/2025;1:27:00 p.ÿm.;L14 VYDA S.A.S.;R9;V6;13:33:00
dc0545d8;22/10/2025;1:47:00 p.ÿm.;L07 INVERSIONES TAMESCO S.A.S.;R9;V6;14:00:00
ef53bcd1;22/10/2025;1:46:00 p.ÿm.;L07 INVERSIONES TAMESCO S.A.S.;R9;V6;14:00:00
7320c494;22/10/2025;2:05:00 p.ÿm.;05 C.I. CONFECCIONES OLAS S.A;R9;V6;14:31:00
5bf8e379;22/10/2025;2:26:00 p.ÿm.;42 COOPIMAR - COOPERATIVA INDUSTRIAL MARINILLA C.T.A;R2;V20;15:19:00
d7cc8a66;22/10/2025;2:40:00 p.ÿm.;P67 MAQUIDIEZ S.A.S.;R9;V6;14:48:00
da36329c;22/10/2025;2:49:00 p.ÿm.;P61 MAQUILIFE S.A.S.;R9;V6;14:53:00
11d6042b;22/10/2025;3:06:00 p.ÿm.;P54 MANUFACTURA VAMALI;R9;V6;15:10:00
b4e09935;22/10/2025;3:19:00 p.ÿm.;36 INCOOMAR - INDUSTRIA COOPERATIVA DE MARINILLA;R2;V20;15:25:00
ca667018;22/10/2025;3:21:00 p.ÿm.;CD CENTRO DE DISTRIBUCIàN;R1;V2;16:25:00
e66b7ce0;22/10/2025;3:18:00 p.ÿm.;P07 BAETEX SAS;R9;V6;15:25:00
bfff6b86;22/10/2025;3:25:00 p.ÿm.;REEMPAQUE RENACER;R2;V20;16:12:00
8a684eed;22/10/2025;3:55:00 p.ÿm.;P08 MANUFACTURA ODIM S.A.S.;R9;V6;16:11:00
b1b76367;22/10/2025;4:25:00 p.ÿm.;CI CENTRO DE INTEGRACIàN;R1;V2;16:40:00
b2498818;22/10/2025;4:00:00 p.ÿm.;P08 MANUFACTURA ODIM S.A.S.;R9;V6;16:11:00
fdc08cfc;8/09/2025;3:46:00 p.ÿm.;CD CENTRO DE DISTRIBUCIàN;R9;V25;16:39:00
5be8ff30;6/09/2025;7:21:00 a.ÿm.;CD CENTRO DE DISTRIBUCIàN;R9;V25;7:10:00
d5a563e6;6/09/2025;9:29:00 a.ÿm.;42 COOPIMAR - COOPERATIVA INDUSTRIAL MARINILLA C.T.A;R9;V25;9:34:00
14e70d8e;6/09/2025;9:35:00 a.ÿm.;32 MANUFACTURAS GIRALDO ZULUAGA S.A.S.;R9;V25;9:52:00
2c0fd943;6/09/2025;9:52:00 a.ÿm.;69 COOMUNELSA C.T.A -COOPERATIVA MULT. COMUNITARIA EL SANTUARIO;R9;V25;10:13:00
efb0a9bf;6/09/2025;10:13:00 a.ÿm.;24 ECOOELSA C.T.A - EMPRESA COOP. EL SANTUARIO C.T.A.;R9;V25;10:27:00
c1e447de;6/09/2025;10:27:00 a.ÿm.;36 INCOOMAR - INDUSTRIA COOPERATIVA DE MARINILLA;R9;V25;11:17:00
eacd4482;4/09/2025;12:51:00 p.ÿm.;32 MANUFACTURAS GIRALDO ZULUAGA S.A.S.;R9;V25;12:46:00
8f6d88fc;22/10/2025;5:35:00 p.ÿm.;CD CENTRO DE DISTRIBUCIàN;R9;V6;
6d5e4b2e;4/09/2025;1:11:00 p.ÿm.;69 COOMUNELSA C.T.A -COOPERATIVA MULT. COMUNITARIA EL SANTUARIO;R9;V25;13:11:00
fdb31840;22/10/2025;7:23:00 p.ÿm.;CD CENTRO DE DISTRIBUCIàN;R2;V20;19:26:00
a6a2999b;23/10/2025;4:49:00 a.ÿm.;CI CENTRO DE INTEGRACIàN;R1;V2;4:52:00
35a5de2c;23/10/2025;7:17:00 a.ÿm.;42 COOPIMAR - COOPERATIVA INDUSTRIAL MARINILLA C.T.A;R1;V2;7:27:00
eb2bf03f;23/10/2025;7:18:00 a.ÿm.;CI CENTRO DE INTEGRACIàN;R2;V20;7:25:00
93125fee;23/10/2025;7:25:00 a.ÿm.;B9 DUNNINGTON CORPORATION (ANTES NOVAL);R2;V20;7:51:00
42c49ce4;23/10/2025;7:27:00 a.ÿm.;D2 IMATEX INDUSTRIA Y MANUFACTURAS TEXTILES S.A.S;R1;V2;7:43:00
044e342b;23/10/2025;7:44:00 a.ÿm.;36 INCOOMAR - INDUSTRIA COOPERATIVA DE MARINILLA;R1;V2;7:58:00
d5bb3481;23/10/2025;7:51:00 a.ÿm.;21 MANUFACTURA S.A.;R2;V20;8:14:00
80d378b1;23/10/2025;8:14:00 a.ÿm.;30 WAGNER COMMERCIAL GROUP (ANTES TINY MED);R2;V20;8:40:00
523a4c71;23/10/2025;8:15:00 a.ÿm.;40 GRUPO CENIT S.A.S;R1;V2;8:38:00
b7cf5c56;23/10/2025;8:22:00 a.ÿm.;B7 CREATEX FORMAS INTIMAS S.A.S.;R1;V2;8:38:00
da992088;23/10/2025;8:24:00 a.ÿm.;B3 MODATEX CONFECCIONES JFC S.A.S.;R1;V2;8:40:00
c8aa98f1;23/10/2025;8:40:00 a.ÿm.;A4 CONFECCIONES COOL FASHION S.A.S;R1;V2;8:47:00
218abac4;23/10/2025;8:47:00 a.ÿm.;32 MANUFACTURAS GIRALDO ZULUAGA S.A.S.;R1;V2;8:58:00
55e3c1c6;23/10/2025;9:23:00 a.ÿm.;24 ECOOELSA C.T.A - EMPRESA COOP. EL SANTUARIO C.T.A.;R1;V2;10:05:00
6fcba412;23/10/2025;9:58:00 a.ÿm.;D4 IMAGEN TEXTIL J&S S.A.S;R1;V2;10:22:00
4dd45499;23/10/2025;10:22:00 a.ÿm.;69 COOMUNELSA C.T.A -COOPERATIVA MULT. COMUNITARIA EL SANTUARIO;R1;V2;10:56:00
2cd20b4d;23/10/2025;10:41:00 a.ÿm.;CI CENTRO DE INTEGRACIàN;R2;V20;10:50:00
98d0f751;23/10/2025;10:45:00 a.ÿm.;69 COOMUNELSA C.T.A -COOPERATIVA MULT. COMUNITARIA EL SANTUARIO;R1;V2;10:57:00
f5464104;23/10/2025;10:53:00 a.ÿm.;06 SODECON DE CONFECCION S.A.S;R1;V2;11:16:00
b776bc7b;23/10/2025;10:54:00 a.ÿm.;D7 GRUPO ORIENTEX S.A.S;R1;V2;11:41:00
006e2ab1;23/10/2025;11:16:00 a.ÿm.;13 ALIANZA CONAZZTEX S.A.S.;R1;V2;11:49:00
a64bfe33;23/10/2025;11:17:00 a.ÿm.;46 CONFECCIONES CAVITEX S.A.S.;R1;V2;11:50:00
f3e3edbd;23/10/2025;11:55:00 a.ÿm.;CD CENTRO DE DISTRIBUCIàN;R2;V20;12:01:00
57dfddb5;23/10/2025;11:56:00 a.ÿm.;56 CREACIONES MPM S.A.S.;R1;V2;12:03:00
e3ad5c4f;23/10/2025;12:05:00 p.ÿm.;24 ECOOELSA C.T.A - EMPRESA COOP. EL SANTUARIO C.T.A.;R1;V2;12:50:00
af4ccae3;4/09/2025;1:11:00 p.ÿm.;24 ECOOELSA C.T.A - EMPRESA COOP. EL SANTUARIO C.T.A.;R9;V25;13:45:00
cd06994b;4/09/2025;1:45:00 p.ÿm.;D7 GRUPO ORIENTEX S.A.S;R9;V25;14:24:00
c78adf4e;4/09/2025;1:46:00 p.ÿm.;P86 CREACIONES SARAI;R9;V25;14:24:00
6d2a3912;4/09/2025;1:46:00 p.ÿm.;46 CONFECCIONES CAVITEX S.A.S.;R9;V25;14:25:00
1d8fc7c5;4/09/2025;2:25:00 p.ÿm.;42 COOPIMAR - COOPERATIVA INDUSTRIAL MARINILLA C.T.A;R9;V25;15:36:00
87127aa3;4/09/2025;2:25:00 p.ÿm.;36 INCOOMAR - INDUSTRIA COOPERATIVA DE MARINILLA;R9;V25;15:36:00
e2a9c9cf;4/09/2025;5:44:00 p.ÿm.;CD CENTRO DE DISTRIBUCIàN;R9;V25;17:53:00
5985bd21;3/09/2025;11:26:00 a.ÿm.;32 MANUFACTURAS GIRALDO ZULUAGA S.A.S.;R9;V25;23:02:00
cc44ee45;3/09/2025;11:51:00 a.ÿm.;24 ECOOELSA C.T.A - EMPRESA COOP. EL SANTUARIO C.T.A.;R9;V25;12:05:00
308d6da7;3/09/2025;11:51:00 a.ÿm.;69 COOMUNELSA C.T.A -COOPERATIVA MULT. COMUNITARIA EL SANTUARIO;R9;V25;12:10:00
c64618dc;23/10/2025;12:45:00 p.ÿm.;P14 PRYM S.A.S.;R9;V6;12:53:00
1620d97b;23/10/2025;1:10:00 p.ÿm.;L07 INVERSIONES TAMESCO S.A.S.;R9;V6;13:20:00
34c62b40;23/10/2025;1:37:00 p.ÿm.;D2 IMATEX INDUSTRIA Y MANUFACTURAS TEXTILES S.A.S;R1;V2;14:32:00
6e16975f;23/10/2025;1:55:00 p.ÿm.;P61 MAQUILIFE S.A.S.;R9;V6;14:00:00
d457f71c;23/10/2025;1:25:00 p.ÿm.;05 C.I. CONFECCIONES OLAS S.A;R9;V6;13:46:00
76e094fb;23/10/2025;2:00:00 p.ÿm.;P67 MAQUIDIEZ S.A.S.;R9;V6;14:05:00
d8e8fd90;23/10/2025;2:20:00 p.ÿm.;CD CENTRO DE DISTRIBUCIàN;R9;V6;14:40:00
3743da7c;23/10/2025;2:55:00 p.ÿm.;P46 MERAKI;R9;V6;15:05:00
c63ac78b;23/10/2025;3:30:00 p.ÿm.;P08 MANUFACTURA ODIM S.A.S.;R9;V6;15:35:00
6c468fb6;23/10/2025;3:48:00 p.ÿm.;P07 BAETEX SAS;R9;V6;16:05:00
af5547ca;23/10/2025;4:00:00 p.ÿm.;P54 MANUFACTURA VAMALI;R9;V6;16:09:00
13a54211;23/10/2025;3:59:00 p.ÿm.;CD CENTRO DE DISTRIBUCIàN;R1;V2;16:43:00
08a57920;23/10/2025;4:41:00 p.ÿm.;86 COOP. TRAB. ASOCIAD. CRECER Y CREAR;R2;V20;17:38:00
883f24b6;23/10/2025;4:56:00 p.ÿm.;CI CENTRO DE INTEGRACIàN;R1;V2;17:06:00
a1a508e1;23/10/2025;4:58:00 p.ÿm.;L14 VYDA S.A.S.;R9;V6;17:08:00
ebf66636;23/10/2025;5:39:00 p.ÿm.;42 COOPIMAR - COOPERATIVA INDUSTRIAL MARINILLA C.T.A;R2;V20;17:47:00
6ae86ee1;23/10/2025;5:20:00 p.ÿm.;CD CENTRO DE DISTRIBUCIàN;R9;V6;17:43:00
fa88d58b;23/10/2025;5:47:00 p.ÿm.;72 COOPERATIVA MULTIACTIVA EL PE¥OL - COOMPAB;R2;V20;17:58:00
da4599ba;23/10/2025;5:59:00 p.ÿm.;REEMPAQUE RENACER;R2;V20;18:04:00
1e7b1c0a;23/10/2025;6:04:00 p.ÿm.;36 INCOOMAR - INDUSTRIA COOPERATIVA DE MARINILLA;R2;V20;18:11:00
d079985c;24/10/2025;4:48:00 a.ÿm.;CI CENTRO DE INTEGRACIàN;R1;V2;4:56:00
75784583;24/10/2025;6:05:00 a.ÿm.;42 COOPIMAR - COOPERATIVA INDUSTRIAL MARINILLA C.T.A;R1;V2;6:35:00
21d95d28;24/10/2025;6:00:00 a.ÿm.;DF DISCOS FUENTES;R9;V6;6:50:00
44713acd;24/10/2025;6:41:00 a.ÿm.;36 INCOOMAR - INDUSTRIA COOPERATIVA DE MARINILLA;R1;V2;7:02:00
c27360bd;24/10/2025;7:09:00 a.ÿm.;42 COOPIMAR - COOPERATIVA INDUSTRIAL MARINILLA C.T.A;R1;V2;7:32:00
fc775791;24/10/2025;7:21:00 a.ÿm.;CI CENTRO DE INTEGRACIàN;R2;V20;7:27:00
5564c94c;24/10/2025;7:40:00 a.ÿm.;D2 IMATEX INDUSTRIA Y MANUFACTURAS TEXTILES S.A.S;R1;V2;7:53:00
9fd91a98;24/10/2025;7:57:00 a.ÿm.;40 GRUPO CENIT S.A.S;R1;V2;8:09:00
0a7890a9;24/10/2025;8:07:00 a.ÿm.;B9 DUNNINGTON CORPORATION (ANTES NOVAL);R2;V20;8:12:00
6a3118d5;24/10/2025;8:10:00 a.ÿm.;B3 MODATEX CONFECCIONES JFC S.A.S.;R1;V2;8:24:00
fff0ec24;24/10/2025;8:11:00 a.ÿm.;B7 CREATEX FORMAS INTIMAS S.A.S.;R1;V2;8:25:00
ae26fd46;24/10/2025;8:12:00 a.ÿm.;LS LESENSUEL;R2;V20;8:17:00
2515fe23;24/10/2025;8:17:00 a.ÿm.;21 MANUFACTURA S.A.;R2;V20;8:45:00
2ef6e5cd;24/10/2025;8:38:00 a.ÿm.;A4 CONFECCIONES COOL FASHION S.A.S;R1;V2;8:44:00
ccf7a38a;24/10/2025;8:45:00 a.ÿm.;32 MANUFACTURAS GIRALDO ZULUAGA S.A.S.;R1;V2;8:53:00
e84eb44c;24/10/2025;8:45:00 a.ÿm.;CI CENTRO DE INTEGRACIàN;R2;V20;9:32:00
1433171a;24/10/2025;9:13:00 a.ÿm.;24 ECOOELSA C.T.A - EMPRESA COOP. EL SANTUARIO C.T.A.;R1;V2;10:59:00
0ad11eb5;24/10/2025;9:34:00 a.ÿm.;30 WAGNER COMMERCIAL GROUP (ANTES TINY MED);R2;V20;9:40:00
74600902;24/10/2025;10:53:00 a.ÿm.;D4 IMAGEN TEXTIL J&S S.A.S;R1;V2;11:04:00
dd7cf429;24/10/2025;11:04:00 a.ÿm.;69 COOMUNELSA C.T.A -COOPERATIVA MULT. COMUNITARIA EL SANTUARIO;R1;V2;11:25:00
20d326aa;24/10/2025;11:25:00 a.ÿm.;06 SODECON DE CONFECCION S.A.S;R1;V2;11:40:00
863634b3;24/10/2025;11:25:00 a.ÿm.;D7 GRUPO ORIENTEX S.A.S;R1;V2;11:41:00
a6d06066;24/10/2025;11:31:00 a.ÿm.;CI CENTRO DE INTEGRACIàN;R2;V20;11:37:00
cd5389fb;24/10/2025;11:37:00 a.ÿm.;CD CENTRO DE DISTRIBUCIàN;R2;V20;11:42:00
3446aad0;24/10/2025;11:46:00 a.ÿm.;13 ALIANZA CONAZZTEX S.A.S.;R1;V2;12:04:00
23181558;24/10/2025;11:47:00 a.ÿm.;46 CONFECCIONES CAVITEX S.A.S.;R1;V2;12:04:00
961e42ec;24/10/2025;12:07:00 p.ÿm.;56 CREACIONES MPM S.A.S.;R1;V2;12:15:00
ac7fb7eb;24/10/2025;12:30:00 p.ÿm.;L07 INVERSIONES TAMESCO S.A.S.;R9;V6;12:35:00
496f41b3;24/10/2025;12:29:00 p.ÿm.;36 INCOOMAR - INDUSTRIA COOPERATIVA DE MARINILLA;R1;V2;13:09:00
1fb60d0a;24/10/2025;12:40:00 p.ÿm.;05 C.I. CONFECCIONES OLAS S.A;R9;V6;13:12:00
cf20fa69;24/10/2025;1:05:00 p.ÿm.;D2 IMATEX INDUSTRIA Y MANUFACTURAS TEXTILES S.A.S;R1;V2;13:21:00
9462ebf0;24/10/2025;1:22:00 p.ÿm.;P61 MAQUILIFE S.A.S.;R9;V6;13:30:00
b3d3fd01;24/10/2025;1:30:00 p.ÿm.;P67 MAQUIDIEZ S.A.S.;R9;V6;13:35:00
72b0be09;24/10/2025;1:59:00 p.ÿm.;72 COOPERATIVA MULTIACTIVA EL PE¥OL - COOMPAB;R2;V20;14:06:00
99c7c6d6;24/10/2025;1:55:00 p.ÿm.;P46 MERAKI;R9;V6;14:05:00
9a5c33fa;24/10/2025;2:07:00 p.ÿm.;86 COOP. TRAB. ASOCIAD. CRECER Y CREAR;R2;V20;14:14:00
9725d3d3;24/10/2025;2:29:00 p.ÿm.;P54 MANUFACTURA VAMALI;R9;V6;14:40:00
aca5d50b;3/09/2025;1:03:00 p.ÿm.;D7 GRUPO ORIENTEX S.A.S;R9;V25;12:25:00
6d301984;3/09/2025;1:03:00 p.ÿm.;P86 CREACIONES SARAI;R9;V25;12:29:00
5531dbb0;3/09/2025;1:03:00 p.ÿm.;46 CONFECCIONES CAVITEX S.A.S.;R9;V25;12:45:00
aa026e16;3/09/2025;1:09:00 p.ÿm.;36 INCOOMAR - INDUSTRIA COOPERATIVA DE MARINILLA;R9;V25;14:00:00
f4451d02;3/09/2025;1:09:00 p.ÿm.;42 COOPIMAR - COOPERATIVA INDUSTRIAL MARINILLA C.T.A;R9;V25;14:18:00
37f7a209;3/09/2025;3:35:00 p.ÿm.;CD CENTRO DE DISTRIBUCIàN;R9;V25;16:16:00
a571cbf3;2/09/2025;11:08:00 a.ÿm.;32 MANUFACTURAS GIRALDO ZULUAGA S.A.S.;R9;V25;12:06:00
2f05d083;2/09/2025;11:23:00 a.ÿm.;24 ECOOELSA C.T.A - EMPRESA COOP. EL SANTUARIO C.T.A.;R9;V25;12:10:00
56916ba2;2/09/2025;11:24:00 a.ÿm.;69 COOMUNELSA C.T.A -COOPERATIVA MULT. COMUNITARIA EL SANTUARIO;R9;V25;23:30:00
bcb09996;24/10/2025;3:05:00 p.ÿm.;P08 MANUFACTURA ODIM S.A.S.;R9;V6;15:16:00
10c4700c;24/10/2025;3:07:00 p.ÿm.;CD CENTRO DE DISTRIBUCIàN;R1;V2;15:58:00
5de84712;24/10/2025;3:08:00 p.ÿm.;36 INCOOMAR - INDUSTRIA COOPERATIVA DE MARINILLA;R2;V20;15:56:00
69798ea1;24/10/2025;3:36:00 p.ÿm.;P07 BAETEX SAS;R9;V6;15:41:00
b36aea80;24/10/2025;3:56:00 p.ÿm.;42 COOPIMAR - COOPERATIVA INDUSTRIAL MARINILLA C.T.A;R2;V20;16:03:00
682d4bd2;24/10/2025;4:03:00 p.ÿm.;REEMPAQUE RENACER;R2;V20;16:11:00
2db4c4b2;24/10/2025;4:03:00 p.ÿm.;CI CENTRO DE INTEGRACIàN;R1;V2;16:24:00
a1c4b789;24/10/2025;4:30:00 p.ÿm.;CD CENTRO DE DISTRIBUCIàN;R9;V6;16:55:00
d22b5a83;25/10/2025;4:49:00 a.ÿm.;CI CENTRO DE INTEGRACIàN;R1;V2;4:55:00
53f60e45;25/10/2025;6:33:00 a.ÿm.;CI CENTRO DE INTEGRACIàN;R2;V20;6:42:00
c0181db6;25/10/2025;6:42:00 a.ÿm.;B9 DUNNINGTON CORPORATION (ANTES NOVAL);R2;V20;6:58:00
a55f9d2d;25/10/2025;6:47:00 a.ÿm.;36 INCOOMAR - INDUSTRIA COOPERATIVA DE MARINILLA;R1;V2;6:55:00
7c107f3b;25/10/2025;6:58:00 a.ÿm.;42 COOPIMAR - COOPERATIVA INDUSTRIAL MARINILLA C.T.A;R1;V2;7:24:00
939f1e91;25/10/2025;7:13:00 a.ÿm.;30 WAGNER COMMERCIAL GROUP (ANTES TINY MED);R2;V20;7:16:00
acc9ac64;25/10/2025;7:31:00 a.ÿm.;D2 IMATEX INDUSTRIA Y MANUFACTURAS TEXTILES S.A.S;R1;V2;7:50:00
b8f808d7;25/10/2025;7:55:00 a.ÿm.;B7 CREATEX FORMAS INTIMAS S.A.S.;R1;V2;8:08:00
c3a1032e;25/10/2025;7:56:00 a.ÿm.;B3 MODATEX CONFECCIONES JFC S.A.S.;R1;V2;8:08:00
c70c1ec1;25/10/2025;8:07:00 a.ÿm.;32 MANUFACTURAS GIRALDO ZULUAGA S.A.S.;R1;V2;8:30:00
f7fb8bfb;25/10/2025;8:47:00 a.ÿm.;24 ECOOELSA C.T.A - EMPRESA COOP. EL SANTUARIO C.T.A.;R1;V2;9:49:00
37e37a46;25/10/2025;9:31:00 a.ÿm.;CI CENTRO DE INTEGRACIàN;R2;V20;9:37:00
bf489ce4;25/10/2025;9:37:00 a.ÿm.;CD CENTRO DE DISTRIBUCIàN;R2;V20;10:40:00
8e988ff0;25/10/2025;9:38:00 a.ÿm.;D4 IMAGEN TEXTIL J&S S.A.S;R1;V2;9:54:00
907a0342;25/10/2025;9:50:00 a.ÿm.;06 SODECON DE CONFECCION S.A.S;R1;V2;10:25:00
3916f08c;25/10/2025;9:57:00 a.ÿm.;P09 FERMASA S.A.S.;R9;V13;
ba844d4d;25/10/2025;10:02:00 a.ÿm.;13 ALIANZA CONAZZTEX S.A.S.;R1;V2;10:31:00
4313a116;25/10/2025;10:02:00 a.ÿm.;46 CONFECCIONES CAVITEX S.A.S.;R1;V2;10:32:00
b73912cf;25/10/2025;10:05:00 a.ÿm.;TE TELAS Y ENCAJES;R9;V6;10:10:00
16a8662d;25/10/2025;10:41:00 a.ÿm.;24 ECOOELSA C.T.A - EMPRESA COOP. EL SANTUARIO C.T.A.;R1;V2;11:15:00
e6ab644d;25/10/2025;10:25:00 a.ÿm.;P07 BAETEX SAS;R9;V6;10:35:00
f65304ba;25/10/2025;10:45:00 a.ÿm.;P54 MANUFACTURA VAMALI;R9;V6;11:00:00
00a92e75;25/10/2025;10:50:00 a.ÿm.;P53 GISA SAS;R9;V13;10:57:00
ede13866;25/10/2025;11:20:00 a.ÿm.;P08 MANUFACTURA ODIM S.A.S.;R9;V6;11:30:00
0588e5ed;25/10/2025;11:20:00 a.ÿm.;56 CREACIONES MPM S.A.S.;R1;V2;12:00:00
18a9afea;25/10/2025;11:46:00 a.ÿm.;P42 ROJAS CONFECCIONES;R9;V13;12:15:00
aa0cd4b4;25/10/2025;12:01:00 p.ÿm.;42 COOPIMAR - COOPERATIVA INDUSTRIAL MARINILLA C.T.A;R2;V20;12:06:00
2e94918a;25/10/2025;12:06:00 p.ÿm.;P67 MAQUIDIEZ S.A.S.;R9;V6;12:16:00
bb6e9c94;25/10/2025;12:06:00 p.ÿm.;86 COOP. TRAB. ASOCIAD. CRECER Y CREAR;R2;V20;12:46:00
9d09fc7d;2/09/2025;12:02:00 p.ÿm.;D7 GRUPO ORIENTEX S.A.S;R9;V25;13:41:00
15062015;2/09/2025;12:03:00 p.ÿm.;P86 CREACIONES SARAI;R9;V25;12:41:00
261e73f3;2/09/2025;12:03:00 p.ÿm.;46 CONFECCIONES CAVITEX S.A.S.;R9;V25;12:35:00
185aa1c6;2/09/2025;12:43:00 p.ÿm.;36 INCOOMAR - INDUSTRIA COOPERATIVA DE MARINILLA;R9;V25;14:13:00
678a485f;2/09/2025;12:43:00 p.ÿm.;42 COOPIMAR - COOPERATIVA INDUSTRIAL MARINILLA C.T.A;R9;V25;14:13:00
a060c2a7;2/09/2025;3:24:00 p.ÿm.;CD CENTRO DE DISTRIBUCIàN;R9;V25;
20b7b1fb;1/09/2025;11:38:00 a.ÿm.;32 MANUFACTURAS GIRALDO ZULUAGA S.A.S.;R9;V25;11:50:00
2c71633e;25/10/2025;12:33:00 p.ÿm.;CD CENTRO DE DISTRIBUCIàN;R9;V13;12:46:00
2600ca3b;25/10/2025;12:46:00 p.ÿm.;72 COOPERATIVA MULTIACTIVA EL PE¥OL - COOMPAB;R2;V20;12:58:00
69ceb94f;25/10/2025;12:48:00 p.ÿm.;D2 IMATEX INDUSTRIA Y MANUFACTURAS TEXTILES S.A.S;R1;V2;13:08:00
953adfd6;25/10/2025;12:58:00 p.ÿm.;36 INCOOMAR - INDUSTRIA COOPERATIVA DE MARINILLA;R2;V20;13:11:00
d98a467c;25/10/2025;1:11:00 p.ÿm.;REEMPAQUE RENACER;R2;V20;13:42:00
69ba8dd5;25/10/2025;1:20:00 p.ÿm.;L14 VYDA S.A.S.;R9;V6;13:30:00
798c9ec3;25/10/2025;1:45:00 p.ÿm.;CD CENTRO DE DISTRIBUCIàN;R9;V6;14:10:00
e02020b6;25/10/2025;2:51:00 p.ÿm.;CD CENTRO DE DISTRIBUCIàN;R1;V2;15:23:00
e660a49a;25/10/2025;3:29:00 p.ÿm.;CI CENTRO DE INTEGRACIàN;R1;V2;15:42:00
a2128be7;27/10/2025;4:55:00 a.ÿm.;CI CENTRO DE INTEGRACIàN;R1;V2;5:00:00
c7dbeccf;27/10/2025;6:57:00 a.ÿm.;42 COOPIMAR - COOPERATIVA INDUSTRIAL MARINILLA C.T.A;R1;V2;7:31:00
dd50d99b;27/10/2025;7:32:00 a.ÿm.;36 INCOOMAR - INDUSTRIA COOPERATIVA DE MARINILLA;R1;V2;7:50:00
c58f6912;27/10/2025;8:22:00 a.ÿm.;40 GRUPO CENIT S.A.S;R1;V2;8:31:00
a530164a;27/10/2025;8:33:00 a.ÿm.;B7 CREATEX FORMAS INTIMAS S.A.S.;R1;V2;8:40:00
32fd75bd;27/10/2025;8:34:00 a.ÿm.;B3 MODATEX CONFECCIONES JFC S.A.S.;R1;V2;8:41:00
14db32cb;27/10/2025;8:40:00 a.ÿm.;A4 CONFECCIONES COOL FASHION S.A.S;R1;V2;8:48:00
0ff5cca6;27/10/2025;8:48:00 a.ÿm.;32 MANUFACTURAS GIRALDO ZULUAGA S.A.S.;R1;V2;9:12:00
95efd269;27/10/2025;9:12:00 a.ÿm.;24 ECOOELSA C.T.A - EMPRESA COOP. EL SANTUARIO C.T.A.;R1;V2;10:49:00
cc5cc6a4;27/10/2025;8:15:00 a.ÿm.;P14 PRYM S.A.S.;R9;V13;8:30:00
81ec564e;27/10/2025;10:50:00 a.ÿm.;D4 IMAGEN TEXTIL J&S S.A.S;R1;V2;11:30:00
5345d45d;27/10/2025;11:01:00 a.ÿm.;69 COOMUNELSA C.T.A -COOPERATIVA MULT. COMUNITARIA EL SANTUARIO;R1;V2;11:37:00
42d082e5;27/10/2025;11:33:00 a.ÿm.;06 SODECON DE CONFECCION S.A.S;R1;V2;11:47:00
226891fd;27/10/2025;11:37:00 a.ÿm.;D7 GRUPO ORIENTEX S.A.S;R1;V2;11:50:00
d5e9f1f7;27/10/2025;11:47:00 a.ÿm.;13 ALIANZA CONAZZTEX S.A.S.;R1;V2;12:10:00
3416b3e0;27/10/2025;11:50:00 a.ÿm.;46 CONFECCIONES CAVITEX S.A.S.;R1;V2;12:11:00
1edba60d;27/10/2025;12:11:00 p.ÿm.;56 CREACIONES MPM S.A.S.;R1;V2;12:21:00
4105ae7b;27/10/2025;12:45:00 p.ÿm.;L07 INVERSIONES TAMESCO S.A.S.;R9;V6;12:50:00
ab0bd55a;27/10/2025;1:06:00 p.ÿm.;D2 IMATEX INDUSTRIA Y MANUFACTURAS TEXTILES S.A.S;R1;V2;13:37:00
aba57bd6;27/10/2025;12:55:00 p.ÿm.;05 C.I. CONFECCIONES OLAS S.A;R9;V6;13:30:00
d7fb7c74;27/10/2025;1:38:00 p.ÿm.;P67 MAQUIDIEZ S.A.S.;R9;V6;13:42:00
6f9ec1d4;27/10/2025;1:42:00 p.ÿm.;P61 MAQUILIFE S.A.S.;R9;V6;13:44:00
e7d278af;27/10/2025;2:05:00 p.ÿm.;CD CENTRO DE DISTRIBUCIàN;R9;V6;14:31:00
10d91a32;27/10/2025;2:50:00 p.ÿm.;P46 MERAKI;R9;V6;15:00:00
464dd960;27/10/2025;2:55:00 p.ÿm.;CD CENTRO DE DISTRIBUCIàN;R1;V2;15:39:00
dbd8f190;27/10/2025;3:15:00 p.ÿm.;P08 MANUFACTURA ODIM S.A.S.;R9;V6;15:22:00
6a2675ca;27/10/2025;3:43:00 p.ÿm.;CI CENTRO DE INTEGRACIàN;R1;V2;16:00:00
431fc088;27/10/2025;3:39:00 p.ÿm.;P07 BAETEX SAS;R9;V6;15:55:00
a8ce6c33;27/10/2025;4:05:00 p.ÿm.;P54 MANUFACTURA VAMALI;R9;V6;16:12:00
42dcd8c6;27/10/2025;4:40:00 p.ÿm.;L14 VYDA S.A.S.;R9;V6;16:50:00
b9583af7;27/10/2025;5:05:00 p.ÿm.;CD CENTRO DE DISTRIBUCIàN;R9;V6;
515520fe;27/10/2025;6:30:00 p.ÿm.;P46 MERAKI;R9;V6;
e2c7eb1e;28/10/2025;4:52:00 a.ÿm.;CI CENTRO DE INTEGRACIàN;R1;V2;5:00:00
c72f6edc;28/10/2025;6:08:00 a.ÿm.;36 INCOOMAR - INDUSTRIA COOPERATIVA DE MARINILLA;R1;V2;6:33:00
554a9d19;28/10/2025;6:33:00 a.ÿm.;42 COOPIMAR - COOPERATIVA INDUSTRIAL MARINILLA C.T.A;R1;V2;7:19:00
6debcc5e;28/10/2025;7:55:00 a.ÿm.;CD CENTRO DE DISTRIBUCIàN;R9;V13;7:14:00
0dafce97;28/10/2025;7:42:00 a.ÿm.;D2 IMATEX INDUSTRIA Y MANUFACTURAS TEXTILES S.A.S;R1;V2;8:03:00
9dc19af2;28/10/2025;7:49:00 a.ÿm.;P85 CREACIONES VENETO SAS;R9;V13;8:06:00
f5888ca2;28/10/2025;8:03:00 a.ÿm.;36 INCOOMAR - INDUSTRIA COOPERATIVA DE MARINILLA;R1;V2;8:15:00
37b40ed9;28/10/2025;8:17:00 a.ÿm.;40 GRUPO CENIT S.A.S;R1;V2;8:29:00
5a05cb99;28/10/2025;8:18:00 a.ÿm.;P05 MAQUILADORA DYA SAS;R9;V13;8:26:00
ba337e64;28/10/2025;8:23:00 a.ÿm.;B7 CREATEX FORMAS INTIMAS S.A.S.;R1;V2;8:31:00
609579f7;28/10/2025;8:24:00 a.ÿm.;B3 MODATEX CONFECCIONES JFC S.A.S.;R1;V2;8:31:00
488ba01d;28/10/2025;8:32:00 a.ÿm.;A4 CONFECCIONES COOL FASHION S.A.S;R1;V2;8:37:00
c730ddb8;28/10/2025;8:37:00 a.ÿm.;32 MANUFACTURAS GIRALDO ZULUAGA S.A.S.;R1;V2;9:10:00
622273d7;28/10/2025;9:11:00 a.ÿm.;24 ECOOELSA C.T.A - EMPRESA COOP. EL SANTUARIO C.T.A.;R1;V2;10:45:00
c6eed983;28/10/2025;9:34:00 a.ÿm.;P28 CONFECCIONES ATAVIOS;R9;V13;9:38:00
3e8a79b4;28/10/2025;9:57:00 a.ÿm.;D4 IMAGEN TEXTIL J&S S.A.S;R1;V2;10:49:00
721a75f1;28/10/2025;10:04:00 a.ÿm.;P09 FERMASA S.A.S.;R9;V13;10:43:00
8d9595b2;28/10/2025;10:08:00 a.ÿm.;69 COOMUNELSA C.T.A -COOPERATIVA MULT. COMUNITARIA EL SANTUARIO;R1;V2;10:50:00
2902814f;28/10/2025;10:50:00 a.ÿm.;06 SODECON DE CONFECCION S.A.S;R1;V2;11:06:00
4573ba7f;28/10/2025;10:50:00 a.ÿm.;D7 GRUPO ORIENTEX S.A.S;R1;V2;11:07:00
e7e66270;28/10/2025;11:11:00 a.ÿm.;13 ALIANZA CONAZZTEX S.A.S.;R1;V2;11:32:00
68e2b9fa;28/10/2025;11:12:00 a.ÿm.;46 CONFECCIONES CAVITEX S.A.S.;R1;V2;11:36:00
4672a22a;28/10/2025;11:40:00 a.ÿm.;56 CREACIONES MPM S.A.S.;R1;V2;11:52:00
cae47a85;28/10/2025;11:52:00 a.ÿm.;24 ECOOELSA C.T.A - EMPRESA COOP. EL SANTUARIO C.T.A.;R1;V2;12:30:00
f91d420c;28/10/2025;12:50:00 p.ÿm.;CD CENTRO DE DISTRIBUCIàN;R9;V6;13:10:00
e6d39fc8;28/10/2025;1:17:00 p.ÿm.;P12 CONFECCIONES SELEMAR;R9;V13;13:33:00
bb70a231;1/09/2025;11:51:00 a.ÿm.;69 COOMUNELSA C.T.A -COOPERATIVA MULT. COMUNITARIA EL SANTUARIO;R9;V25;
bd8d3658;28/10/2025;1:31:00 p.ÿm.;D2 IMATEX INDUSTRIA Y MANUFACTURAS TEXTILES S.A.S;R1;V2;14:07:00
4e33b047;1/09/2025;11:51:00 a.ÿm.;24 ECOOELSA C.T.A - EMPRESA COOP. EL SANTUARIO C.T.A.;R9;V25;
0ea8bc9c;1/09/2025;12:34:00 p.ÿm.;D7 GRUPO ORIENTEX S.A.S;R9;V25;
d4a4260c;1/09/2025;12:34:00 p.ÿm.;P86 CREACIONES SARAI;R9;V25;
03b82ceb;1/09/2025;12:34:00 p.ÿm.;46 CONFECCIONES CAVITEX S.A.S.;R9;V25;
ccbab195;1/09/2025;1:08:00 p.ÿm.;36 INCOOMAR - INDUSTRIA COOPERATIVA DE MARINILLA;R9;V25;
2af6f3c0;28/10/2025;2:06:00 p.ÿm.;P53 GISA SAS;R9;V13;14:15:00
f2f10038;28/10/2025;1:35:00 p.ÿm.;05 C.I. CONFECCIONES OLAS S.A;R9;V6;14:21:00
418e7cb8;28/10/2025;2:32:00 p.ÿm.;P85 CREACIONES VENETO SAS;R9;V13;14:40:00
d3c83084;28/10/2025;2:30:00 p.ÿm.;P67 MAQUIDIEZ S.A.S.;R9;V6;14:45:00
696fe0b4;28/10/2025;2:40:00 p.ÿm.;P61 MAQUILIFE S.A.S.;R9;V6;14:50:00
6ef0bd8b;28/10/2025;2:58:00 p.ÿm.;P05 MAQUILADORA DYA SAS;R9;V13;15:12:00
e71e2fcf;28/10/2025;3:15:00 p.ÿm.;P42 ROJAS CONFECCIONES;R9;V13;15:26:00
8180bb0f;28/10/2025;3:23:00 p.ÿm.;CD CENTRO DE DISTRIBUCIàN;R1;V2;16:22:00
c82243c2;28/10/2025;3:31:00 p.ÿm.;P01 S&VCONFECCIONES;R9;V13;15:38:00
7cef0be0;28/10/2025;3:20:00 p.ÿm.;P46 MERAKI;R9;V6;15:30:00
fb911222;28/10/2025;3:44:00 p.ÿm.;P14 PRYM S.A.S.;R9;V6;15:49:00
f9ec2e54;28/10/2025;3:55:00 p.ÿm.;CD CENTRO DE DISTRIBUCIàN;R9;V13;16:11:00
20aa797e;28/10/2025;4:01:00 p.ÿm.;L07 INVERSIONES TAMESCO S.A.S.;R9;V6;16:12:00
0d35592e;28/10/2025;4:18:00 p.ÿm.;CI CENTRO DE INTEGRACIàN;R1;V2;16:31:00
338c1ffb;28/10/2025;4:27:00 p.ÿm.;P54 MANUFACTURA VAMALI;R9;V6;16:31:00
477dedf8;28/10/2025;4:45:00 p.ÿm.;P08 MANUFACTURA ODIM S.A.S.;R9;V6;16:55:00
8f379ef5;28/10/2025;5:19:00 p.ÿm.;CD CENTRO DE DISTRIBUCIàN;R9;V6;17:50:00
6c80e756;28/10/2025;6:33:00 p.ÿm.;P07 BAETEX SAS;R9;V6;
bee45ecb;29/10/2025;4:52:00 a.ÿm.;CI CENTRO DE INTEGRACIàN;R1;V2;4:59:00
1fb09465;29/10/2025;6:04:00 a.ÿm.;42 COOPIMAR - COOPERATIVA INDUSTRIAL MARINILLA C.T.A;R1;V2;6:47:00
e71a775d;29/10/2025;6:49:00 a.ÿm.;D2 IMATEX INDUSTRIA Y MANUFACTURAS TEXTILES S.A.S;R1;V2;7:13:00
c127b9b1;29/10/2025;7:17:00 a.ÿm.;36 INCOOMAR - INDUSTRIA COOPERATIVA DE MARINILLA;R1;V2;7:28:00
297e1e23;29/10/2025;7:50:00 a.ÿm.;40 GRUPO CENIT S.A.S;R1;V2;8:09:00
49c4f02e;29/10/2025;7:57:00 a.ÿm.;B7 CREATEX FORMAS INTIMAS S.A.S.;R1;V2;8:09:00
c2da32ad;29/10/2025;7:57:00 a.ÿm.;B3 MODATEX CONFECCIONES JFC S.A.S.;R1;V2;8:10:00
52e9e0a3;29/10/2025;8:10:00 a.ÿm.;A4 CONFECCIONES COOL FASHION S.A.S;R1;V2;8:19:00
c11201ce;29/10/2025;8:31:00 a.ÿm.;CD CENTRO DE DISTRIBUCIàN;R9;V13;8:37:00
482cb34e;29/10/2025;8:32:00 a.ÿm.;32 MANUFACTURAS GIRALDO ZULUAGA S.A.S.;R1;V2;8:42:00
314e64b4;29/10/2025;8:49:00 a.ÿm.;P85 CREACIONES VENETO SAS;R9;V13;8:56:00
e46abe86;29/10/2025;9:21:00 a.ÿm.;P53 GISA SAS;R9;V13;9:29:00
55739c91;29/10/2025;9:51:00 a.ÿm.;D4 IMAGEN TEXTIL J&S S.A.S;R1;V2;10:07:00
2f407a2f;29/10/2025;10:03:00 a.ÿm.;69 COOMUNELSA C.T.A -COOPERATIVA MULT. COMUNITARIA EL SANTUARIO;R1;V2;10:56:00
3f017664;29/10/2025;10:57:00 a.ÿm.;06 SODECON DE CONFECCION S.A.S;R1;V2;11:16:00
c2847deb;29/10/2025;10:57:00 a.ÿm.;D4 IMAGEN TEXTIL J&S S.A.S;R1;V2;11:15:00
77e00dc0;29/10/2025;11:05:00 a.ÿm.;P09 FERMASA S.A.S.;R9;V13;11:23:00
03f378d4;29/10/2025;11:14:00 a.ÿm.;13 ALIANZA CONAZZTEX S.A.S.;R1;V2;11:45:00
43aeb558;29/10/2025;11:16:00 a.ÿm.;46 CONFECCIONES CAVITEX S.A.S.;R1;V2;11:45:00
eacee3d2;29/10/2025;11:46:00 a.ÿm.;56 CREACIONES MPM S.A.S.;R1;V2;12:10:00
136fa8cb;29/10/2025;12:11:00 p.ÿm.;24 ECOOELSA C.T.A - EMPRESA COOP. EL SANTUARIO C.T.A.;R1;V2;12:37:00
8e57df2b;29/10/2025;12:20:00 p.ÿm.;CD CENTRO DE DISTRIBUCIàN;R9;V6;12:29:00
83f7be00;29/10/2025;12:44:00 p.ÿm.;P14 PRYM S.A.S.;R9;V6;12:50:00
443d932e;29/10/2025;1:05:00 p.ÿm.;L07 INVERSIONES TAMESCO S.A.S.;R9;V6;13:24:00
7015394b;29/10/2025;1:11:00 p.ÿm.;P12 CONFECCIONES SELEMAR;R9;V13;13:34:00
9fcad483;29/10/2025;1:28:00 p.ÿm.;05 C.I. CONFECCIONES OLAS S.A;R9;V6;13:42:00
f7c648a5;29/10/2025;1:50:00 p.ÿm.;P61 MAQUILIFE S.A.S.;R9;V6;13:55:00
ef970f9f;29/10/2025;2:00:00 p.ÿm.;P53 GISA SAS;R9;V13;14:15:00
425a6ef9;29/10/2025;1:55:00 p.ÿm.;P67 MAQUIDIEZ S.A.S.;R9;V6;14:10:00
25b98c0c;30/08/2025;7:43:00 a.ÿm.;32 MANUFACTURAS GIRALDO ZULUAGA S.A.S.;R9;V25;
a3dc99d0;29/10/2025;2:20:00 p.ÿm.;P14 PRYM S.A.S.;R9;V13;14:42:00
62bdbc5c;29/10/2025;2:24:00 p.ÿm.;D2 IMATEX INDUSTRIA Y MANUFACTURAS TEXTILES S.A.S;R1;V2;14:38:00
7a08a6af;30/08/2025;9:02:00 a.ÿm.;69 COOMUNELSA C.T.A -COOPERATIVA MULT. COMUNITARIA EL SANTUARIO;R9;V25;9:11:00
0642d887;30/08/2025;9:11:00 a.ÿm.;24 ECOOELSA C.T.A - EMPRESA COOP. EL SANTUARIO C.T.A.;R9;V25;9:21:00
b638461f;29/10/2025;2:26:00 p.ÿm.;P54 MANUFACTURA VAMALI;R9;V6;14:35:00
d201bdbd;29/10/2025;2:43:00 p.ÿm.;CI CENTRO DE INTEGRACIàN;R9;V13;14:49:00
f0699374;30/08/2025;9:31:00 a.ÿm.;46 CONFECCIONES CAVITEX S.A.S.;R9;V25;10:00:00
54ce4803;29/10/2025;2:40:00 p.ÿm.;P07 BAETEX SAS;R9;V6;14:55:00
19036068;29/10/2025;2:52:00 p.ÿm.;P85 CREACIONES VENETO SAS;R9;V13;15:01:00
4ee2672a;30/08/2025;10:01:00 a.ÿm.;36 INCOOMAR - INDUSTRIA COOPERATIVA DE MARINILLA;R9;V25;10:42:00
24ed7697;30/08/2025;10:43:00 a.ÿm.;42 COOPIMAR - COOPERATIVA INDUSTRIAL MARINILLA C.T.A;R9;V25;23:10:00
1b44ead5;30/08/2025;12:23:00 p.ÿm.;CD CENTRO DE DISTRIBUCIàN;R9;V25;12:30:00
2f19072a;29/10/2025;3:10:00 p.ÿm.;P08 MANUFACTURA ODIM S.A.S.;R9;V6;15:16:00
cb9013ff;29/08/2025;11:31:00 a.ÿm.;32 MANUFACTURAS GIRALDO ZULUAGA S.A.S.;R9;V25;23:20:00
0cfb6b01;29/10/2025;3:16:00 p.ÿm.;P05 MAQUILADORA DYA SAS;R9;V13;15:22:00
eadd0733;29/10/2025;3:27:00 p.ÿm.;P42 ROJAS CONFECCIONES;R9;V13;15:42:00
05f70cf1;29/10/2025;3:40:00 p.ÿm.;P46 MERAKI;R9;V6;15:50:00
48063c7c;29/10/2025;3:52:00 p.ÿm.;CD CENTRO DE DISTRIBUCIàN;R1;V2;16:45:00
dd957524;29/10/2025;4:03:00 p.ÿm.;CD CENTRO DE DISTRIBUCIàN;R9;V13;16:18:00
601d1c20;29/10/2025;4:15:00 p.ÿm.;CD CENTRO DE DISTRIBUCIàN;R9;V6;16:55:00
b302cb92;29/10/2025;4:52:00 p.ÿm.;CI CENTRO DE INTEGRACIàN;R1;V2;17:04:00
d2a0e03b;29/10/2025;5:13:00 p.ÿm.;L07 INVERSIONES TAMESCO S.A.S.;R9;V6;17:16:00
46902801;29/10/2025;6:00:00 p.ÿm.;P46 MERAKI;R9;V6;18:11:00
48e3ceee;30/10/2025;4:55:00 a.ÿm.;CI CENTRO DE INTEGRACIàN;R1;V2;5:59:00
0a3938c5;30/10/2025;6:00:00 a.ÿm.;DF DISCOS FUENTES;R9;V6;6:50:00
211ac1eb;30/10/2025;6:04:00 a.ÿm.;42 COOPIMAR - COOPERATIVA INDUSTRIAL MARINILLA C.T.A;R1;V2;6:45:00
9d595c8b;30/10/2025;6:46:00 a.ÿm.;D2 IMATEX INDUSTRIA Y MANUFACTURAS TEXTILES S.A.S;R1;V2;7:12:00
cd7deed6;30/10/2025;6:50:00 a.ÿm.;CD CENTRO DE DISTRIBUCIàN;R9;V13;7:02:00
271f359e;30/10/2025;7:10:00 a.ÿm.;36 INCOOMAR - INDUSTRIA COOPERATIVA DE MARINILLA;R1;V2;7:27:00
efb5e9c1;30/10/2025;7:26:00 a.ÿm.;20 SFW;R9;V6;7:50:00
5074b08b;30/10/2025;7:48:00 a.ÿm.;40 GRUPO CENIT S.A.S;R1;V2;7:58:00
ead7656a;30/10/2025;7:57:00 a.ÿm.;B7 CREATEX FORMAS INTIMAS S.A.S.;R1;V2;8:10:00
ade43026;30/10/2025;7:59:00 a.ÿm.;B3 MODATEX CONFECCIONES JFC S.A.S.;R1;V2;8:10:00
3b9ce9ff;30/10/2025;8:11:00 a.ÿm.;A4 CONFECCIONES COOL FASHION S.A.S;R1;V2;8:19:00
d89ac7cf;30/10/2025;8:20:00 a.ÿm.;32 MANUFACTURAS GIRALDO ZULUAGA S.A.S.;R1;V2;8:32:00
ba521d25;30/10/2025;8:48:00 a.ÿm.;24 ECOOELSA C.T.A - EMPRESA COOP. EL SANTUARIO C.T.A.;R1;V2;9:42:00
ca36fff6;30/10/2025;9:42:00 a.ÿm.;D4 IMAGEN TEXTIL J&S S.A.S;R1;V2;10:38:00
51ea3f99;29/08/2025;11:35:00 a.ÿm.;24 ECOOELSA C.T.A - EMPRESA COOP. EL SANTUARIO C.T.A.;R2;V25;12:20:00
90a7e94a;30/10/2025;10:05:00 a.ÿm.;69 COOMUNELSA C.T.A -COOPERATIVA MULT. COMUNITARIA EL SANTUARIO;R1;V2;11:02:00
e2472a49;29/08/2025;11:35:00 a.ÿm.;69 COOMUNELSA C.T.A -COOPERATIVA MULT. COMUNITARIA EL SANTUARIO;R2;V25;12:25:00
a382ed14;29/08/2025;12:18:00 p.ÿm.;P86 CREACIONES SARAI;R9;V25;12:34:00
a01979ad;30/10/2025;10:41:00 a.ÿm.;24 ECOOELSA C.T.A - EMPRESA COOP. EL SANTUARIO C.T.A.;R1;V2;11:17:00
8d0e1039;30/10/2025;11:15:00 a.ÿm.;P09 FERMASA S.A.S.;R9;V13;11:30:00
fb62e8e2;30/10/2025;11:18:00 a.ÿm.;06 SODECON DE CONFECCION S.A.S;R1;V2;11:38:00
8d0bc3ad;30/10/2025;11:21:00 a.ÿm.;D7 GRUPO ORIENTEX S.A.S;R1;V2;11:57:00
9207f66e;30/10/2025;11:40:00 a.ÿm.;CD CENTRO DE DISTRIBUCIàN;R9;V6;11:43:00
ebf3b406;30/10/2025;11:40:00 a.ÿm.;13 ALIANZA CONAZZTEX S.A.S.;R1;V2;12:04:00
9a993cf8;30/10/2025;11:40:00 a.ÿm.;46 CONFECCIONES CAVITEX S.A.S.;R1;V2;12:05:00
971da9ce;30/10/2025;11:50:00 a.ÿm.;P14 PRYM S.A.S.;R9;V6;11:55:00
b61a4771;30/10/2025;12:05:00 p.ÿm.;56 CREACIONES MPM S.A.S.;R1;V2;12:13:00
392fb9e3;30/10/2025;12:11:00 p.ÿm.;L07 INVERSIONES TAMESCO S.A.S.;R9;V6;12:23:00
ac93eb48;30/10/2025;12:28:00 p.ÿm.;05 C.I. CONFECCIONES OLAS S.A;R9;V6;13:12:00
3e94c138;30/10/2025;1:02:00 p.ÿm.;D2 IMATEX INDUSTRIA Y MANUFACTURAS TEXTILES S.A.S;R1;V2;13:51:00
f7c805da;30/10/2025;1:10:00 p.ÿm.;P12 CONFECCIONES SELEMAR;R9;V13;13:27:00
ba50fb76;30/10/2025;1:25:00 p.ÿm.;P61 MAQUILIFE S.A.S.;R9;V6;13:30:00
6a793df1;30/10/2025;1:30:00 p.ÿm.;P67 MAQUIDIEZ S.A.S.;R9;V6;13:35:00
d778323c;30/10/2025;1:51:00 p.ÿm.;P53 GISA SAS;R9;V13;14:08:00
2567071d;30/10/2025;1:50:00 p.ÿm.;CD CENTRO DE DISTRIBUCIàN;R9;V6;14:30:00
acd999c2;30/10/2025;2:18:00 p.ÿm.;P85 CREACIONES VENETO SAS;R9;V13;14:29:00
83c77e84;30/10/2025;2:50:00 p.ÿm.;P46 MERAKI;R9;V6;14:56:00
24514db5;30/10/2025;3:13:00 p.ÿm.;P08 MANUFACTURA ODIM S.A.S.;R9;V6;15:25:00
0c833fd3;30/10/2025;3:23:00 p.ÿm.;P42 ROJAS CONFECCIONES;R9;V13;15:29:00
8ff28c4a;30/10/2025;3:36:00 p.ÿm.;P01 S&VCONFECCIONES;R9;V13;15:47:00
5a48712e;30/10/2025;3:42:00 p.ÿm.;P07 BAETEX SAS;R9;V6;15:49:00
dd0178c1;30/10/2025;3:55:00 p.ÿm.;P54 MANUFACTURA VAMALI;R9;V6;16:01:00
56224293;30/10/2025;3:55:00 p.ÿm.;P59 INVERSIONES AGRARIAS;R9;V13;15:58:00
10063ccf;30/10/2025;4:20:00 p.ÿm.;CD CENTRO DE DISTRIBUCIàN;R9;V6;16:37:00
ca7e27f2;30/10/2025;4:16:00 p.ÿm.;CD CENTRO DE DISTRIBUCIàN;R9;V13;16:52:00
4bd8a583;30/10/2025;4:32:00 p.ÿm.;CD CENTRO DE DISTRIBUCIàN;R1;V2;17:15:00
ca3b137c;30/10/2025;4:45:00 p.ÿm.;CI CENTRO DE INTEGRACIàN;R9;V6;16:56:00
cffccf62;30/10/2025;5:17:00 p.ÿm.;CI CENTRO DE INTEGRACIàN;R1;V2;17:42:00
3796565b;31/10/2025;4:46:00 a.ÿm.;CI CENTRO DE INTEGRACIàN;R1;V2;4:58:00
fca2cc7b;31/10/2025;6:04:00 a.ÿm.;42 COOPIMAR - COOPERATIVA INDUSTRIAL MARINILLA C.T.A;R1;V2;6:40:00
422ce7ab;31/10/2025;6:42:00 a.ÿm.;36 INCOOMAR - INDUSTRIA COOPERATIVA DE MARINILLA;R1;V2;7:36:00
3025edbe;31/10/2025;7:36:00 a.ÿm.;D2 IMATEX INDUSTRIA Y MANUFACTURAS TEXTILES S.A.S;R1;V2;8:03:00
2b1803e5;31/10/2025;8:08:00 a.ÿm.;40 GRUPO CENIT S.A.S;R1;V2;8:21:00
988c540c;31/10/2025;8:09:00 a.ÿm.;40 GRUPO CENIT S.A.S;R1;V2;8:22:00
fcc8cce0;31/10/2025;8:15:00 a.ÿm.;CD CENTRO DE DISTRIBUCIàN;R9;V13;8:40:00
3059ea1c;31/10/2025;8:22:00 a.ÿm.;B7 CREATEX FORMAS INTIMAS S.A.S.;R1;V2;8:39:00
2fcd34c3;31/10/2025;8:23:00 a.ÿm.;B3 MODATEX CONFECCIONES JFC S.A.S.;R1;V2;8:39:00
ad9b58a3;31/10/2025;8:34:00 a.ÿm.;A4 CONFECCIONES COOL FASHION S.A.S;R1;V2;8:44:00
d0d459ec;31/10/2025;8:40:00 a.ÿm.;32 MANUFACTURAS GIRALDO ZULUAGA S.A.S.;R1;V2;8:53:00
4f32063d;31/10/2025;9:09:00 a.ÿm.;P14 PRYM S.A.S.;R9;V13;9:15:00
7621f963;31/10/2025;9:08:00 a.ÿm.;24 ECOOELSA C.T.A - EMPRESA COOP. EL SANTUARIO C.T.A.;R1;V2;10:48:00
184083fc;31/10/2025;9:24:00 a.ÿm.;PU15 PUERTA 15;R9;V13;9:30:00
e8e760e9;31/10/2025;9:38:00 a.ÿm.;P53 GISA SAS;R9;V13;9:43:00
4022fc09;31/10/2025;9:58:00 a.ÿm.;P01 S&VCONFECCIONES;R9;V13;10:09:00
07f40c1b;31/10/2025;10:20:00 a.ÿm.;P59 INVERSIONES AGRARIAS;R9;V13;10:34:00
edaf8a09;31/10/2025;10:50:00 a.ÿm.;D4 IMAGEN TEXTIL J&S S.A.S;R1;V2;11:08:00
8a990f4a;31/10/2025;11:03:00 a.ÿm.;P09 FERMASA S.A.S.;R9;V13;11:35:00
56703ff3;31/10/2025;11:07:00 a.ÿm.;69 COOMUNELSA C.T.A -COOPERATIVA MULT. COMUNITARIA EL SANTUARIO;R1;V2;11:48:00
1bf32e4b;31/10/2025;11:09:00 a.ÿm.;69 COOMUNELSA C.T.A -COOPERATIVA MULT. COMUNITARIA EL SANTUARIO;R1;V2;11:48:00
f1b5aba4;31/10/2025;11:47:00 a.ÿm.;06 SODECON DE CONFECCION S.A.S;R1;V2;12:05:00
1b341c3a;31/10/2025;11:48:00 a.ÿm.;D7 GRUPO ORIENTEX S.A.S;R1;V2;12:06:00
2b89d74c;31/10/2025;12:09:00 p.ÿm.;13 ALIANZA CONAZZTEX S.A.S.;R1;V2;12:35:00
795f94ff;31/10/2025;12:09:00 p.ÿm.;46 CONFECCIONES CAVITEX S.A.S.;R1;V2;12:36:00
87f4c6b7;31/10/2025;12:33:00 p.ÿm.;P12 CONFECCIONES SELEMAR;R9;V13;13:29:00
62b674c0;31/10/2025;12:40:00 p.ÿm.;L07 INVERSIONES TAMESCO S.A.S.;R9;V6;12:44:00
72baafc8;31/10/2025;12:36:00 p.ÿm.;56 CREACIONES MPM S.A.S.;R1;V2;12:42:00
9c74878e;31/10/2025;12:47:00 p.ÿm.;05 C.I. CONFECCIONES OLAS S.A;R9;V6;13:15:00
422af92d;31/10/2025;1:35:00 p.ÿm.;D2 IMATEX INDUSTRIA Y MANUFACTURAS TEXTILES S.A.S;R1;V2;14:19:00
e8159086;31/10/2025;1:32:00 p.ÿm.;P67 MAQUIDIEZ S.A.S.;R9;V6;13:37:00
242b60af;31/10/2025;1:25:00 p.ÿm.;P61 MAQUILIFE S.A.S.;R9;V6;13:32:00
3e5ac96b;31/10/2025;1:55:00 p.ÿm.;P53 GISA SAS;R9;V13;14:11:00
36c3a9fb;31/10/2025;2:00:00 p.ÿm.;P46 MERAKI;R9;V6;14:10:00
c6a97b26;31/10/2025;2:24:00 p.ÿm.;P54 MANUFACTURA VAMALI;R9;V6;14:30:00
458b0dc8;31/10/2025;2:25:00 p.ÿm.;P14 PRYM S.A.S.;R9;V13;14:35:00
daae8ea4;31/10/2025;2:35:00 p.ÿm.;P07 BAETEX SAS;R9;V6;14:55:00
69449b10;31/10/2025;2:53:00 p.ÿm.;P85 CREACIONES VENETO SAS;R9;V13;15:15:00
cccc44de;31/10/2025;3:15:00 p.ÿm.;P01 S&VCONFECCIONES;R9;V13;15:25:00
d5c9c903;31/10/2025;3:30:00 p.ÿm.;P42 ROJAS CONFECCIONES;R9;V13;15:40:00
15db92e1;31/10/2025;3:36:00 p.ÿm.;CD CENTRO DE DISTRIBUCIàN;R1;V2;16:38:00
a0525558;31/10/2025;3:20:00 p.ÿm.;P08 MANUFACTURA ODIM S.A.S.;R9;V6;15:28:00
8531d9ff;31/10/2025;3:46:00 p.ÿm.;P59 INVERSIONES AGRARIAS;R9;V13;15:54:00
7dec6ada;31/10/2025;4:14:00 p.ÿm.;CD CENTRO DE DISTRIBUCIàN;R9;V6;16:40:00
604a1f56;31/10/2025;4:21:00 p.ÿm.;CD CENTRO DE DISTRIBUCIàN;R9;V13;16:42:00
1293dee0;31/10/2025;4:39:00 p.ÿm.;CI CENTRO DE INTEGRACIàN;R1;V2;16:50:00
75ebd4dc;31/10/2025;4:40:00 p.ÿm.;CI CENTRO DE INTEGRACIàN;R1;V2;16:52:00
184a30e6;31/10/2025;5:00:00 p.ÿm.;L14 VYDA S.A.S.;R9;V6;17:09:00
2436d678;31/10/2025;5:30:00 p.ÿm.;CD CENTRO DE DISTRIBUCIàN;R9;V6;17:50:00
ba4b6dc3;29/08/2025;12:18:00 p.ÿm.;D7 GRUPO ORIENTEX S.A.S;R9;V25;12:25:00
673f810e;29/08/2025;12:18:00 p.ÿm.;46 CONFECCIONES CAVITEX S.A.S.;R9;V25;12:30:00
6b2fa690;29/08/2025;12:35:00 p.ÿm.;36 INCOOMAR - INDUSTRIA COOPERATIVA DE MARINILLA;R9;V25;13:10:00
f942c691;29/08/2025;12:35:00 p.ÿm.;42 COOPIMAR - COOPERATIVA INDUSTRIAL MARINILLA C.T.A;R9;V25;13:48:00
372234c8;29/08/2025;2:43:00 p.ÿm.;CD CENTRO DE DISTRIBUCIàN;R9;V25;14:58:00
b021741c;28/08/2025;12:32:00 p.ÿm.;32 MANUFACTURAS GIRALDO ZULUAGA S.A.S.;R9;V25;12:34:00
d9f97180;28/08/2025;1:00:00 p.ÿm.;69 COOMUNELSA C.T.A -COOPERATIVA MULT. COMUNITARIA EL SANTUARIO;R9;V25;13:00:00
9d323eb5;28/08/2025;12:44:00 p.ÿm.;24 ECOOELSA C.T.A - EMPRESA COOP. EL SANTUARIO C.T.A.;R9;V25;13:31:00
952437b9;28/08/2025;1:27:00 p.ÿm.;P86 CREACIONES SARAI;R9;V25;13:20:00
c57f53af;28/08/2025;1:27:00 p.ÿm.;D7 GRUPO ORIENTEX S.A.S;R9;V25;13:25:00
41d293ea;28/08/2025;1:27:00 p.ÿm.;46 CONFECCIONES CAVITEX S.A.S.;R9;V25;13:35:00
07d8e978;28/08/2025;1:50:00 p.ÿm.;36 INCOOMAR - INDUSTRIA COOPERATIVA DE MARINILLA;R2;V25;14:08:00
f5e5b3d8;28/08/2025;2:00:00 p.ÿm.;42 COOPIMAR - COOPERATIVA INDUSTRIAL MARINILLA C.T.A;R2;V25;15:08:00
34890b24;28/08/2025;3:59:00 p.ÿm.;CD CENTRO DE DISTRIBUCIàN;R2;V25;16:39:00
