{
  "type": "FeatureCollection",
  "bbox": [
    -75.582718,
    6.133668,
    -75.259707,
    6.329619
  ],
  "features": [
    {
      "bbox": [
        -75.582718,
        6.133668,
        -75.259707,
        6.329619
      ],
      "type": "Feature",
      "properties": {
        "extras": {
          "roadaccessrestrictions": {
            "values": [
              [
                0,
                3,
                32
              ],
              [
                3,
                1265,
                0
              ]
            ],
            "summary": [
              {
                "value": 0.0,
                "distance": 69717.3,
                "amount": 99.91
              },
              {
                "value": 32.0,
                "distance": 65.6,
                "amount": 0.09
              }
            ]
          }
        },
        "warnings": [
          {
            "code": 1,
            "message": "There may be restrictions on some roads"
          }
        ],
        "way_points": [
          0,
          1265
        ],
        "summary": {
          "distance": 69782.9,
          "duration": 6908.5
        }
      },
      "geometry": {
        "coordinates": [
          [
            -75.581626,
            6.199687
          ],
          [
            -75.581577,
            6.1999
          ],
          [
            -75.581519,
            6.200104
          ],
          [
            -75.581479,
            6.200258
          ],
          [
            -75.580737,
            6.20007
          ],
          [
            -75.580526,
            6.199935
          ],
          [
            -75.580449,
            6.199818
          ],
          [
            -75.580432,
            6.199722
          ],
          [
            -75.580531,
            6.199163
          ],
          [
            -75.580633,
            6.198832
          ],
          [
            -75.580707,
            6.198586
          ],
          [
            -75.580806,
            6.198261
          ],
          [
            -75.580951,
            6.197865
          ],
          [
            -75.581034,
            6.197636
          ],
          [
            -75.581371,
            6.196811
          ],
          [
            -75.581838,
            6.195613
          ],
          [
            -75.581984,
            6.195225
          ],
          [
            -75.582187,
            6.194949
          ],
          [
            -75.582255,
            6.194901
          ],
          [
            -75.582341,
            6.194876
          ],
          [
            -75.582435,
            6.194867
          ],
          [
            -75.582519,
            6.194882
          ],
          [
            -75.582598,
            6.194918
          ],
          [
            -75.582676,
            6.194995
          ],
          [
            -75.58271,
            6.195081
          ],
          [
            -75.582718,
            6.195183
          ],
          [
            -75.582701,
            6.195251
          ],
          [
            -75.582676,
            6.195319
          ],
          [
            -75.582624,
            6.195388
          ],
          [
            -75.582377,
            6.195508
          ],
          [
            -75.582049,
            6.195401
          ],
          [
            -75.580931,
            6.195061
          ],
          [
            -75.580862,
            6.194984
          ],
          [
            -75.580835,
            6.194928
          ],
          [
            -75.580834,
            6.194856
          ],
          [
            -75.580876,
            6.194777
          ],
          [
            -75.580948,
            6.194726
          ],
          [
            -75.581035,
            6.194713
          ],
          [
            -75.581105,
            6.19473
          ],
          [
            -75.581173,
            6.19479
          ],
          [
            -75.580917,
            6.195553
          ],
          [
            -75.580773,
            6.195959
          ],
          [
            -75.580472,
            6.196776
          ],
          [
            -75.579956,
            6.198245
          ],
          [
            -75.579849,
            6.198562
          ],
          [
            -75.579666,
            6.199275
          ],
          [
            -75.579526,
            6.199984
          ],
          [
            -75.579301,
            6.201495
          ],
          [
            -75.579142,
            6.202583
          ],
          [
            -75.578932,
            6.204102
          ],
          [
            -75.578662,
            6.205839
          ],
          [
            -75.578338,
            6.208119
          ],
          [
            -75.57838,
            6.208967
          ],
          [
            -75.577829,
            6.212911
          ],
          [
            -75.576461,
            6.222732
          ],
          [
            -75.575683,
            6.228293
          ],
          [
            -75.575284,
            6.231157
          ],
          [
            -75.575137,
            6.232104
          ],
          [
            -75.575047,
            6.232862
          ],
          [
            -75.575029,
            6.233351
          ],
          [
            -75.575066,
            6.233628
          ],
          [
            -75.575205,
            6.234085
          ],
          [
            -75.576814,
            6.238708
          ],
          [
            -75.577328,
            6.240204
          ],
          [
            -75.577563,
            6.240916
          ],
          [
            -75.577815,
            6.241819
          ],
          [
            -75.579185,
            6.245765
          ],
          [
            -75.57919,
            6.245781
          ],
          [
            -75.579539,
            6.247007
          ],
          [
            -75.579695,
            6.247585
          ],
          [
            -75.579731,
            6.247798
          ],
          [
            -75.579746,
            6.247954
          ],
          [
            -75.57974,
            6.248169
          ],
          [
            -75.579704,
            6.24844
          ],
          [
            -75.579588,
            6.248765
          ],
          [
            -75.579235,
            6.249396
          ],
          [
            -75.578899,
            6.250009
          ],
          [
            -75.578492,
            6.250745
          ],
          [
            -75.577958,
            6.251738
          ],
          [
            -75.57776,
            6.252101
          ],
          [
            -75.577645,
            6.252321
          ],
          [
            -75.576955,
            6.253631
          ],
          [
            -75.576737,
            6.254072
          ],
          [
            -75.576564,
            6.25436
          ],
          [
            -75.576163,
            6.255077
          ],
          [
            -75.576059,
            6.255288
          ],
          [
            -75.575895,
            6.255573
          ],
          [
            -75.575107,
            6.256903
          ],
          [
            -75.573577,
            6.259499
          ],
          [
            -75.573552,
            6.259546
          ],
          [
            -75.573462,
            6.259724
          ],
          [
            -75.573218,
            6.26029
          ],
          [
            -75.573234,
            6.260677
          ],
          [
            -75.572911,
            6.261522
          ],
          [
            -75.572574,
            6.262406
          ],
          [
            -75.571985,
            6.264135
          ],
          [
            -75.571575,
            6.26569
          ],
          [
            -75.571309,
            6.26684
          ],
          [
            -75.571108,
            6.267682
          ],
          [
            -75.570676,
            6.269603
          ],
          [
            -75.570273,
            6.271392
          ],
          [
            -75.57009,
            6.272224
          ],
          [
            -75.56976,
            6.273689
          ],
          [
            -75.569597,
            6.274351
          ],
          [
            -75.569461,
            6.274512
          ],
          [
            -75.5694,
            6.274597
          ],
          [
            -75.569335,
            6.274764
          ],
          [
            -75.569176,
            6.27547
          ],
          [
            -75.569046,
            6.276114
          ],
          [
            -75.569013,
            6.276188
          ],
          [
            -75.568962,
            6.276251
          ],
          [
            -75.568895,
            6.276296
          ],
          [
            -75.568818,
            6.276323
          ],
          [
            -75.568738,
            6.276327
          ],
          [
            -75.568658,
            6.276309
          ],
          [
            -75.568587,
            6.276271
          ],
          [
            -75.568529,
            6.276214
          ],
          [
            -75.568491,
            6.276147
          ],
          [
            -75.568471,
            6.276073
          ],
          [
            -75.568471,
            6.275996
          ],
          [
            -75.568492,
            6.275922
          ],
          [
            -75.568531,
            6.275855
          ],
          [
            -75.568587,
            6.275801
          ],
          [
            -75.568655,
            6.275764
          ],
          [
            -75.568842,
            6.275701
          ],
          [
            -75.568983,
            6.275736
          ],
          [
            -75.570835,
            6.276174
          ],
          [
            -75.571567,
            6.276344
          ],
          [
            -75.571717,
            6.276421
          ],
          [
            -75.571812,
            6.276495
          ],
          [
            -75.571917,
            6.276601
          ],
          [
            -75.572003,
            6.276718
          ],
          [
            -75.572043,
            6.276839
          ],
          [
            -75.57206,
            6.277358
          ],
          [
            -75.572028,
            6.278132
          ],
          [
            -75.572029,
            6.278818
          ],
          [
            -75.571756,
            6.281021
          ],
          [
            -75.571734,
            6.281141
          ],
          [
            -75.571611,
            6.281706
          ],
          [
            -75.571332,
            6.282686
          ],
          [
            -75.570962,
            6.283769
          ],
          [
            -75.570945,
            6.283816
          ],
          [
            -75.570827,
            6.284241
          ],
          [
            -75.570382,
            6.285627
          ],
          [
            -75.570185,
            6.286218
          ],
          [
            -75.570113,
            6.286435
          ],
          [
            -75.569988,
            6.286833
          ],
          [
            -75.569946,
            6.286966
          ],
          [
            -75.569932,
            6.28701
          ],
          [
            -75.569911,
            6.287076
          ],
          [
            -75.569731,
            6.28761
          ],
          [
            -75.569593,
            6.288049
          ],
          [
            -75.569408,
            6.288634
          ],
          [
            -75.569244,
            6.289134
          ],
          [
            -75.569205,
            6.289252
          ],
          [
            -75.56905,
            6.289718
          ],
          [
            -75.568749,
            6.290685
          ],
          [
            -75.568289,
            6.292084
          ],
          [
            -75.568046,
            6.292841
          ],
          [
            -75.567585,
            6.294283
          ],
          [
            -75.567199,
            6.295532
          ],
          [
            -75.567108,
            6.295831
          ],
          [
            -75.567073,
            6.295945
          ],
          [
            -75.566816,
            6.296795
          ],
          [
            -75.566572,
            6.29758
          ],
          [
            -75.566355,
            6.29817
          ],
          [
            -75.566249,
            6.298409
          ],
          [
            -75.566129,
            6.298631
          ],
          [
            -75.566009,
            6.298827
          ],
          [
            -75.565837,
            6.299049
          ],
          [
            -75.565714,
            6.299186
          ],
          [
            -75.564779,
            6.300176
          ],
          [
            -75.564283,
            6.300668
          ],
          [
            -75.56402,
            6.301025
          ],
          [
            -75.563848,
            6.301302
          ],
          [
            -75.563684,
            6.301632
          ],
          [
            -75.563361,
            6.302183
          ],
          [
            -75.563267,
            6.30233
          ],
          [
            -75.56316,
            6.302466
          ],
          [
            -75.563021,
            6.302613
          ],
          [
            -75.562849,
            6.302754
          ],
          [
            -75.562684,
            6.302855
          ],
          [
            -75.562267,
            6.303062
          ],
          [
            -75.561623,
            6.303309
          ],
          [
            -75.561301,
            6.303442
          ],
          [
            -75.561102,
            6.303558
          ],
          [
            -75.560833,
            6.303768
          ],
          [
            -75.560697,
            6.30394
          ],
          [
            -75.560514,
            6.304249
          ],
          [
            -75.560417,
            6.304495
          ],
          [
            -75.560353,
            6.304807
          ],
          [
            -75.560354,
            6.30572
          ],
          [
            -75.560394,
            6.306371
          ],
          [
            -75.560406,
            6.306643
          ],
          [
            -75.560362,
            6.307273
          ],
          [
            -75.560279,
            6.307812
          ],
          [
            -75.560163,
            6.308248
          ],
          [
            -75.560124,
            6.308396
          ],
          [
            -75.559912,
            6.308987
          ],
          [
            -75.559811,
            6.309237
          ],
          [
            -75.55973,
            6.309422
          ],
          [
            -75.559668,
            6.309578
          ],
          [
            -75.559549,
            6.309883
          ],
          [
            -75.559439,
            6.310108
          ],
          [
            -75.559155,
            6.310529
          ],
          [
            -75.55894,
            6.3107
          ],
          [
            -75.558844,
            6.310758
          ],
          [
            -75.55867,
            6.310846
          ],
          [
            -75.558435,
            6.310933
          ],
          [
            -75.558261,
            6.310953
          ],
          [
            -75.558161,
            6.310946
          ],
          [
            -75.557987,
            6.310902
          ],
          [
            -75.557849,
            6.310847
          ],
          [
            -75.557759,
            6.31079
          ],
          [
            -75.557652,
            6.310717
          ],
          [
            -75.556618,
            6.309994
          ],
          [
            -75.556527,
            6.309934
          ],
          [
            -75.556181,
            6.309736
          ],
          [
            -75.555934,
            6.309639
          ],
          [
            -75.555637,
            6.309592
          ],
          [
            -75.555301,
            6.309579
          ],
          [
            -75.555097,
            6.309592
          ],
          [
            -75.554786,
            6.30966
          ],
          [
            -75.554653,
            6.309708
          ],
          [
            -75.553548,
            6.310105
          ],
          [
            -75.552597,
            6.310414
          ],
          [
            -75.552278,
            6.310514
          ],
          [
            -75.551642,
            6.310715
          ],
          [
            -75.551183,
            6.310856
          ],
          [
            -75.550388,
            6.311106
          ],
          [
            -75.55025,
            6.311201
          ],
          [
            -75.550123,
            6.31131
          ],
          [
            -75.550009,
            6.311432
          ],
          [
            -75.549823,
            6.31171
          ],
          [
            -75.54977,
            6.311836
          ],
          [
            -75.549729,
            6.311982
          ],
          [
            -75.549673,
            6.312279
          ],
          [
            -75.549659,
            6.312429
          ],
          [
            -75.549666,
            6.312577
          ],
          [
            -75.5497,
            6.312811
          ],
          [
            -75.549699,
            6.313006
          ],
          [
            -75.549665,
            6.313186
          ],
          [
            -75.549587,
            6.313384
          ],
          [
            -75.54951,
            6.313512
          ],
          [
            -75.548815,
            6.314258
          ],
          [
            -75.547685,
            6.315321
          ],
          [
            -75.547489,
            6.315574
          ],
          [
            -75.547318,
            6.315844
          ],
          [
            -75.547173,
            6.316129
          ],
          [
            -75.547055,
            6.316426
          ],
          [
            -75.546966,
            6.316733
          ],
          [
            -75.546906,
            6.317047
          ],
          [
            -75.546874,
            6.317438
          ],
          [
            -75.546887,
            6.31783
          ],
          [
            -75.547009,
            6.319777
          ],
          [
            -75.547003,
            6.319943
          ],
          [
            -75.546977,
            6.320112
          ],
          [
            -75.546844,
            6.320428
          ],
          [
            -75.546663,
            6.32071
          ],
          [
            -75.546504,
            6.320896
          ],
          [
            -75.546208,
            6.321157
          ],
          [
            -75.545959,
            6.321301
          ],
          [
            -75.545165,
            6.321651
          ],
          [
            -75.54504,
            6.321739
          ],
          [
            -75.544374,
            6.322414
          ],
          [
            -75.54426,
            6.322502
          ],
          [
            -75.544135,
            6.322579
          ],
          [
            -75.543825,
            6.32271
          ],
          [
            -75.543585,
            6.322775
          ],
          [
            -75.542571,
            6.323002
          ],
          [
            -75.541866,
            6.323138
          ],
          [
            -75.541543,
            6.323158
          ],
          [
            -75.541193,
            6.323149
          ],
          [
            -75.540705,
            6.323184
          ],
          [
            -75.540551,
            6.323235
          ],
          [
            -75.539846,
            6.323536
          ],
          [
            -75.539655,
            6.323601
          ],
          [
            -75.539375,
            6.32367
          ],
          [
            -75.538061,
            6.323935
          ],
          [
            -75.538035,
            6.323938
          ],
          [
            -75.537805,
            6.323947
          ],
          [
            -75.537575,
            6.323926
          ],
          [
            -75.537531,
            6.323919
          ],
          [
            -75.536746,
            6.32371
          ],
          [
            -75.535829,
            6.323428
          ],
          [
            -75.535589,
            6.323304
          ],
          [
            -75.535451,
            6.323199
          ],
          [
            -75.535296,
            6.323038
          ],
          [
            -75.532786,
            6.319974
          ],
          [
            -75.532466,
            6.319481
          ],
          [
            -75.532367,
            6.319295
          ],
          [
            -75.532212,
            6.318941
          ],
          [
            -75.532082,
            6.318563
          ],
          [
            -75.532004,
            6.31833
          ],
          [
            -75.53176,
            6.317752
          ],
          [
            -75.531689,
            6.317637
          ],
          [
            -75.531509,
            6.317436
          ],
          [
            -75.531288,
            6.317281
          ],
          [
            -75.531036,
            6.31718
          ],
          [
            -75.530904,
            6.317153
          ],
          [
            -75.530633,
            6.317144
          ],
          [
            -75.530367,
            6.317197
          ],
          [
            -75.530302,
            6.31722
          ],
          [
            -75.530194,
            6.317269
          ],
          [
            -75.529995,
            6.317397
          ],
          [
            -75.529826,
            6.317563
          ],
          [
            -75.529695,
            6.317759
          ],
          [
            -75.529606,
            6.317977
          ],
          [
            -75.529565,
            6.318187
          ],
          [
            -75.529554,
            6.318407
          ],
          [
            -75.529588,
            6.319121
          ],
          [
            -75.529599,
            6.319736
          ],
          [
            -75.52957,
            6.320089
          ],
          [
            -75.52948,
            6.32033
          ],
          [
            -75.529355,
            6.320538
          ],
          [
            -75.529204,
            6.320752
          ],
          [
            -75.52875,
            6.321287
          ],
          [
            -75.528626,
            6.321466
          ],
          [
            -75.528547,
            6.321634
          ],
          [
            -75.528493,
            6.321942
          ],
          [
            -75.528465,
            6.322779
          ],
          [
            -75.528406,
            6.323001
          ],
          [
            -75.528312,
            6.323191
          ],
          [
            -75.528166,
            6.323369
          ],
          [
            -75.527979,
            6.323521
          ],
          [
            -75.527793,
            6.323618
          ],
          [
            -75.527551,
            6.323668
          ],
          [
            -75.527314,
            6.323669
          ],
          [
            -75.527125,
            6.323621
          ],
          [
            -75.525008,
            6.322916
          ],
          [
            -75.524802,
            6.322869
          ],
          [
            -75.524591,
            6.322857
          ],
          [
            -75.524382,
            6.322881
          ],
          [
            -75.524179,
            6.32294
          ],
          [
            -75.523989,
            6.323033
          ],
          [
            -75.523819,
            6.323156
          ],
          [
            -75.523671,
            6.323306
          ],
          [
            -75.523608,
            6.32339
          ],
          [
            -75.523444,
            6.323663
          ],
          [
            -75.523357,
            6.323859
          ],
          [
            -75.523324,
            6.324185
          ],
          [
            -75.523343,
            6.324513
          ],
          [
            -75.523414,
            6.324833
          ],
          [
            -75.523534,
            6.325138
          ],
          [
            -75.523978,
            6.326661
          ],
          [
            -75.523994,
            6.326888
          ],
          [
            -75.523969,
            6.327091
          ],
          [
            -75.523927,
            6.327225
          ],
          [
            -75.523797,
            6.327496
          ],
          [
            -75.523642,
            6.327752
          ],
          [
            -75.523461,
            6.327992
          ],
          [
            -75.523257,
            6.328213
          ],
          [
            -75.523032,
            6.328412
          ],
          [
            -75.522788,
            6.328588
          ],
          [
            -75.522527,
            6.328739
          ],
          [
            -75.521969,
            6.329055
          ],
          [
            -75.521751,
            6.329164
          ],
          [
            -75.521525,
            6.329264
          ],
          [
            -75.520811,
            6.329529
          ],
          [
            -75.520569,
            6.329597
          ],
          [
            -75.520379,
            6.329617
          ],
          [
            -75.520201,
            6.3296
          ],
          [
            -75.519987,
            6.32953
          ],
          [
            -75.519855,
            6.329455
          ],
          [
            -75.519726,
            6.329347
          ],
          [
            -75.519612,
            6.329207
          ],
          [
            -75.519557,
            6.329112
          ],
          [
            -75.519333,
            6.328535
          ],
          [
            -75.51917,
            6.328265
          ],
          [
            -75.518964,
            6.328027
          ],
          [
            -75.518721,
            6.327825
          ],
          [
            -75.518588,
            6.32774
          ],
          [
            -75.518303,
            6.327604
          ],
          [
            -75.518153,
            6.327554
          ],
          [
            -75.518,
            6.327516
          ],
          [
            -75.517686,
            6.327479
          ],
          [
            -75.51737,
            6.327495
          ],
          [
            -75.516613,
            6.327611
          ],
          [
            -75.516136,
            6.327672
          ],
          [
            -75.51558,
            6.327744
          ],
          [
            -75.514519,
            6.32788
          ],
          [
            -75.513738,
            6.328028
          ],
          [
            -75.513613,
            6.328047
          ],
          [
            -75.513456,
            6.328046
          ],
          [
            -75.513267,
            6.32801
          ],
          [
            -75.513165,
            6.327972
          ],
          [
            -75.513012,
            6.327887
          ],
          [
            -75.512919,
            6.327814
          ],
          [
            -75.512108,
            6.326937
          ],
          [
            -75.511992,
            6.326795
          ],
          [
            -75.511911,
            6.326673
          ],
          [
            -75.511861,
            6.326563
          ],
          [
            -75.51182,
            6.326451
          ],
          [
            -75.511788,
            6.326266
          ],
          [
            -75.511787,
            6.326172
          ],
          [
            -75.511874,
            6.325493
          ],
          [
            -75.511888,
            6.325266
          ],
          [
            -75.511855,
            6.324946
          ],
          [
            -75.511821,
            6.324812
          ],
          [
            -75.511756,
            6.324682
          ],
          [
            -75.511552,
            6.324407
          ],
          [
            -75.511442,
            6.324309
          ],
          [
            -75.511226,
            6.324178
          ],
          [
            -75.510058,
            6.323588
          ],
          [
            -75.508459,
            6.322739
          ],
          [
            -75.508175,
            6.322506
          ],
          [
            -75.508064,
            6.322375
          ],
          [
            -75.507996,
            6.32227
          ],
          [
            -75.507864,
            6.321885
          ],
          [
            -75.50781,
            6.321473
          ],
          [
            -75.507742,
            6.320706
          ],
          [
            -75.507753,
            6.320422
          ],
          [
            -75.507821,
            6.320182
          ],
          [
            -75.508304,
            6.31932
          ],
          [
            -75.508376,
            6.319092
          ],
          [
            -75.508394,
            6.318975
          ],
          [
            -75.508391,
            6.318737
          ],
          [
            -75.508371,
            6.318619
          ],
          [
            -75.508294,
            6.318393
          ],
          [
            -75.507563,
            6.317054
          ],
          [
            -75.507425,
            6.316632
          ],
          [
            -75.507399,
            6.316374
          ],
          [
            -75.507392,
            6.316017
          ],
          [
            -75.507443,
            6.315311
          ],
          [
            -75.507492,
            6.314857
          ],
          [
            -75.507467,
            6.314623
          ],
          [
            -75.507428,
            6.314476
          ],
          [
            -75.507381,
            6.314368
          ],
          [
            -75.507182,
            6.314074
          ],
          [
            -75.506124,
            6.312955
          ],
          [
            -75.505698,
            6.312399
          ],
          [
            -75.50546,
            6.312031
          ],
          [
            -75.505154,
            6.311443
          ],
          [
            -75.505072,
            6.311336
          ],
          [
            -75.504906,
            6.311188
          ],
          [
            -75.504782,
            6.311116
          ],
          [
            -75.504647,
            6.311062
          ],
          [
            -75.504451,
            6.311023
          ],
          [
            -75.504341,
            6.31102
          ],
          [
            -75.504186,
            6.311037
          ],
          [
            -75.504055,
            6.311072
          ],
          [
            -75.503954,
            6.311113
          ],
          [
            -75.503755,
            6.311243
          ],
          [
            -75.503589,
            6.311424
          ],
          [
            -75.503511,
            6.31156
          ],
          [
            -75.503436,
            6.311798
          ],
          [
            -75.503424,
            6.312059
          ],
          [
            -75.503439,
            6.312248
          ],
          [
            -75.503528,
            6.31291
          ],
          [
            -75.503545,
            6.313247
          ],
          [
            -75.503527,
            6.313448
          ],
          [
            -75.503453,
            6.313624
          ],
          [
            -75.502725,
            6.315091
          ],
          [
            -75.5026,
            6.315384
          ],
          [
            -75.502548,
            6.315681
          ],
          [
            -75.502456,
            6.316389
          ],
          [
            -75.502376,
            6.316725
          ],
          [
            -75.502231,
            6.31697
          ],
          [
            -75.5021,
            6.317138
          ],
          [
            -75.502006,
            6.317221
          ],
          [
            -75.501872,
            6.317295
          ],
          [
            -75.501609,
            6.317383
          ],
          [
            -75.501491,
            6.317391
          ],
          [
            -75.501212,
            6.317375
          ],
          [
            -75.500989,
            6.317314
          ],
          [
            -75.500659,
            6.317125
          ],
          [
            -75.499608,
            6.316213
          ],
          [
            -75.49924,
            6.315941
          ],
          [
            -75.498396,
            6.315472
          ],
          [
            -75.496309,
            6.314302
          ],
          [
            -75.496191,
            6.314256
          ],
          [
            -75.49596,
            6.314206
          ],
          [
            -75.495735,
            6.314203
          ],
          [
            -75.49562,
            6.314213
          ],
          [
            -75.495525,
            6.314241
          ],
          [
            -75.495281,
            6.314343
          ],
          [
            -75.494817,
            6.314574
          ],
          [
            -75.494522,
            6.314695
          ],
          [
            -75.49437,
            6.314735
          ],
          [
            -75.494081,
            6.314787
          ],
          [
            -75.49301,
            6.314817
          ],
          [
            -75.492892,
            6.314849
          ],
          [
            -75.492762,
            6.314909
          ],
          [
            -75.492589,
            6.315034
          ],
          [
            -75.492456,
            6.315169
          ],
          [
            -75.490573,
            6.317859
          ],
          [
            -75.490449,
            6.318039
          ],
          [
            -75.490326,
            6.318311
          ],
          [
            -75.490209,
            6.318781
          ],
          [
            -75.490127,
            6.319319
          ],
          [
            -75.490082,
            6.319526
          ],
          [
            -75.489999,
            6.319779
          ],
          [
            -75.489912,
            6.319953
          ],
          [
            -75.489741,
            6.320197
          ],
          [
            -75.489671,
            6.320395
          ],
          [
            -75.489652,
            6.32059
          ],
          [
            -75.48966,
            6.320805
          ],
          [
            -75.489698,
            6.321062
          ],
          [
            -75.489959,
            6.321829
          ],
          [
            -75.489984,
            6.322035
          ],
          [
            -75.49,
            6.322397
          ],
          [
            -75.490002,
            6.322683
          ],
          [
            -75.489937,
            6.323376
          ],
          [
            -75.489924,
            6.323839
          ],
          [
            -75.489918,
            6.325766
          ],
          [
            -75.489894,
            6.326213
          ],
          [
            -75.489882,
            6.32772
          ],
          [
            -75.489881,
            6.327795
          ],
          [
            -75.489879,
            6.327986
          ],
          [
            -75.489835,
            6.32852
          ],
          [
            -75.489792,
            6.328759
          ],
          [
            -75.489709,
            6.328913
          ],
          [
            -75.489558,
            6.329123
          ],
          [
            -75.489432,
            6.329248
          ],
          [
            -75.4892,
            6.329373
          ],
          [
            -75.489028,
            6.329444
          ],
          [
            -75.488741,
            6.329513
          ],
          [
            -75.488682,
            6.329528
          ],
          [
            -75.488376,
            6.329586
          ],
          [
            -75.488114,
            6.329619
          ],
          [
            -75.487595,
            6.329592
          ],
          [
            -75.485473,
            6.329588
          ],
          [
            -75.485233,
            6.329568
          ],
          [
            -75.485096,
            6.329538
          ],
          [
            -75.484846,
            6.329458
          ],
          [
            -75.484622,
            6.329337
          ],
          [
            -75.484406,
            6.329164
          ],
          [
            -75.484228,
            6.328983
          ],
          [
            -75.483875,
            6.328577
          ],
          [
            -75.483401,
            6.328086
          ],
          [
            -75.48321,
            6.327848
          ],
          [
            -75.483075,
            6.327706
          ],
          [
            -75.482992,
            6.327651
          ],
          [
            -75.482775,
            6.327548
          ],
          [
            -75.482664,
            6.32752
          ],
          [
            -75.482412,
            6.327518
          ],
          [
            -75.482298,
            6.327538
          ],
          [
            -75.481987,
            6.327634
          ],
          [
            -75.481636,
            6.327776
          ],
          [
            -75.481013,
            6.328074
          ],
          [
            -75.480456,
            6.328419
          ],
          [
            -75.480156,
            6.328587
          ],
          [
            -75.479963,
            6.328649
          ],
          [
            -75.479731,
            6.328693
          ],
          [
            -75.479535,
            6.328703
          ],
          [
            -75.479259,
            6.328673
          ],
          [
            -75.478997,
            6.328602
          ],
          [
            -75.478787,
            6.328517
          ],
          [
            -75.478415,
            6.328297
          ],
          [
            -75.477518,
            6.32769
          ],
          [
            -75.477224,
            6.327476
          ],
          [
            -75.476674,
            6.327119
          ],
          [
            -75.476232,
            6.32687
          ],
          [
            -75.474767,
            6.326408
          ],
          [
            -75.474533,
            6.326273
          ],
          [
            -75.474445,
            6.326212
          ],
          [
            -75.473505,
            6.32521
          ],
          [
            -75.473397,
            6.325108
          ],
          [
            -75.473223,
            6.324988
          ],
          [
            -75.473056,
            6.324916
          ],
          [
            -75.47283,
            6.324904
          ],
          [
            -75.472206,
            6.325054
          ],
          [
            -75.471963,
            6.325089
          ],
          [
            -75.471766,
            6.325075
          ],
          [
            -75.471577,
            6.325026
          ],
          [
            -75.471315,
            6.324907
          ],
          [
            -75.471242,
            6.324859
          ],
          [
            -75.470705,
            6.324377
          ],
          [
            -75.470451,
            6.324125
          ],
          [
            -75.470289,
            6.324011
          ],
          [
            -75.469935,
            6.32385
          ],
          [
            -75.468623,
            6.323408
          ],
          [
            -75.46711,
            6.322879
          ],
          [
            -75.466019,
            6.322475
          ],
          [
            -75.464895,
            6.322079
          ],
          [
            -75.464455,
            6.321789
          ],
          [
            -75.464331,
            6.321689
          ],
          [
            -75.464043,
            6.321405
          ],
          [
            -75.463892,
            6.321147
          ],
          [
            -75.463825,
            6.320983
          ],
          [
            -75.463782,
            6.320838
          ],
          [
            -75.463756,
            6.320685
          ],
          [
            -75.463748,
            6.320369
          ],
          [
            -75.463761,
            6.320214
          ],
          [
            -75.463799,
            6.320028
          ],
          [
            -75.463871,
            6.319787
          ],
          [
            -75.46406,
            6.319281
          ],
          [
            -75.464194,
            6.318936
          ],
          [
            -75.464297,
            6.318603
          ],
          [
            -75.464331,
            6.318407
          ],
          [
            -75.46434,
            6.318228
          ],
          [
            -75.464336,
            6.317861
          ],
          [
            -75.464293,
            6.317662
          ],
          [
            -75.46423,
            6.317458
          ],
          [
            -75.463956,
            6.316744
          ],
          [
            -75.463839,
            6.316448
          ],
          [
            -75.463736,
            6.316175
          ],
          [
            -75.463633,
            6.31597
          ],
          [
            -75.463401,
            6.315475
          ],
          [
            -75.463169,
            6.314916
          ],
          [
            -75.463032,
            6.314622
          ],
          [
            -75.462852,
            6.314315
          ],
          [
            -75.462758,
            6.314187
          ],
          [
            -75.461487,
            6.312831
          ],
          [
            -75.461247,
            6.312515
          ],
          [
            -75.461075,
            6.312199
          ],
          [
            -75.460981,
            6.311986
          ],
          [
            -75.460921,
            6.311799
          ],
          [
            -75.460569,
            6.310289
          ],
          [
            -75.460423,
            6.309785
          ],
          [
            -75.46011,
            6.308843
          ],
          [
            -75.459189,
            6.306355
          ],
          [
            -75.459142,
            6.306229
          ],
          [
            -75.459138,
            6.306218
          ],
          [
            -75.459399,
            6.306124
          ],
          [
            -75.459329,
            6.306201
          ],
          [
            -75.459231,
            6.306247
          ],
          [
            -75.459079,
            6.306267
          ],
          [
            -75.458935,
            6.306234
          ],
          [
            -75.458868,
            6.306193
          ],
          [
            -75.458802,
            6.30608
          ],
          [
            -75.458624,
            6.305866
          ],
          [
            -75.45834,
            6.30563
          ],
          [
            -75.457409,
            6.304797
          ],
          [
            -75.457032,
            6.304487
          ],
          [
            -75.456955,
            6.304473
          ],
          [
            -75.456902,
            6.304484
          ],
          [
            -75.456864,
            6.304296
          ],
          [
            -75.456809,
            6.304162
          ],
          [
            -75.456756,
            6.304089
          ],
          [
            -75.456595,
            6.303949
          ],
          [
            -75.456487,
            6.303825
          ],
          [
            -75.456447,
            6.30375
          ],
          [
            -75.456402,
            6.303594
          ],
          [
            -75.456356,
            6.303336
          ],
          [
            -75.456322,
            6.303234
          ],
          [
            -75.455951,
            6.302614
          ],
          [
            -75.455822,
            6.302448
          ],
          [
            -75.455377,
            6.302015
          ],
          [
            -75.45504,
            6.30155
          ],
          [
            -75.454942,
            6.301462
          ],
          [
            -75.454739,
            6.301313
          ],
          [
            -75.454616,
            6.301198
          ],
          [
            -75.454517,
            6.301074
          ],
          [
            -75.454456,
            6.300986
          ],
          [
            -75.454401,
            6.300873
          ],
          [
            -75.454281,
            6.300459
          ],
          [
            -75.454079,
            6.299293
          ],
          [
            -75.454026,
            6.299125
          ],
          [
            -75.453952,
            6.298955
          ],
          [
            -75.453845,
            6.298677
          ],
          [
            -75.453632,
            6.298238
          ],
          [
            -75.45333,
            6.297587
          ],
          [
            -75.45303,
            6.297259
          ],
          [
            -75.45258,
            6.296678
          ],
          [
            -75.452422,
            6.296499
          ],
          [
            -75.452257,
            6.296326
          ],
          [
            -75.452017,
            6.296132
          ],
          [
            -75.451937,
            6.296032
          ],
          [
            -75.4516,
            6.295394
          ],
          [
            -75.451451,
            6.294924
          ],
          [
            -75.451406,
            6.29483
          ],
          [
            -75.4513,
            6.294693
          ],
          [
            -75.451051,
            6.294261
          ],
          [
            -75.450854,
            6.293885
          ],
          [
            -75.450502,
            6.293315
          ],
          [
            -75.450507,
            6.293115
          ],
          [
            -75.450483,
            6.293044
          ],
          [
            -75.450207,
            6.29269
          ],
          [
            -75.449957,
            6.292358
          ],
          [
            -75.449907,
            6.292263
          ],
          [
            -75.449879,
            6.292183
          ],
          [
            -75.449806,
            6.291635
          ],
          [
            -75.449751,
            6.291518
          ],
          [
            -75.449603,
            6.291301
          ],
          [
            -75.449548,
            6.291243
          ],
          [
            -75.448917,
            6.290921
          ],
          [
            -75.448822,
            6.29082
          ],
          [
            -75.448697,
            6.290652
          ],
          [
            -75.448698,
            6.290291
          ],
          [
            -75.44868,
            6.290176
          ],
          [
            -75.448622,
            6.290045
          ],
          [
            -75.448526,
            6.289901
          ],
          [
            -75.448393,
            6.289701
          ],
          [
            -75.44835,
            6.289608
          ],
          [
            -75.448323,
            6.289526
          ],
          [
            -75.448316,
            6.289436
          ],
          [
            -75.448339,
            6.289296
          ],
          [
            -75.44849,
            6.288801
          ],
          [
            -75.44853,
            6.288616
          ],
          [
            -75.448549,
            6.288372
          ],
          [
            -75.448567,
            6.287772
          ],
          [
            -75.448554,
            6.28769
          ],
          [
            -75.448514,
            6.287597
          ],
          [
            -75.448409,
            6.28741
          ],
          [
            -75.448857,
            6.287328
          ],
          [
            -75.448986,
            6.287436
          ],
          [
            -75.449011,
            6.287683
          ],
          [
            -75.449001,
            6.287851
          ],
          [
            -75.448928,
            6.288267
          ],
          [
            -75.448904,
            6.288551
          ],
          [
            -75.448827,
            6.288897
          ],
          [
            -75.448804,
            6.289103
          ],
          [
            -75.448798,
            6.289325
          ],
          [
            -75.448811,
            6.289547
          ],
          [
            -75.448884,
            6.289947
          ],
          [
            -75.449031,
            6.290355
          ],
          [
            -75.449147,
            6.290579
          ],
          [
            -75.449274,
            6.290776
          ],
          [
            -75.449647,
            6.291237
          ],
          [
            -75.449837,
            6.291518
          ],
          [
            -75.449936,
            6.291716
          ],
          [
            -75.450081,
            6.292195
          ],
          [
            -75.450171,
            6.292383
          ],
          [
            -75.450285,
            6.292555
          ],
          [
            -75.450637,
            6.293042
          ],
          [
            -75.450685,
            6.293088
          ],
          [
            -75.450748,
            6.293111
          ],
          [
            -75.450814,
            6.293105
          ],
          [
            -75.450873,
            6.293074
          ],
          [
            -75.450913,
            6.293021
          ],
          [
            -75.450927,
            6.292956
          ],
          [
            -75.450897,
            6.292857
          ],
          [
            -75.450496,
            6.292329
          ],
          [
            -75.449922,
            6.291487
          ],
          [
            -75.449502,
            6.29085
          ],
          [
            -75.449335,
            6.290611
          ],
          [
            -75.449216,
            6.290397
          ],
          [
            -75.44913,
            6.290205
          ],
          [
            -75.449063,
            6.290017
          ],
          [
            -75.449002,
            6.289787
          ],
          [
            -75.448964,
            6.289565
          ],
          [
            -75.448944,
            6.289182
          ],
          [
            -75.448958,
            6.288961
          ],
          [
            -75.449151,
            6.287956
          ],
          [
            -75.449204,
            6.287625
          ],
          [
            -75.449215,
            6.287509
          ],
          [
            -75.449228,
            6.287322
          ],
          [
            -75.449208,
            6.287045
          ],
          [
            -75.449183,
            6.286936
          ],
          [
            -75.44911,
            6.286655
          ],
          [
            -75.44845,
            6.284891
          ],
          [
            -75.448121,
            6.283972
          ],
          [
            -75.447818,
            6.283141
          ],
          [
            -75.447756,
            6.282964
          ],
          [
            -75.447641,
            6.282656
          ],
          [
            -75.447411,
            6.281785
          ],
          [
            -75.447308,
            6.281103
          ],
          [
            -75.447264,
            6.280505
          ],
          [
            -75.447223,
            6.279898
          ],
          [
            -75.44722,
            6.27985
          ],
          [
            -75.447128,
            6.27932
          ],
          [
            -75.447008,
            6.278936
          ],
          [
            -75.446853,
            6.278578
          ],
          [
            -75.44672,
            6.278332
          ],
          [
            -75.446537,
            6.278086
          ],
          [
            -75.446341,
            6.277841
          ],
          [
            -75.446198,
            6.277693
          ],
          [
            -75.445861,
            6.277389
          ],
          [
            -75.445636,
            6.277219
          ],
          [
            -75.445243,
            6.277022
          ],
          [
            -75.444976,
            6.276911
          ],
          [
            -75.444436,
            6.276758
          ],
          [
            -75.443723,
            6.276587
          ],
          [
            -75.443191,
            6.276442
          ],
          [
            -75.442925,
            6.276348
          ],
          [
            -75.442565,
            6.276186
          ],
          [
            -75.442377,
            6.276087
          ],
          [
            -75.442259,
            6.276004
          ],
          [
            -75.442017,
            6.275856
          ],
          [
            -75.441605,
            6.275541
          ],
          [
            -75.441382,
            6.275336
          ],
          [
            -75.441185,
            6.275131
          ],
          [
            -75.441174,
            6.275018
          ],
          [
            -75.441185,
            6.274959
          ],
          [
            -75.441269,
            6.274815
          ],
          [
            -75.441324,
            6.27476
          ],
          [
            -75.441089,
            6.274808
          ],
          [
            -75.441002,
            6.274807
          ],
          [
            -75.440901,
            6.27478
          ],
          [
            -75.440425,
            6.274117
          ],
          [
            -75.439373,
            6.272657
          ],
          [
            -75.438893,
            6.271921
          ],
          [
            -75.438718,
            6.271608
          ],
          [
            -75.437903,
            6.269892
          ],
          [
            -75.437837,
            6.26975
          ],
          [
            -75.437679,
            6.269377
          ],
          [
            -75.437619,
            6.269185
          ],
          [
            -75.437535,
            6.268777
          ],
          [
            -75.437514,
            6.268553
          ],
          [
            -75.437522,
            6.268103
          ],
          [
            -75.43756,
            6.267838
          ],
          [
            -75.437822,
            6.266651
          ],
          [
            -75.437974,
            6.265969
          ],
          [
            -75.438592,
            6.263357
          ],
          [
            -75.438665,
            6.262723
          ],
          [
            -75.438669,
            6.26254
          ],
          [
            -75.438575,
            6.261967
          ],
          [
            -75.438455,
            6.261566
          ],
          [
            -75.438317,
            6.261233
          ],
          [
            -75.438141,
            6.260938
          ],
          [
            -75.43785,
            6.260542
          ],
          [
            -75.437637,
            6.260294
          ],
          [
            -75.435865,
            6.258508
          ],
          [
            -75.435411,
            6.258045
          ],
          [
            -75.435102,
            6.257678
          ],
          [
            -75.434596,
            6.257029
          ],
          [
            -75.434201,
            6.256441
          ],
          [
            -75.433437,
            6.255163
          ],
          [
            -75.433154,
            6.254736
          ],
          [
            -75.432656,
            6.25419
          ],
          [
            -75.432339,
            6.253925
          ],
          [
            -75.432027,
            6.253717
          ],
          [
            -75.431738,
            6.253559
          ],
          [
            -75.431448,
            6.253437
          ],
          [
            -75.430912,
            6.253261
          ],
          [
            -75.430746,
            6.25321
          ],
          [
            -75.429515,
            6.252833
          ],
          [
            -75.428553,
            6.252523
          ],
          [
            -75.42668,
            6.251953
          ],
          [
            -75.42641,
            6.251859
          ],
          [
            -75.426022,
            6.251666
          ],
          [
            -75.425844,
            6.251561
          ],
          [
            -75.425491,
            6.251289
          ],
          [
            -75.425174,
            6.250969
          ],
          [
            -75.425035,
            6.250794
          ],
          [
            -75.423683,
            6.248061
          ],
          [
            -75.423039,
            6.246792
          ],
          [
            -75.422825,
            6.246458
          ],
          [
            -75.422547,
            6.246127
          ],
          [
            -75.422319,
            6.245915
          ],
          [
            -75.421998,
            6.245673
          ],
          [
            -75.421209,
            6.245232
          ],
          [
            -75.420776,
            6.245006
          ],
          [
            -75.420561,
            6.244869
          ],
          [
            -75.420075,
            6.244511
          ],
          [
            -75.419886,
            6.244372
          ],
          [
            -75.419556,
            6.244152
          ],
          [
            -75.419291,
            6.244042
          ],
          [
            -75.419148,
            6.243991
          ],
          [
            -75.418367,
            6.243713
          ],
          [
            -75.418013,
            6.243564
          ],
          [
            -75.417425,
            6.243248
          ],
          [
            -75.417143,
            6.243058
          ],
          [
            -75.417019,
            6.242981
          ],
          [
            -75.416856,
            6.242851
          ],
          [
            -75.416704,
            6.24271
          ],
          [
            -75.416547,
            6.242535
          ],
          [
            -75.416277,
            6.242152
          ],
          [
            -75.416174,
            6.241962
          ],
          [
            -75.415765,
            6.241225
          ],
          [
            -75.415419,
            6.240606
          ],
          [
            -75.414996,
            6.239815
          ],
          [
            -75.414378,
            6.238691
          ],
          [
            -75.413468,
            6.23703
          ],
          [
            -75.413011,
            6.236205
          ],
          [
            -75.412742,
            6.235719
          ],
          [
            -75.412008,
            6.23439
          ],
          [
            -75.411833,
            6.234072
          ],
          [
            -75.411744,
            6.23391
          ],
          [
            -75.411662,
            6.233763
          ],
          [
            -75.410532,
            6.23169
          ],
          [
            -75.410436,
            6.231536
          ],
          [
            -75.409868,
            6.230608
          ],
          [
            -75.409568,
            6.230245
          ],
          [
            -75.409152,
            6.229935
          ],
          [
            -75.408781,
            6.229674
          ],
          [
            -75.408432,
            6.229526
          ],
          [
            -75.407985,
            6.229414
          ],
          [
            -75.406566,
            6.229224
          ],
          [
            -75.405064,
            6.22901
          ],
          [
            -75.404244,
            6.22892
          ],
          [
            -75.40398,
            6.228871
          ],
          [
            -75.40264,
            6.228704
          ],
          [
            -75.401152,
            6.228506
          ],
          [
            -75.400401,
            6.228409
          ],
          [
            -75.398871,
            6.228209
          ],
          [
            -75.398358,
            6.228138
          ],
          [
            -75.397773,
            6.228057
          ],
          [
            -75.397382,
            6.227976
          ],
          [
            -75.397001,
            6.227834
          ],
          [
            -75.39665,
            6.227656
          ],
          [
            -75.396398,
            6.227488
          ],
          [
            -75.39554,
            6.22679
          ],
          [
            -75.395044,
            6.226288
          ],
          [
            -75.394705,
            6.225911
          ],
          [
            -75.394591,
            6.225804
          ],
          [
            -75.39422,
            6.225521
          ],
          [
            -75.393301,
            6.225055
          ],
          [
            -75.392931,
            6.224785
          ],
          [
            -75.391894,
            6.223928
          ],
          [
            -75.39172,
            6.223765
          ],
          [
            -75.391557,
            6.223572
          ],
          [
            -75.391264,
            6.223177
          ],
          [
            -75.391167,
            6.223064
          ],
          [
            -75.390911,
            6.222813
          ],
          [
            -75.390756,
            6.222697
          ],
          [
            -75.390232,
            6.222371
          ],
          [
            -75.390071,
            6.222254
          ],
          [
            -75.389801,
            6.221967
          ],
          [
            -75.389528,
            6.221646
          ],
          [
            -75.388897,
            6.220756
          ],
          [
            -75.387702,
            6.218698
          ],
          [
            -75.387481,
            6.218287
          ],
          [
            -75.386943,
            6.217409
          ],
          [
            -75.386322,
            6.216535
          ],
          [
            -75.385903,
            6.21595
          ],
          [
            -75.385294,
            6.215123
          ],
          [
            -75.384965,
            6.214581
          ],
          [
            -75.38453,
            6.213583
          ],
          [
            -75.38435,
            6.213062
          ],
          [
            -75.384042,
            6.212175
          ],
          [
            -75.383208,
            6.209665
          ],
          [
            -75.382942,
            6.208795
          ],
          [
            -75.382864,
            6.208508
          ],
          [
            -75.382752,
            6.208073
          ],
          [
            -75.382683,
            6.207576
          ],
          [
            -75.382662,
            6.207361
          ],
          [
            -75.382606,
            6.206839
          ],
          [
            -75.382431,
            6.204968
          ],
          [
            -75.382401,
            6.204656
          ],
          [
            -75.382385,
            6.204363
          ],
          [
            -75.382352,
            6.203424
          ],
          [
            -75.382381,
            6.202492
          ],
          [
            -75.382407,
            6.202093
          ],
          [
            -75.382443,
            6.201247
          ],
          [
            -75.382457,
            6.201115
          ],
          [
            -75.382517,
            6.200789
          ],
          [
            -75.382649,
            6.200344
          ],
          [
            -75.382695,
            6.200173
          ],
          [
            -75.382733,
            6.199894
          ],
          [
            -75.382735,
            6.199662
          ],
          [
            -75.38273,
            6.199642
          ],
          [
            -75.382647,
            6.199291
          ],
          [
            -75.382551,
            6.198512
          ],
          [
            -75.382554,
            6.198454
          ],
          [
            -75.382597,
            6.197647
          ],
          [
            -75.38268,
            6.195834
          ],
          [
            -75.382728,
            6.194816
          ],
          [
            -75.382685,
            6.194259
          ],
          [
            -75.382548,
            6.1938
          ],
          [
            -75.382075,
            6.192573
          ],
          [
            -75.381522,
            6.19115
          ],
          [
            -75.38106,
            6.189958
          ],
          [
            -75.380789,
            6.189334
          ],
          [
            -75.380511,
            6.188696
          ],
          [
            -75.380392,
            6.188477
          ],
          [
            -75.380006,
            6.187811
          ],
          [
            -75.379751,
            6.187549
          ],
          [
            -75.37959,
            6.187384
          ],
          [
            -75.378889,
            6.186885
          ],
          [
            -75.378286,
            6.186449
          ],
          [
            -75.377651,
            6.186047
          ],
          [
            -75.377392,
            6.185866
          ],
          [
            -75.377369,
            6.185851
          ],
          [
            -75.377229,
            6.185759
          ],
          [
            -75.377011,
            6.185613
          ],
          [
            -75.376856,
            6.185516
          ],
          [
            -75.37648,
            6.185263
          ],
          [
            -75.376379,
            6.185192
          ],
          [
            -75.376275,
            6.185118
          ],
          [
            -75.376015,
            6.184943
          ],
          [
            -75.37349,
            6.183244
          ],
          [
            -75.372808,
            6.182789
          ],
          [
            -75.371499,
            6.181906
          ],
          [
            -75.369499,
            6.180582
          ],
          [
            -75.369089,
            6.18029
          ],
          [
            -75.369008,
            6.180233
          ],
          [
            -75.368616,
            6.179957
          ],
          [
            -75.368256,
            6.179706
          ],
          [
            -75.367995,
            6.179529
          ],
          [
            -75.367547,
            6.179323
          ],
          [
            -75.367037,
            6.179158
          ],
          [
            -75.366776,
            6.179099
          ],
          [
            -75.366526,
            6.179074
          ],
          [
            -75.366193,
            6.179085
          ],
          [
            -75.365923,
            6.179127
          ],
          [
            -75.365766,
            6.179161
          ],
          [
            -75.365,
            6.179323
          ],
          [
            -75.364275,
            6.179462
          ],
          [
            -75.364071,
            6.179475
          ],
          [
            -75.363563,
            6.179468
          ],
          [
            -75.363318,
            6.17943
          ],
          [
            -75.3631,
            6.179376
          ],
          [
            -75.362845,
            6.179294
          ],
          [
            -75.362281,
            6.179079
          ],
          [
            -75.362013,
            6.178977
          ],
          [
            -75.361447,
            6.178761
          ],
          [
            -75.36108,
            6.178595
          ],
          [
            -75.361019,
            6.17856
          ],
          [
            -75.360795,
            6.178397
          ],
          [
            -75.360753,
            6.178321
          ],
          [
            -75.360686,
            6.178266
          ],
          [
            -75.36056,
            6.178236
          ],
          [
            -75.360525,
            6.17824
          ],
          [
            -75.360459,
            6.178263
          ],
          [
            -75.360223,
            6.178233
          ],
          [
            -75.358878,
            6.177769
          ],
          [
            -75.357971,
            6.177445
          ],
          [
            -75.35773,
            6.177359
          ],
          [
            -75.357564,
            6.177308
          ],
          [
            -75.356487,
            6.176906
          ],
          [
            -75.356401,
            6.176874
          ],
          [
            -75.35482,
            6.176317
          ],
          [
            -75.353895,
            6.175981
          ],
          [
            -75.352936,
            6.17566
          ],
          [
            -75.352101,
            6.175392
          ],
          [
            -75.35148,
            6.175194
          ],
          [
            -75.350161,
            6.174781
          ],
          [
            -75.349739,
            6.174649
          ],
          [
            -75.349512,
            6.174578
          ],
          [
            -75.349275,
            6.174504
          ],
          [
            -75.348435,
            6.174233
          ],
          [
            -75.348055,
            6.174089
          ],
          [
            -75.347853,
            6.173981
          ],
          [
            -75.347659,
            6.173854
          ],
          [
            -75.346763,
            6.173173
          ],
          [
            -75.346501,
            6.172976
          ],
          [
            -75.346101,
            6.17273
          ],
          [
            -75.345853,
            6.172595
          ],
          [
            -75.345549,
            6.172481
          ],
          [
            -75.345086,
            6.172351
          ],
          [
            -75.344134,
            6.172148
          ],
          [
            -75.343808,
            6.172063
          ],
          [
            -75.34338,
            6.17191
          ],
          [
            -75.342995,
            6.171704
          ],
          [
            -75.342624,
            6.171451
          ],
          [
            -75.342439,
            6.171323
          ],
          [
            -75.341472,
            6.170511
          ],
          [
            -75.341272,
            6.170341
          ],
          [
            -75.341226,
            6.170302
          ],
          [
            -75.340909,
            6.170051
          ],
          [
            -75.339758,
            6.169241
          ],
          [
            -75.33881,
            6.168569
          ],
          [
            -75.338498,
            6.168389
          ],
          [
            -75.338285,
            6.168278
          ],
          [
            -75.338161,
            6.168223
          ],
          [
            -75.337785,
            6.168069
          ],
          [
            -75.337549,
            6.167979
          ],
          [
            -75.337171,
            6.167866
          ],
          [
            -75.336901,
            6.167818
          ],
          [
            -75.3365,
            6.167797
          ],
          [
            -75.336126,
            6.167788
          ],
          [
            -75.335733,
            6.167816
          ],
          [
            -75.33468,
            6.168006
          ],
          [
            -75.334374,
            6.168034
          ],
          [
            -75.334299,
            6.168031
          ],
          [
            -75.334232,
            6.168028
          ],
          [
            -75.333909,
            6.168016
          ],
          [
            -75.333397,
            6.167946
          ],
          [
            -75.333246,
            6.167943
          ],
          [
            -75.33309,
            6.167968
          ],
          [
            -75.332903,
            6.16801
          ],
          [
            -75.33256,
            6.168164
          ],
          [
            -75.332378,
            6.168266
          ],
          [
            -75.332219,
            6.168329
          ],
          [
            -75.331997,
            6.168425
          ],
          [
            -75.331564,
            6.16853
          ],
          [
            -75.331141,
            6.168593
          ],
          [
            -75.330848,
            6.168608
          ],
          [
            -75.330414,
            6.168588
          ],
          [
            -75.329709,
            6.168483
          ],
          [
            -75.329063,
            6.168409
          ],
          [
            -75.328548,
            6.168308
          ],
          [
            -75.328078,
            6.168172
          ],
          [
            -75.327642,
            6.168076
          ],
          [
            -75.32725,
            6.168037
          ],
          [
            -75.326873,
            6.168035
          ],
          [
            -75.32643,
            6.168029
          ],
          [
            -75.32608,
            6.168037
          ],
          [
            -75.325816,
            6.168026
          ],
          [
            -75.325571,
            6.168005
          ],
          [
            -75.325271,
            6.167956
          ],
          [
            -75.324934,
            6.167873
          ],
          [
            -75.324554,
            6.167746
          ],
          [
            -75.32389,
            6.167551
          ],
          [
            -75.323468,
            6.167385
          ],
          [
            -75.322019,
            6.166913
          ],
          [
            -75.32183,
            6.166866
          ],
          [
            -75.321185,
            6.166599
          ],
          [
            -75.320995,
            6.166497
          ],
          [
            -75.320674,
            6.166261
          ],
          [
            -75.320393,
            6.165982
          ],
          [
            -75.320099,
            6.165556
          ],
          [
            -75.319904,
            6.165214
          ],
          [
            -75.319789,
            6.16489
          ],
          [
            -75.319509,
            6.16329
          ],
          [
            -75.319318,
            6.162218
          ],
          [
            -75.319243,
            6.161855
          ],
          [
            -75.319008,
            6.161241
          ],
          [
            -75.31875,
            6.160702
          ],
          [
            -75.318409,
            6.160065
          ],
          [
            -75.317861,
            6.159333
          ],
          [
            -75.317562,
            6.158972
          ],
          [
            -75.317309,
            6.15861
          ],
          [
            -75.316922,
            6.157977
          ],
          [
            -75.316852,
            6.157851
          ],
          [
            -75.316586,
            6.15748
          ],
          [
            -75.316396,
            6.15728
          ],
          [
            -75.316183,
            6.157099
          ],
          [
            -75.316157,
            6.157079
          ],
          [
            -75.315668,
            6.156717
          ],
          [
            -75.315504,
            6.156547
          ],
          [
            -75.314787,
            6.155711
          ],
          [
            -75.314106,
            6.154916
          ],
          [
            -75.313357,
            6.154031
          ],
          [
            -75.313015,
            6.153363
          ],
          [
            -75.312886,
            6.152978
          ],
          [
            -75.312816,
            6.152395
          ],
          [
            -75.312825,
            6.151966
          ],
          [
            -75.312837,
            6.151594
          ],
          [
            -75.312861,
            6.150851
          ],
          [
            -75.312863,
            6.150766
          ],
          [
            -75.312871,
            6.150518
          ],
          [
            -75.312849,
            6.150056
          ],
          [
            -75.312743,
            6.149649
          ],
          [
            -75.312572,
            6.149211
          ],
          [
            -75.31237,
            6.148846
          ],
          [
            -75.312281,
            6.148715
          ],
          [
            -75.311975,
            6.148335
          ],
          [
            -75.311349,
            6.147627
          ],
          [
            -75.311267,
            6.14753
          ],
          [
            -75.310896,
            6.147107
          ],
          [
            -75.310782,
            6.146964
          ],
          [
            -75.31056,
            6.146603
          ],
          [
            -75.310162,
            6.14599
          ],
          [
            -75.309916,
            6.145656
          ],
          [
            -75.309586,
            6.145307
          ],
          [
            -75.309366,
            6.145124
          ],
          [
            -75.308625,
            6.14452
          ],
          [
            -75.308157,
            6.144044
          ],
          [
            -75.306316,
            6.141969
          ],
          [
            -75.306123,
            6.14177
          ],
          [
            -75.305912,
            6.141587
          ],
          [
            -75.305687,
            6.141424
          ],
          [
            -75.305448,
            6.14128
          ],
          [
            -75.305119,
            6.141123
          ],
          [
            -75.304775,
            6.141004
          ],
          [
            -75.304419,
            6.140924
          ],
          [
            -75.304073,
            6.140886
          ],
          [
            -75.303725,
            6.140884
          ],
          [
            -75.303379,
            6.140919
          ],
          [
            -75.302732,
            6.141064
          ],
          [
            -75.301973,
            6.141184
          ],
          [
            -75.301644,
            6.141204
          ],
          [
            -75.301315,
            6.141195
          ],
          [
            -75.300661,
            6.141143
          ],
          [
            -75.300018,
            6.140985
          ],
          [
            -75.299298,
            6.140607
          ],
          [
            -75.298939,
            6.140268
          ],
          [
            -75.298595,
            6.139823
          ],
          [
            -75.298013,
            6.139004
          ],
          [
            -75.297969,
            6.138941
          ],
          [
            -75.296306,
            6.136566
          ],
          [
            -75.29595,
            6.136155
          ],
          [
            -75.295558,
            6.135777
          ],
          [
            -75.295287,
            6.135551
          ],
          [
            -75.294842,
            6.135234
          ],
          [
            -75.294609,
            6.135091
          ],
          [
            -75.294569,
            6.135068
          ],
          [
            -75.29416,
            6.134853
          ],
          [
            -75.293735,
            6.13467
          ],
          [
            -75.292321,
            6.134244
          ],
          [
            -75.290913,
            6.133811
          ],
          [
            -75.290253,
            6.133686
          ],
          [
            -75.289784,
            6.133668
          ],
          [
            -75.289261,
            6.133739
          ],
          [
            -75.288997,
            6.133815
          ],
          [
            -75.288808,
            6.13387
          ],
          [
            -75.288478,
            6.134032
          ],
          [
            -75.287761,
            6.134516
          ],
          [
            -75.287091,
            6.134973
          ],
          [
            -75.286721,
            6.135292
          ],
          [
            -75.28657,
            6.135437
          ],
          [
            -75.286139,
            6.13594
          ],
          [
            -75.285943,
            6.136152
          ],
          [
            -75.285711,
            6.13634
          ],
          [
            -75.285472,
            6.136495
          ],
          [
            -75.285238,
            6.136605
          ],
          [
            -75.284971,
            6.136698
          ],
          [
            -75.284167,
            6.136876
          ],
          [
            -75.282924,
            6.137148
          ],
          [
            -75.282009,
            6.137274
          ],
          [
            -75.281818,
            6.137286
          ],
          [
            -75.281382,
            6.137279
          ],
          [
            -75.28088,
            6.13722
          ],
          [
            -75.280659,
            6.137177
          ],
          [
            -75.280054,
            6.136998
          ],
          [
            -75.279882,
            6.136926
          ],
          [
            -75.27889,
            6.136439
          ],
          [
            -75.278335,
            6.136122
          ],
          [
            -75.277792,
            6.13584
          ],
          [
            -75.276091,
            6.134906
          ],
          [
            -75.275818,
            6.13474
          ],
          [
            -75.275396,
            6.134569
          ],
          [
            -75.2752,
            6.134521
          ],
          [
            -75.274949,
            6.13445
          ],
          [
            -75.274633,
            6.134406
          ],
          [
            -75.274182,
            6.13438
          ],
          [
            -75.272473,
            6.134441
          ],
          [
            -75.272025,
            6.134435
          ],
          [
            -75.271335,
            6.134468
          ],
          [
            -75.271272,
            6.134458
          ],
          [
            -75.271192,
            6.134404
          ],
          [
            -75.271168,
            6.13437
          ],
          [
            -75.27114,
            6.134426
          ],
          [
            -75.271089,
            6.134473
          ],
          [
            -75.271033,
            6.134501
          ],
          [
            -75.270541,
            6.134654
          ],
          [
            -75.270438,
            6.134739
          ],
          [
            -75.270347,
            6.134852
          ],
          [
            -75.269396,
            6.135123
          ],
          [
            -75.269295,
            6.13515
          ],
          [
            -75.269008,
            6.135198
          ],
          [
            -75.26877,
            6.13521
          ],
          [
            -75.268412,
            6.135201
          ],
          [
            -75.268218,
            6.135188
          ],
          [
            -75.267847,
            6.135567
          ],
          [
            -75.267735,
            6.135807
          ],
          [
            -75.26766,
            6.136055
          ],
          [
            -75.267625,
            6.136141
          ],
          [
            -75.267579,
            6.136223
          ],
          [
            -75.267371,
            6.136386
          ],
          [
            -75.267287,
            6.136517
          ],
          [
            -75.267001,
            6.136964
          ],
          [
            -75.266918,
            6.137048
          ],
          [
            -75.266872,
            6.137035
          ],
          [
            -75.266825,
            6.137045
          ],
          [
            -75.266789,
            6.137078
          ],
          [
            -75.266729,
            6.137037
          ],
          [
            -75.266622,
            6.137033
          ],
          [
            -75.266291,
            6.137076
          ],
          [
            -75.265976,
            6.137141
          ],
          [
            -75.265863,
            6.137223
          ],
          [
            -75.26564,
            6.137381
          ],
          [
            -75.265479,
            6.137464
          ],
          [
            -75.265286,
            6.137475
          ],
          [
            -75.264145,
            6.137163
          ],
          [
            -75.263945,
            6.13796
          ],
          [
            -75.263901,
            6.138136
          ],
          [
            -75.263876,
            6.138535
          ],
          [
            -75.263806,
            6.13852
          ],
          [
            -75.263745,
            6.138502
          ],
          [
            -75.263743,
            6.139083
          ],
          [
            -75.263697,
            6.139151
          ],
          [
            -75.263603,
            6.139189
          ],
          [
            -75.263236,
            6.138969
          ],
          [
            -75.262888,
            6.138756
          ],
          [
            -75.262785,
            6.138703
          ],
          [
            -75.262573,
            6.138627
          ],
          [
            -75.262419,
            6.138611
          ],
          [
            -75.262263,
            6.138617
          ],
          [
            -75.262118,
            6.13866
          ],
          [
            -75.261597,
            6.138751
          ],
          [
            -75.261376,
            6.138765
          ],
          [
            -75.261308,
            6.138753
          ],
          [
            -75.261256,
            6.138725
          ],
          [
            -75.261154,
            6.138642
          ],
          [
            -75.261053,
            6.138588
          ],
          [
            -75.260936,
            6.138565
          ],
          [
            -75.260367,
            6.138351
          ],
          [
            -75.260004,
            6.138234
          ],
          [
            -75.25983,
            6.138161
          ],
          [
            -75.260218,
            6.137339
          ],
          [
            -75.259707,
            6.137127
          ],
          [
            -75.259811,
            6.136868
          ]
        ],
        "type": "LineString"
      }
    }
  ],
  "metadata": {
    "attribution": "openrouteservice.org | OpenStreetMap contributors",
    "service": "routing",
    "timestamp": 1764859691555,
    "query": {
      "coordinates": [
        [
          -75.582095,
          6.199515
        ],
        [
          -75.2598529,
          6.136884299999999
        ]
      ],
      "profile": "driving-hgv",
      "profileName": "driving-hgv",
      "preference": "recommended",
      "format": "geojson",
      "language": "es",
      "options": {
        "profile_params": {
          "restrictions": {
            "length": 8.0,
            "width": 2.5,
            "height": 3.5
          },
          "surface_quality_known": false,
          "allow_unsuitable": false
        },
        "avoid_polygons": {
          "coordinates": [
            [
              [
                [
                  -75.53398800000001,
                  6.1525436
                ],
                [
                  -75.531988,
                  6.1525436
                ],
                [
                  -75.531988,
                  6.1545436
                ],
                [
                  -75.53398800000001,
                  6.1545436
                ],
                [
                  -75.53398800000001,
                  6.1525436
                ]
              ]
            ],
            [
              [
                [
                  -75.49099790000001,
                  6.0932509999999995
                ],
                [
                  -75.4889979,
                  6.0932509999999995
                ],
                [
                  -75.4889979,
                  6.095251
                ],
                [
                  -75.49099790000001,
                  6.095251
                ],
                [
                  -75.49099790000001,
                  6.0932509999999995
                ]
              ]
            ],
            [
              [
                [
                  -75.44939930000001,
                  6.1764060999999995
                ],
                [
                  -75.4473993,
                  6.1764060999999995
                ],
                [
                  -75.4473993,
                  6.1784061
                ],
                [
                  -75.44939930000001,
                  6.1784061
                ],
                [
                  -75.44939930000001,
                  6.1764060999999995
                ]
              ]
            ],
            [
              [
                [
                  -75.4890572,
                  6.2037862
                ],
                [
                  -75.4870572,
                  6.2037862
                ],
                [
                  -75.4870572,
                  6.2057862
                ],
                [
                  -75.4890572,
                  6.2057862
                ],
                [
                  -75.4890572,
                  6.2037862
                ]
              ]
            ],
            [
              [
                [
                  -75.46672650000001,
                  6.1850524
                ],
                [
                  -75.4647265,
                  6.1850524
                ],
                [
                  -75.4647265,
                  6.187052400000001
                ],
                [
                  -75.46672650000001,
                  6.187052400000001
                ],
                [
                  -75.46672650000001,
                  6.1850524
                ]
              ]
            ],
            [
              [
                [
                  -75.5035304,
                  6.2159613
                ],
                [
                  -75.5015304,
                  6.2159613
                ],
                [
                  -75.5015304,
                  6.217961300000001
                ],
                [
                  -75.5035304,
                  6.217961300000001
                ],
                [
                  -75.5035304,
                  6.2159613
                ]
              ]
            ],
            [
              [
                [
                  -75.4913478,
                  6.170510299999999
                ],
                [
                  -75.48934779999999,
                  6.170510299999999
                ],
                [
                  -75.48934779999999,
                  6.1725103
                ],
                [
                  -75.4913478,
                  6.1725103
                ],
                [
                  -75.4913478,
                  6.170510299999999
                ]
              ]
            ],
            [
              [
                [
                  -75.5250472,
                  6.1422792
                ],
                [
                  -75.5230472,
                  6.1422792
                ],
                [
                  -75.5230472,
                  6.144279200000001
                ],
                [
                  -75.5250472,
                  6.144279200000001
                ],
                [
                  -75.5250472,
                  6.1422792
                ]
              ]
            ],
            [
              [
                [
                  -75.42459550000001,
                  6.123615999999999
                ],
                [
                  -75.4225955,
                  6.123615999999999
                ],
                [
                  -75.4225955,
                  6.125616
                ],
                [
                  -75.42459550000001,
                  6.125616
                ],
                [
                  -75.42459550000001,
                  6.123615999999999
                ]
              ]
            ],
            [
              [
                [
                  -75.5600752,
                  6.2197343
                ],
                [
                  -75.55807519999999,
                  6.2197343
                ],
                [
                  -75.55807519999999,
                  6.2217343000000005
                ],
                [
                  -75.5600752,
                  6.2217343000000005
                ],
                [
                  -75.5600752,
                  6.2197343
                ]
              ]
            ],
            [
              [
                [
                  -75.4291982,
                  6.0892721
                ],
                [
                  -75.42719819999999,
                  6.0892721
                ],
                [
                  -75.42719819999999,
                  6.0912721
                ],
                [
                  -75.4291982,
                  6.0912721
                ],
                [
                  -75.4291982,
                  6.0892721
                ]
              ]
            ],
            [
              [
                [
                  -75.50124240000001,
                  6.1697112
                ],
                [
                  -75.4992424,
                  6.1697112
                ],
                [
                  -75.4992424,
                  6.171711200000001
                ],
                [
                  -75.50124240000001,
                  6.171711200000001
                ],
                [
                  -75.50124240000001,
                  6.1697112
                ]
              ]
            ],
            [
              [
                [
                  -75.4364807,
                  6.1772187
                ],
                [
                  -75.4344807,
                  6.1772187
                ],
                [
                  -75.4344807,
                  6.179218700000001
                ],
                [
                  -75.4364807,
                  6.179218700000001
                ],
                [
                  -75.4364807,
                  6.1772187
                ]
              ]
            ],
            [
              [
                [
                  -75.4336162,
                  6.2493549999999995
                ],
                [
                  -75.4316162,
                  6.2493549999999995
                ],
                [
                  -75.4316162,
                  6.251355
                ],
                [
                  -75.4336162,
                  6.251355
                ],
                [
                  -75.4336162,
                  6.2493549999999995
                ]
              ]
            ],
            [
              [
                [
                  -75.555226,
                  6.133627199999999
                ],
                [
                  -75.553226,
                  6.133627199999999
                ],
                [
                  -75.553226,
                  6.1356272
                ],
                [
                  -75.555226,
                  6.1356272
                ],
                [
                  -75.555226,
                  6.133627199999999
                ]
              ]
            ],
            [
              [
                [
                  -75.481297,
                  6.089910199999999
                ],
                [
                  -75.47929699999999,
                  6.089910199999999
                ],
                [
                  -75.47929699999999,
                  6.0919102
                ],
                [
                  -75.481297,
                  6.0919102
                ],
                [
                  -75.481297,
                  6.089910199999999
                ]
              ]
            ],
            [
              [
                [
                  -75.4232837,
                  6.059844
                ],
                [
                  -75.42128369999999,
                  6.059844
                ],
                [
                  -75.42128369999999,
                  6.061844000000001
                ],
                [
                  -75.4232837,
                  6.061844000000001
                ],
                [
                  -75.4232837,
                  6.059844
                ]
              ]
            ],
            [
              [
                [
                  -75.4577368,
                  6.0576535
                ],
                [
                  -75.4557368,
                  6.0576535
                ],
                [
                  -75.4557368,
                  6.0596535000000005
                ],
                [
                  -75.4577368,
                  6.0596535000000005
                ],
                [
                  -75.4577368,
                  6.0576535
                ]
              ]
            ],
            [
              [
                [
                  -75.43430260000001,
                  6.1414703
                ],
                [
                  -75.4323026,
                  6.1414703
                ],
                [
                  -75.4323026,
                  6.143470300000001
                ],
                [
                  -75.43430260000001,
                  6.143470300000001
                ],
                [
                  -75.43430260000001,
                  6.1414703
                ]
              ]
            ],
            [
              [
                [
                  -75.452403,
                  6.112123599999999
                ],
                [
                  -75.450403,
                  6.112123599999999
                ],
                [
                  -75.450403,
                  6.1141236
                ],
                [
                  -75.452403,
                  6.1141236
                ],
                [
                  -75.452403,
                  6.112123599999999
                ]
              ]
            ],
            [
              [
                [
                  -75.6342218,
                  6.0668213
                ],
                [
                  -75.6322218,
                  6.0668213
                ],
                [
                  -75.6322218,
                  6.068821300000001
                ],
                [
                  -75.6342218,
                  6.068821300000001
                ],
                [
                  -75.6342218,
                  6.0668213
                ]
              ]
            ],
            [
              [
                [
                  -75.4502234,
                  6.0178674
                ],
                [
                  -75.44822339999999,
                  6.0178674
                ],
                [
                  -75.44822339999999,
                  6.019867400000001
                ],
                [
                  -75.4502234,
                  6.019867400000001
                ],
                [
                  -75.4502234,
                  6.0178674
                ]
              ]
            ],
            [
              [
                [
                  -75.4329548,
                  6.008317399999999
                ],
                [
                  -75.4309548,
                  6.008317399999999
                ],
                [
                  -75.4309548,
                  6.0103174
                ],
                [
                  -75.4329548,
                  6.0103174
                ],
                [
                  -75.4329548,
                  6.008317399999999
                ]
              ]
            ],
            [
              [
                [
                  -75.4134652,
                  6.022465599999999
                ],
                [
                  -75.4114652,
                  6.022465599999999
                ],
                [
                  -75.4114652,
                  6.0244656
                ],
                [
                  -75.4134652,
                  6.0244656
                ],
                [
                  -75.4134652,
                  6.022465599999999
                ]
              ]
            ],
            [
              [
                [
                  -75.3412419,
                  6.138306399999999
                ],
                [
                  -75.33924189999999,
                  6.138306399999999
                ],
                [
                  -75.33924189999999,
                  6.1403064
                ],
                [
                  -75.3412419,
                  6.1403064
                ],
                [
                  -75.3412419,
                  6.138306399999999
                ]
              ]
            ]
          ],
          "type": "MultiPolygon"
        }
      }
    },
    "engine": {
      "version": "9.5.0",
      "build_date": "2025-10-31T12:33:09Z",
      "graph_date": "2025-12-01T03:52:42Z",
      "osm_date": "2025-11-24T00:59:59Z"
    }
  }
}