{
  "type": "FeatureCollection",
  "bbox": [
    -75.581626,
    6.033949,
    -75.334089,
    6.329858
  ],
  "features": [
    {
      "bbox": [
        -75.581626,
        6.033949,
        -75.334089,
        6.329858
      ],
      "type": "Feature",
      "properties": {
        "extras": {
          "roadaccessrestrictions": {
            "values": [
              [
                0,
                1482,
                0
              ],
              [
                1482,
                1485,
                32
              ]
            ],
            "summary": [
              {
                "value": 0.0,
                "distance": 79653.6,
                "amount": 99.92
              },
              {
                "value": 32.0,
                "distance": 65.6,
                "amount": 0.08
              }
            ]
          }
        },
        "warnings": [
          {
            "code": 1,
            "message": "There may be restrictions on some roads"
          }
        ],
        "way_points": [
          0,
          1485
        ],
        "summary": {
          "distance": 79719.2,
          "duration": 6252.5
        }
      },
      "geometry": {
        "coordinates": [
          [
            -75.429574,
            6.034902
          ],
          [
            -75.429135,
            6.03479
          ],
          [
            -75.429253,
            6.034399
          ],
          [
            -75.42939,
            6.033949
          ],
          [
            -75.430208,
            6.034173
          ],
          [
            -75.429953,
            6.034999
          ],
          [
            -75.429716,
            6.035767
          ],
          [
            -75.429483,
            6.036519
          ],
          [
            -75.428678,
            6.036301
          ],
          [
            -75.427848,
            6.036086
          ],
          [
            -75.427431,
            6.035968
          ],
          [
            -75.427349,
            6.035946
          ],
          [
            -75.42703,
            6.035865
          ],
          [
            -75.426742,
            6.035786
          ],
          [
            -75.426392,
            6.035713
          ],
          [
            -75.426227,
            6.035695
          ],
          [
            -75.425453,
            6.035614
          ],
          [
            -75.424545,
            6.035496
          ],
          [
            -75.42415,
            6.035476
          ],
          [
            -75.423953,
            6.03548
          ],
          [
            -75.423813,
            6.035484
          ],
          [
            -75.423714,
            6.03549
          ],
          [
            -75.423678,
            6.035495
          ],
          [
            -75.42347,
            6.035483
          ],
          [
            -75.423289,
            6.035472
          ],
          [
            -75.422579,
            6.03546
          ],
          [
            -75.421773,
            6.035638
          ],
          [
            -75.421357,
            6.035783
          ],
          [
            -75.42124,
            6.035859
          ],
          [
            -75.421147,
            6.035912
          ],
          [
            -75.421132,
            6.035924
          ],
          [
            -75.420836,
            6.036094
          ],
          [
            -75.420507,
            6.036386
          ],
          [
            -75.420207,
            6.036641
          ],
          [
            -75.420091,
            6.036784
          ],
          [
            -75.419879,
            6.037007
          ],
          [
            -75.41977,
            6.037143
          ],
          [
            -75.419628,
            6.037253
          ],
          [
            -75.419067,
            6.037718
          ],
          [
            -75.418368,
            6.03837
          ],
          [
            -75.418304,
            6.038501
          ],
          [
            -75.418136,
            6.03861
          ],
          [
            -75.417645,
            6.039018
          ],
          [
            -75.417392,
            6.039245
          ],
          [
            -75.417232,
            6.039351
          ],
          [
            -75.417059,
            6.039436
          ],
          [
            -75.416903,
            6.039483
          ],
          [
            -75.41679,
            6.039499
          ],
          [
            -75.416577,
            6.039509
          ],
          [
            -75.416383,
            6.039494
          ],
          [
            -75.416022,
            6.039371
          ],
          [
            -75.415643,
            6.039215
          ],
          [
            -75.414961,
            6.038935
          ],
          [
            -75.414714,
            6.038834
          ],
          [
            -75.414272,
            6.038675
          ],
          [
            -75.41383,
            6.038617
          ],
          [
            -75.413632,
            6.038523
          ],
          [
            -75.413604,
            6.038459
          ],
          [
            -75.413559,
            6.038405
          ],
          [
            -75.413503,
            6.038365
          ],
          [
            -75.413417,
            6.038336
          ],
          [
            -75.413326,
            6.038338
          ],
          [
            -75.413242,
            6.038371
          ],
          [
            -75.413173,
            6.03843
          ],
          [
            -75.412932,
            6.038586
          ],
          [
            -75.412437,
            6.038613
          ],
          [
            -75.412167,
            6.038681
          ],
          [
            -75.412028,
            6.038735
          ],
          [
            -75.411786,
            6.038885
          ],
          [
            -75.411038,
            6.039511
          ],
          [
            -75.410078,
            6.040237
          ],
          [
            -75.409831,
            6.040424
          ],
          [
            -75.40925,
            6.040913
          ],
          [
            -75.40844,
            6.041617
          ],
          [
            -75.407935,
            6.041996
          ],
          [
            -75.407215,
            6.042478
          ],
          [
            -75.406886,
            6.042733
          ],
          [
            -75.406691,
            6.042788
          ],
          [
            -75.406495,
            6.042767
          ],
          [
            -75.406357,
            6.042716
          ],
          [
            -75.406154,
            6.042554
          ],
          [
            -75.405635,
            6.042071
          ],
          [
            -75.405434,
            6.04189
          ],
          [
            -75.405189,
            6.041738
          ],
          [
            -75.404948,
            6.041663
          ],
          [
            -75.40464,
            6.041667
          ],
          [
            -75.404192,
            6.041782
          ],
          [
            -75.402531,
            6.042006
          ],
          [
            -75.40229,
            6.042043
          ],
          [
            -75.401877,
            6.042157
          ],
          [
            -75.401231,
            6.042427
          ],
          [
            -75.400822,
            6.042682
          ],
          [
            -75.399833,
            6.043504
          ],
          [
            -75.398315,
            6.044958
          ],
          [
            -75.397728,
            6.04551
          ],
          [
            -75.397563,
            6.045679
          ],
          [
            -75.397068,
            6.046152
          ],
          [
            -75.39599,
            6.047191
          ],
          [
            -75.395924,
            6.047251
          ],
          [
            -75.395656,
            6.047498
          ],
          [
            -75.394573,
            6.048339
          ],
          [
            -75.394227,
            6.04858
          ],
          [
            -75.393898,
            6.048928
          ],
          [
            -75.393464,
            6.049502
          ],
          [
            -75.393227,
            6.049688
          ],
          [
            -75.391596,
            6.050636
          ],
          [
            -75.39122,
            6.050976
          ],
          [
            -75.390349,
            6.052306
          ],
          [
            -75.389725,
            6.053128
          ],
          [
            -75.388976,
            6.053955
          ],
          [
            -75.388891,
            6.054049
          ],
          [
            -75.388528,
            6.054435
          ],
          [
            -75.388002,
            6.055031
          ],
          [
            -75.387597,
            6.055534
          ],
          [
            -75.387122,
            6.056155
          ],
          [
            -75.386991,
            6.056274
          ],
          [
            -75.386202,
            6.056879
          ],
          [
            -75.385961,
            6.057154
          ],
          [
            -75.385755,
            6.057455
          ],
          [
            -75.385672,
            6.057626
          ],
          [
            -75.385616,
            6.0578
          ],
          [
            -75.385315,
            6.059063
          ],
          [
            -75.38519,
            6.059383
          ],
          [
            -75.384766,
            6.060371
          ],
          [
            -75.384715,
            6.060609
          ],
          [
            -75.384659,
            6.060953
          ],
          [
            -75.384655,
            6.061614
          ],
          [
            -75.384618,
            6.062195
          ],
          [
            -75.384536,
            6.062533
          ],
          [
            -75.384387,
            6.062925
          ],
          [
            -75.383989,
            6.063646
          ],
          [
            -75.383646,
            6.064192
          ],
          [
            -75.38346,
            6.064528
          ],
          [
            -75.382902,
            6.065561
          ],
          [
            -75.382494,
            6.066547
          ],
          [
            -75.382458,
            6.066626
          ],
          [
            -75.382442,
            6.066662
          ],
          [
            -75.382309,
            6.066981
          ],
          [
            -75.381753,
            6.068314
          ],
          [
            -75.381478,
            6.068797
          ],
          [
            -75.381396,
            6.068905
          ],
          [
            -75.38088,
            6.069556
          ],
          [
            -75.380808,
            6.069633
          ],
          [
            -75.380489,
            6.069989
          ],
          [
            -75.380297,
            6.070286
          ],
          [
            -75.38013,
            6.070588
          ],
          [
            -75.379912,
            6.071085
          ],
          [
            -75.379824,
            6.07135
          ],
          [
            -75.379792,
            6.07148
          ],
          [
            -75.379735,
            6.071683
          ],
          [
            -75.379573,
            6.072454
          ],
          [
            -75.379543,
            6.072635
          ],
          [
            -75.379528,
            6.072711
          ],
          [
            -75.379445,
            6.072925
          ],
          [
            -75.379365,
            6.073231
          ],
          [
            -75.37931,
            6.073489
          ],
          [
            -75.379284,
            6.07377
          ],
          [
            -75.379277,
            6.073796
          ],
          [
            -75.379238,
            6.073813
          ],
          [
            -75.379155,
            6.073821
          ],
          [
            -75.379038,
            6.073745
          ],
          [
            -75.378852,
            6.073453
          ],
          [
            -75.378688,
            6.073272
          ],
          [
            -75.378016,
            6.072824
          ],
          [
            -75.377579,
            6.072644
          ],
          [
            -75.377296,
            6.072472
          ],
          [
            -75.376751,
            6.072083
          ],
          [
            -75.376337,
            6.071693
          ],
          [
            -75.375662,
            6.071219
          ],
          [
            -75.375282,
            6.070902
          ],
          [
            -75.374977,
            6.070626
          ],
          [
            -75.374684,
            6.070494
          ],
          [
            -75.374624,
            6.070482
          ],
          [
            -75.374474,
            6.070465
          ],
          [
            -75.374133,
            6.070418
          ],
          [
            -75.373657,
            6.070415
          ],
          [
            -75.373321,
            6.070464
          ],
          [
            -75.372746,
            6.070713
          ],
          [
            -75.372197,
            6.070954
          ],
          [
            -75.371707,
            6.071158
          ],
          [
            -75.371331,
            6.071292
          ],
          [
            -75.371154,
            6.07134
          ],
          [
            -75.370944,
            6.071375
          ],
          [
            -75.370682,
            6.071415
          ],
          [
            -75.370448,
            6.071451
          ],
          [
            -75.370265,
            6.07148
          ],
          [
            -75.370024,
            6.071476
          ],
          [
            -75.369616,
            6.071342
          ],
          [
            -75.368693,
            6.070876
          ],
          [
            -75.367795,
            6.070599
          ],
          [
            -75.367215,
            6.070598
          ],
          [
            -75.366465,
            6.070534
          ],
          [
            -75.365795,
            6.070574
          ],
          [
            -75.365348,
            6.070577
          ],
          [
            -75.365118,
            6.070599
          ],
          [
            -75.364624,
            6.070744
          ],
          [
            -75.364066,
            6.070796
          ],
          [
            -75.363851,
            6.070858
          ],
          [
            -75.363486,
            6.071101
          ],
          [
            -75.363265,
            6.071165
          ],
          [
            -75.362605,
            6.071309
          ],
          [
            -75.362433,
            6.071383
          ],
          [
            -75.362191,
            6.071646
          ],
          [
            -75.362004,
            6.071757
          ],
          [
            -75.361823,
            6.071744
          ],
          [
            -75.361531,
            6.071557
          ],
          [
            -75.361366,
            6.071511
          ],
          [
            -75.36105,
            6.0715
          ],
          [
            -75.360798,
            6.071522
          ],
          [
            -75.360392,
            6.071584
          ],
          [
            -75.360278,
            6.071564
          ],
          [
            -75.360144,
            6.071484
          ],
          [
            -75.359898,
            6.071297
          ],
          [
            -75.359511,
            6.071032
          ],
          [
            -75.359171,
            6.070812
          ],
          [
            -75.358844,
            6.070567
          ],
          [
            -75.358552,
            6.070254
          ],
          [
            -75.357857,
            6.069572
          ],
          [
            -75.3576,
            6.0694
          ],
          [
            -75.357095,
            6.069118
          ],
          [
            -75.356758,
            6.068996
          ],
          [
            -75.356567,
            6.06897
          ],
          [
            -75.356467,
            6.068951
          ],
          [
            -75.35589,
            6.069
          ],
          [
            -75.355467,
            6.069026
          ],
          [
            -75.354984,
            6.069057
          ],
          [
            -75.354733,
            6.069153
          ],
          [
            -75.354327,
            6.069378
          ],
          [
            -75.354084,
            6.069503
          ],
          [
            -75.35401,
            6.069519
          ],
          [
            -75.353725,
            6.069581
          ],
          [
            -75.353555,
            6.069703
          ],
          [
            -75.353478,
            6.069831
          ],
          [
            -75.353379,
            6.070183
          ],
          [
            -75.353402,
            6.070582
          ],
          [
            -75.353398,
            6.07069
          ],
          [
            -75.35334,
            6.070845
          ],
          [
            -75.353099,
            6.071115
          ],
          [
            -75.352825,
            6.071421
          ],
          [
            -75.352728,
            6.071651
          ],
          [
            -75.352716,
            6.072052
          ],
          [
            -75.352648,
            6.072274
          ],
          [
            -75.352472,
            6.072524
          ],
          [
            -75.352198,
            6.073393
          ],
          [
            -75.352106,
            6.073559
          ],
          [
            -75.351927,
            6.07369
          ],
          [
            -75.351318,
            6.073948
          ],
          [
            -75.350965,
            6.074334
          ],
          [
            -75.350403,
            6.074998
          ],
          [
            -75.350297,
            6.0752
          ],
          [
            -75.350234,
            6.075394
          ],
          [
            -75.350205,
            6.07581
          ],
          [
            -75.350237,
            6.076452
          ],
          [
            -75.350228,
            6.076902
          ],
          [
            -75.3502,
            6.07701
          ],
          [
            -75.350157,
            6.077106
          ],
          [
            -75.349844,
            6.077462
          ],
          [
            -75.349683,
            6.077638
          ],
          [
            -75.349581,
            6.077788
          ],
          [
            -75.349442,
            6.078081
          ],
          [
            -75.3493,
            6.07846
          ],
          [
            -75.349085,
            6.078951
          ],
          [
            -75.348884,
            6.079096
          ],
          [
            -75.348817,
            6.079149
          ],
          [
            -75.348664,
            6.079297
          ],
          [
            -75.34859,
            6.079354
          ],
          [
            -75.348498,
            6.079475
          ],
          [
            -75.348147,
            6.08
          ],
          [
            -75.347865,
            6.080501
          ],
          [
            -75.347743,
            6.080705
          ],
          [
            -75.347649,
            6.080802
          ],
          [
            -75.347535,
            6.080891
          ],
          [
            -75.34738,
            6.080956
          ],
          [
            -75.346776,
            6.081118
          ],
          [
            -75.34669,
            6.081133
          ],
          [
            -75.346532,
            6.081116
          ],
          [
            -75.346459,
            6.081098
          ],
          [
            -75.346322,
            6.081033
          ],
          [
            -75.346077,
            6.080868
          ],
          [
            -75.345776,
            6.080496
          ],
          [
            -75.345697,
            6.080433
          ],
          [
            -75.345572,
            6.080407
          ],
          [
            -75.345364,
            6.080424
          ],
          [
            -75.345302,
            6.080457
          ],
          [
            -75.345169,
            6.080543
          ],
          [
            -75.344903,
            6.080752
          ],
          [
            -75.344773,
            6.080826
          ],
          [
            -75.344683,
            6.080853
          ],
          [
            -75.344239,
            6.080908
          ],
          [
            -75.343972,
            6.080961
          ],
          [
            -75.343578,
            6.0811
          ],
          [
            -75.342741,
            6.081613
          ],
          [
            -75.342571,
            6.08168
          ],
          [
            -75.341721,
            6.081944
          ],
          [
            -75.341525,
            6.082018
          ],
          [
            -75.341363,
            6.08206
          ],
          [
            -75.340903,
            6.082116
          ],
          [
            -75.34059,
            6.082191
          ],
          [
            -75.340172,
            6.082402
          ],
          [
            -75.339738,
            6.082578
          ],
          [
            -75.339653,
            6.082599
          ],
          [
            -75.339461,
            6.082668
          ],
          [
            -75.338765,
            6.082778
          ],
          [
            -75.338666,
            6.082764
          ],
          [
            -75.338455,
            6.082687
          ],
          [
            -75.338353,
            6.082605
          ],
          [
            -75.338192,
            6.08242
          ],
          [
            -75.338011,
            6.08219
          ],
          [
            -75.337753,
            6.081973
          ],
          [
            -75.337663,
            6.08192
          ],
          [
            -75.337513,
            6.081865
          ],
          [
            -75.337263,
            6.081863
          ],
          [
            -75.33655,
            6.082198
          ],
          [
            -75.33626,
            6.082336
          ],
          [
            -75.335478,
            6.082708
          ],
          [
            -75.335405,
            6.082826
          ],
          [
            -75.334896,
            6.083084
          ],
          [
            -75.334743,
            6.083087
          ],
          [
            -75.334089,
            6.083417
          ],
          [
            -75.334448,
            6.084152
          ],
          [
            -75.335109,
            6.083816
          ],
          [
            -75.335197,
            6.083677
          ],
          [
            -75.335708,
            6.083418
          ],
          [
            -75.335851,
            6.08345
          ],
          [
            -75.336187,
            6.08422
          ],
          [
            -75.336297,
            6.084467
          ],
          [
            -75.336531,
            6.08497
          ],
          [
            -75.336944,
            6.08576
          ],
          [
            -75.337163,
            6.086173
          ],
          [
            -75.337243,
            6.086616
          ],
          [
            -75.337348,
            6.087284
          ],
          [
            -75.337477,
            6.087978
          ],
          [
            -75.337447,
            6.089005
          ],
          [
            -75.337424,
            6.089811
          ],
          [
            -75.337424,
            6.089872
          ],
          [
            -75.337422,
            6.090374
          ],
          [
            -75.337457,
            6.090937
          ],
          [
            -75.337529,
            6.091189
          ],
          [
            -75.337597,
            6.091274
          ],
          [
            -75.337614,
            6.091317
          ],
          [
            -75.337751,
            6.091654
          ],
          [
            -75.337836,
            6.091863
          ],
          [
            -75.3379,
            6.092004
          ],
          [
            -75.338114,
            6.092509
          ],
          [
            -75.338154,
            6.092605
          ],
          [
            -75.338354,
            6.093131
          ],
          [
            -75.33876,
            6.094139
          ],
          [
            -75.338836,
            6.094292
          ],
          [
            -75.338858,
            6.094371
          ],
          [
            -75.339036,
            6.094707
          ],
          [
            -75.339345,
            6.095218
          ],
          [
            -75.339567,
            6.095587
          ],
          [
            -75.33993,
            6.096144
          ],
          [
            -75.34006,
            6.096374
          ],
          [
            -75.340091,
            6.09644
          ],
          [
            -75.340348,
            6.096824
          ],
          [
            -75.340624,
            6.097191
          ],
          [
            -75.340764,
            6.097324
          ],
          [
            -75.341051,
            6.097554
          ],
          [
            -75.34122,
            6.097702
          ],
          [
            -75.34142,
            6.097852
          ],
          [
            -75.341678,
            6.098044
          ],
          [
            -75.341801,
            6.098099
          ],
          [
            -75.341921,
            6.098134
          ],
          [
            -75.342106,
            6.098149
          ],
          [
            -75.342552,
            6.098114
          ],
          [
            -75.342656,
            6.098112
          ],
          [
            -75.342956,
            6.098083
          ],
          [
            -75.343303,
            6.098077
          ],
          [
            -75.343432,
            6.098093
          ],
          [
            -75.343635,
            6.098143
          ],
          [
            -75.3438,
            6.098215
          ],
          [
            -75.344424,
            6.098559
          ],
          [
            -75.344542,
            6.09859
          ],
          [
            -75.34476,
            6.098573
          ],
          [
            -75.345056,
            6.098468
          ],
          [
            -75.345242,
            6.098431
          ],
          [
            -75.345408,
            6.098448
          ],
          [
            -75.345889,
            6.098693
          ],
          [
            -75.34643,
            6.099002
          ],
          [
            -75.346542,
            6.099072
          ],
          [
            -75.346698,
            6.099207
          ],
          [
            -75.346822,
            6.099464
          ],
          [
            -75.346913,
            6.099903
          ],
          [
            -75.347016,
            6.100589
          ],
          [
            -75.347122,
            6.100826
          ],
          [
            -75.347283,
            6.101068
          ],
          [
            -75.347375,
            6.101293
          ],
          [
            -75.347529,
            6.10188
          ],
          [
            -75.34767,
            6.102426
          ],
          [
            -75.347676,
            6.102727
          ],
          [
            -75.347586,
            6.103137
          ],
          [
            -75.34739,
            6.103894
          ],
          [
            -75.347196,
            6.104592
          ],
          [
            -75.347185,
            6.105256
          ],
          [
            -75.347187,
            6.106821
          ],
          [
            -75.347189,
            6.106949
          ],
          [
            -75.347172,
            6.107237
          ],
          [
            -75.347138,
            6.107384
          ],
          [
            -75.346817,
            6.108343
          ],
          [
            -75.346765,
            6.10854
          ],
          [
            -75.34677,
            6.108712
          ],
          [
            -75.346813,
            6.108873
          ],
          [
            -75.346999,
            6.109345
          ],
          [
            -75.347379,
            6.110215
          ],
          [
            -75.34743,
            6.110423
          ],
          [
            -75.347431,
            6.110538
          ],
          [
            -75.347386,
            6.110647
          ],
          [
            -75.347304,
            6.110769
          ],
          [
            -75.346902,
            6.111107
          ],
          [
            -75.346776,
            6.111231
          ],
          [
            -75.346676,
            6.111375
          ],
          [
            -75.346577,
            6.111613
          ],
          [
            -75.34651,
            6.111882
          ],
          [
            -75.346482,
            6.112152
          ],
          [
            -75.346498,
            6.112343
          ],
          [
            -75.346551,
            6.112522
          ],
          [
            -75.34682,
            6.1131
          ],
          [
            -75.347162,
            6.113905
          ],
          [
            -75.347475,
            6.11483
          ],
          [
            -75.347636,
            6.115669
          ],
          [
            -75.347861,
            6.116731
          ],
          [
            -75.347939,
            6.117334
          ],
          [
            -75.347952,
            6.117903
          ],
          [
            -75.347976,
            6.119434
          ],
          [
            -75.34796,
            6.119919
          ],
          [
            -75.348,
            6.120531
          ],
          [
            -75.348246,
            6.121337
          ],
          [
            -75.348344,
            6.121568
          ],
          [
            -75.348477,
            6.121726
          ],
          [
            -75.349323,
            6.122615
          ],
          [
            -75.349472,
            6.122839
          ],
          [
            -75.349624,
            6.123199
          ],
          [
            -75.349694,
            6.123318
          ],
          [
            -75.350125,
            6.12392
          ],
          [
            -75.350283,
            6.124267
          ],
          [
            -75.350322,
            6.124417
          ],
          [
            -75.350367,
            6.124477
          ],
          [
            -75.350432,
            6.124764
          ],
          [
            -75.350524,
            6.124868
          ],
          [
            -75.350803,
            6.125096
          ],
          [
            -75.351065,
            6.125361
          ],
          [
            -75.351179,
            6.125432
          ],
          [
            -75.351469,
            6.125507
          ],
          [
            -75.352059,
            6.12638
          ],
          [
            -75.352321,
            6.126869
          ],
          [
            -75.352429,
            6.127168
          ],
          [
            -75.352517,
            6.127474
          ],
          [
            -75.352568,
            6.127722
          ],
          [
            -75.352592,
            6.127965
          ],
          [
            -75.352577,
            6.128199
          ],
          [
            -75.352481,
            6.128707
          ],
          [
            -75.352351,
            6.129245
          ],
          [
            -75.35225,
            6.129621
          ],
          [
            -75.352172,
            6.129992
          ],
          [
            -75.352145,
            6.13017
          ],
          [
            -75.352141,
            6.130427
          ],
          [
            -75.352183,
            6.130897
          ],
          [
            -75.352249,
            6.131239
          ],
          [
            -75.352348,
            6.132005
          ],
          [
            -75.352363,
            6.132488
          ],
          [
            -75.352339,
            6.13351
          ],
          [
            -75.352313,
            6.133734
          ],
          [
            -75.351668,
            6.135682
          ],
          [
            -75.351543,
            6.136065
          ],
          [
            -75.351524,
            6.136197
          ],
          [
            -75.351515,
            6.137347
          ],
          [
            -75.351359,
            6.138207
          ],
          [
            -75.351339,
            6.13848
          ],
          [
            -75.351338,
            6.139063
          ],
          [
            -75.351369,
            6.13937
          ],
          [
            -75.351406,
            6.139523
          ],
          [
            -75.351434,
            6.139605
          ],
          [
            -75.351469,
            6.139738
          ],
          [
            -75.351496,
            6.139978
          ],
          [
            -75.351487,
            6.140064
          ],
          [
            -75.351462,
            6.14013
          ],
          [
            -75.351288,
            6.140445
          ],
          [
            -75.351262,
            6.140527
          ],
          [
            -75.351246,
            6.140648
          ],
          [
            -75.351266,
            6.140763
          ],
          [
            -75.351307,
            6.140885
          ],
          [
            -75.351382,
            6.141004
          ],
          [
            -75.351589,
            6.141214
          ],
          [
            -75.351697,
            6.141417
          ],
          [
            -75.351795,
            6.141556
          ],
          [
            -75.351901,
            6.141831
          ],
          [
            -75.351937,
            6.142059
          ],
          [
            -75.352109,
            6.14251
          ],
          [
            -75.352181,
            6.142643
          ],
          [
            -75.352345,
            6.142841
          ],
          [
            -75.352366,
            6.142865
          ],
          [
            -75.352489,
            6.143014
          ],
          [
            -75.352518,
            6.143188
          ],
          [
            -75.352448,
            6.143692
          ],
          [
            -75.352499,
            6.143951
          ],
          [
            -75.352735,
            6.144279
          ],
          [
            -75.353109,
            6.144706
          ],
          [
            -75.353598,
            6.145264
          ],
          [
            -75.354186,
            6.146079
          ],
          [
            -75.354302,
            6.146348
          ],
          [
            -75.354348,
            6.146611
          ],
          [
            -75.354356,
            6.146743
          ],
          [
            -75.354481,
            6.147218
          ],
          [
            -75.354835,
            6.147682
          ],
          [
            -75.354904,
            6.147772
          ],
          [
            -75.355449,
            6.148308
          ],
          [
            -75.355719,
            6.148495
          ],
          [
            -75.355965,
            6.148587
          ],
          [
            -75.356468,
            6.148738
          ],
          [
            -75.356648,
            6.148792
          ],
          [
            -75.356943,
            6.148881
          ],
          [
            -75.357182,
            6.148953
          ],
          [
            -75.357449,
            6.148917
          ],
          [
            -75.357616,
            6.148849
          ],
          [
            -75.357932,
            6.148659
          ],
          [
            -75.358339,
            6.148449
          ],
          [
            -75.358453,
            6.148411
          ],
          [
            -75.358554,
            6.148404
          ],
          [
            -75.358666,
            6.148418
          ],
          [
            -75.35885,
            6.148472
          ],
          [
            -75.359371,
            6.148745
          ],
          [
            -75.359481,
            6.14884
          ],
          [
            -75.359627,
            6.149044
          ],
          [
            -75.35968,
            6.149124
          ],
          [
            -75.359835,
            6.14938
          ],
          [
            -75.359883,
            6.149452
          ],
          [
            -75.360129,
            6.149816
          ],
          [
            -75.360301,
            6.150035
          ],
          [
            -75.360398,
            6.150159
          ],
          [
            -75.360977,
            6.150743
          ],
          [
            -75.361547,
            6.151214
          ],
          [
            -75.362963,
            6.152504
          ],
          [
            -75.363142,
            6.15265
          ],
          [
            -75.363309,
            6.152763
          ],
          [
            -75.363379,
            6.152901
          ],
          [
            -75.363378,
            6.152952
          ],
          [
            -75.363271,
            6.153152
          ],
          [
            -75.363249,
            6.153166
          ],
          [
            -75.363621,
            6.153737
          ],
          [
            -75.363694,
            6.153776
          ],
          [
            -75.363889,
            6.153827
          ],
          [
            -75.364038,
            6.153922
          ],
          [
            -75.364529,
            6.15447
          ],
          [
            -75.364614,
            6.154574
          ],
          [
            -75.364666,
            6.154672
          ],
          [
            -75.3648,
            6.155151
          ],
          [
            -75.3651,
            6.155835
          ],
          [
            -75.365207,
            6.156019
          ],
          [
            -75.365111,
            6.156173
          ],
          [
            -75.365006,
            6.15652
          ],
          [
            -75.364901,
            6.156922
          ],
          [
            -75.364821,
            6.157226
          ],
          [
            -75.364741,
            6.157573
          ],
          [
            -75.364733,
            6.157657
          ],
          [
            -75.364757,
            6.157928
          ],
          [
            -75.364796,
            6.158111
          ],
          [
            -75.364917,
            6.158495
          ],
          [
            -75.364996,
            6.158678
          ],
          [
            -75.365232,
            6.159051
          ],
          [
            -75.365555,
            6.159457
          ],
          [
            -75.365636,
            6.159582
          ],
          [
            -75.365683,
            6.159666
          ],
          [
            -75.365718,
            6.159807
          ],
          [
            -75.365735,
            6.159962
          ],
          [
            -75.365714,
            6.160171
          ],
          [
            -75.365678,
            6.1603
          ],
          [
            -75.365564,
            6.160508
          ],
          [
            -75.365493,
            6.16059
          ],
          [
            -75.365385,
            6.160689
          ],
          [
            -75.364899,
            6.160992
          ],
          [
            -75.364663,
            6.161179
          ],
          [
            -75.364218,
            6.161602
          ],
          [
            -75.36359,
            6.162247
          ],
          [
            -75.361735,
            6.164127
          ],
          [
            -75.361613,
            6.164309
          ],
          [
            -75.361474,
            6.164651
          ],
          [
            -75.36137,
            6.164848
          ],
          [
            -75.36125,
            6.164933
          ],
          [
            -75.361186,
            6.165022
          ],
          [
            -75.361151,
            6.165125
          ],
          [
            -75.361147,
            6.165239
          ],
          [
            -75.361178,
            6.165349
          ],
          [
            -75.36124,
            6.165444
          ],
          [
            -75.361328,
            6.165518
          ],
          [
            -75.361434,
            6.165561
          ],
          [
            -75.361541,
            6.165653
          ],
          [
            -75.361603,
            6.165741
          ],
          [
            -75.361681,
            6.165931
          ],
          [
            -75.36298,
            6.169712
          ],
          [
            -75.363095,
            6.169993
          ],
          [
            -75.36377,
            6.17119
          ],
          [
            -75.363838,
            6.171339
          ],
          [
            -75.363881,
            6.171485
          ],
          [
            -75.363894,
            6.171678
          ],
          [
            -75.363878,
            6.171837
          ],
          [
            -75.363799,
            6.172028
          ],
          [
            -75.363113,
            6.172811
          ],
          [
            -75.362925,
            6.173048
          ],
          [
            -75.362821,
            6.173195
          ],
          [
            -75.362732,
            6.173401
          ],
          [
            -75.362532,
            6.17381
          ],
          [
            -75.362408,
            6.17404
          ],
          [
            -75.362157,
            6.174578
          ],
          [
            -75.361936,
            6.175285
          ],
          [
            -75.36177,
            6.175773
          ],
          [
            -75.361666,
            6.176066
          ],
          [
            -75.361472,
            6.176489
          ],
          [
            -75.361396,
            6.176666
          ],
          [
            -75.361203,
            6.177077
          ],
          [
            -75.361006,
            6.177507
          ],
          [
            -75.360815,
            6.177928
          ],
          [
            -75.360689,
            6.178133
          ],
          [
            -75.360614,
            6.178202
          ],
          [
            -75.36056,
            6.178236
          ],
          [
            -75.360525,
            6.17824
          ],
          [
            -75.360459,
            6.178263
          ],
          [
            -75.360397,
            6.17831
          ],
          [
            -75.360351,
            6.17838
          ],
          [
            -75.360334,
            6.178504
          ],
          [
            -75.360376,
            6.178609
          ],
          [
            -75.360462,
            6.178683
          ],
          [
            -75.360554,
            6.178708
          ],
          [
            -75.360649,
            6.178695
          ],
          [
            -75.360692,
            6.178675
          ],
          [
            -75.360952,
            6.178672
          ],
          [
            -75.361049,
            6.178695
          ],
          [
            -75.361396,
            6.178866
          ],
          [
            -75.362047,
            6.179126
          ],
          [
            -75.362669,
            6.179373
          ],
          [
            -75.363003,
            6.179489
          ],
          [
            -75.363345,
            6.179583
          ],
          [
            -75.363695,
            6.179626
          ],
          [
            -75.363962,
            6.179637
          ],
          [
            -75.364384,
            6.179607
          ],
          [
            -75.366102,
            6.179243
          ],
          [
            -75.366351,
            6.179228
          ],
          [
            -75.366733,
            6.179242
          ],
          [
            -75.367093,
            6.179299
          ],
          [
            -75.367369,
            6.179372
          ],
          [
            -75.367568,
            6.179442
          ],
          [
            -75.367885,
            6.179586
          ],
          [
            -75.36834,
            6.179875
          ],
          [
            -75.369447,
            6.180649
          ],
          [
            -75.370993,
            6.181698
          ],
          [
            -75.372858,
            6.18295
          ],
          [
            -75.374064,
            6.18376
          ],
          [
            -75.374993,
            6.184385
          ],
          [
            -75.375528,
            6.184749
          ],
          [
            -75.375599,
            6.184797
          ],
          [
            -75.375911,
            6.18512
          ],
          [
            -75.376265,
            6.185491
          ],
          [
            -75.376659,
            6.185761
          ],
          [
            -75.376863,
            6.185856
          ],
          [
            -75.377192,
            6.185975
          ],
          [
            -75.377434,
            6.186072
          ],
          [
            -75.377588,
            6.186146
          ],
          [
            -75.378959,
            6.18705
          ],
          [
            -75.379486,
            6.187436
          ],
          [
            -75.379543,
            6.187478
          ],
          [
            -75.379903,
            6.187892
          ],
          [
            -75.380202,
            6.188315
          ],
          [
            -75.380649,
            6.18922
          ],
          [
            -75.38071,
            6.189378
          ],
          [
            -75.381312,
            6.190926
          ],
          [
            -75.381823,
            6.192297
          ],
          [
            -75.382123,
            6.193067
          ],
          [
            -75.382378,
            6.193763
          ],
          [
            -75.382566,
            6.194371
          ],
          [
            -75.382602,
            6.194963
          ],
          [
            -75.382534,
            6.196532
          ],
          [
            -75.382504,
            6.197424
          ],
          [
            -75.382472,
            6.198151
          ],
          [
            -75.382427,
            6.199171
          ],
          [
            -75.382407,
            6.199721
          ],
          [
            -75.382394,
            6.200129
          ],
          [
            -75.382372,
            6.200706
          ],
          [
            -75.382346,
            6.201382
          ],
          [
            -75.382333,
            6.201739
          ],
          [
            -75.382298,
            6.202433
          ],
          [
            -75.382291,
            6.202765
          ],
          [
            -75.38226,
            6.203412
          ],
          [
            -75.382283,
            6.204355
          ],
          [
            -75.382305,
            6.204648
          ],
          [
            -75.382325,
            6.204972
          ],
          [
            -75.382345,
            6.205205
          ],
          [
            -75.382423,
            6.20628
          ],
          [
            -75.382378,
            6.206889
          ],
          [
            -75.382355,
            6.207051
          ],
          [
            -75.382361,
            6.207372
          ],
          [
            -75.382387,
            6.207604
          ],
          [
            -75.38243,
            6.20779
          ],
          [
            -75.382513,
            6.208012
          ],
          [
            -75.382699,
            6.208428
          ],
          [
            -75.382772,
            6.208608
          ],
          [
            -75.38347,
            6.210835
          ],
          [
            -75.383749,
            6.211669
          ],
          [
            -75.384012,
            6.212456
          ],
          [
            -75.384356,
            6.213472
          ],
          [
            -75.384457,
            6.213758
          ],
          [
            -75.384565,
            6.213979
          ],
          [
            -75.384864,
            6.214594
          ],
          [
            -75.385155,
            6.215134
          ],
          [
            -75.385788,
            6.215992
          ],
          [
            -75.387082,
            6.217798
          ],
          [
            -75.387957,
            6.219362
          ],
          [
            -75.38878,
            6.220781
          ],
          [
            -75.389183,
            6.221369
          ],
          [
            -75.389267,
            6.221492
          ],
          [
            -75.389895,
            6.222232
          ],
          [
            -75.390602,
            6.222982
          ],
          [
            -75.390862,
            6.223256
          ],
          [
            -75.391174,
            6.223535
          ],
          [
            -75.393155,
            6.225115
          ],
          [
            -75.393347,
            6.225244
          ],
          [
            -75.394412,
            6.226103
          ],
          [
            -75.395892,
            6.227226
          ],
          [
            -75.396378,
            6.227615
          ],
          [
            -75.396556,
            6.227741
          ],
          [
            -75.397022,
            6.227964
          ],
          [
            -75.397528,
            6.228112
          ],
          [
            -75.397792,
            6.228163
          ],
          [
            -75.398682,
            6.228277
          ],
          [
            -75.399361,
            6.228377
          ],
          [
            -75.399678,
            6.228434
          ],
          [
            -75.400262,
            6.228526
          ],
          [
            -75.402797,
            6.228859
          ],
          [
            -75.403071,
            6.228924
          ],
          [
            -75.403324,
            6.229014
          ],
          [
            -75.403474,
            6.229092
          ],
          [
            -75.403811,
            6.22931
          ],
          [
            -75.404037,
            6.229476
          ],
          [
            -75.404147,
            6.229543
          ],
          [
            -75.404277,
            6.229594
          ],
          [
            -75.40447,
            6.229635
          ],
          [
            -75.404761,
            6.229624
          ],
          [
            -75.404961,
            6.22957
          ],
          [
            -75.405134,
            6.229496
          ],
          [
            -75.405691,
            6.229286
          ],
          [
            -75.405994,
            6.229284
          ],
          [
            -75.406408,
            6.22934
          ],
          [
            -75.407761,
            6.229524
          ],
          [
            -75.408099,
            6.229585
          ],
          [
            -75.408382,
            6.229661
          ],
          [
            -75.408684,
            6.229785
          ],
          [
            -75.409126,
            6.230051
          ],
          [
            -75.409458,
            6.230337
          ],
          [
            -75.409517,
            6.230406
          ],
          [
            -75.410026,
            6.231121
          ],
          [
            -75.410381,
            6.231752
          ],
          [
            -75.410798,
            6.232499
          ],
          [
            -75.412387,
            6.235404
          ],
          [
            -75.413666,
            6.237706
          ],
          [
            -75.41452,
            6.239264
          ],
          [
            -75.414769,
            6.239718
          ],
          [
            -75.415062,
            6.240253
          ],
          [
            -75.41595,
            6.241876
          ],
          [
            -75.41619,
            6.2423
          ],
          [
            -75.416525,
            6.242744
          ],
          [
            -75.416745,
            6.242957
          ],
          [
            -75.417092,
            6.243226
          ],
          [
            -75.417338,
            6.243381
          ],
          [
            -75.41919,
            6.244373
          ],
          [
            -75.419691,
            6.244635
          ],
          [
            -75.419763,
            6.244673
          ],
          [
            -75.420915,
            6.24527
          ],
          [
            -75.421862,
            6.245779
          ],
          [
            -75.422145,
            6.245984
          ],
          [
            -75.42243,
            6.246239
          ],
          [
            -75.422703,
            6.246564
          ],
          [
            -75.422927,
            6.24688
          ],
          [
            -75.423467,
            6.247904
          ],
          [
            -75.424425,
            6.249869
          ],
          [
            -75.424564,
            6.250097
          ],
          [
            -75.424893,
            6.250766
          ],
          [
            -75.425088,
            6.251019
          ],
          [
            -75.425314,
            6.251255
          ],
          [
            -75.425512,
            6.251435
          ],
          [
            -75.425687,
            6.251569
          ],
          [
            -75.425926,
            6.25173
          ],
          [
            -75.426175,
            6.251865
          ],
          [
            -75.426497,
            6.251999
          ],
          [
            -75.426643,
            6.25204
          ],
          [
            -75.427023,
            6.252155
          ],
          [
            -75.427777,
            6.252382
          ],
          [
            -75.428053,
            6.252465
          ],
          [
            -75.429142,
            6.252808
          ],
          [
            -75.429996,
            6.253073
          ],
          [
            -75.43081,
            6.25337
          ],
          [
            -75.431393,
            6.253566
          ],
          [
            -75.431857,
            6.253805
          ],
          [
            -75.432217,
            6.254044
          ],
          [
            -75.432441,
            6.254223
          ],
          [
            -75.432595,
            6.25436
          ],
          [
            -75.432981,
            6.254795
          ],
          [
            -75.433376,
            6.255287
          ],
          [
            -75.433916,
            6.256125
          ],
          [
            -75.434461,
            6.257026
          ],
          [
            -75.434934,
            6.257621
          ],
          [
            -75.435159,
            6.257893
          ],
          [
            -75.435612,
            6.258394
          ],
          [
            -75.436133,
            6.258922
          ],
          [
            -75.436542,
            6.259304
          ],
          [
            -75.437527,
            6.260312
          ],
          [
            -75.437762,
            6.260584
          ],
          [
            -75.438085,
            6.261003
          ],
          [
            -75.438168,
            6.261133
          ],
          [
            -75.43839,
            6.261583
          ],
          [
            -75.438506,
            6.262
          ],
          [
            -75.438547,
            6.262266
          ],
          [
            -75.43858,
            6.262618
          ],
          [
            -75.438577,
            6.262789
          ],
          [
            -75.438532,
            6.26327
          ],
          [
            -75.438247,
            6.264478
          ],
          [
            -75.437876,
            6.265917
          ],
          [
            -75.437431,
            6.267933
          ],
          [
            -75.437397,
            6.268367
          ],
          [
            -75.437426,
            6.268823
          ],
          [
            -75.437516,
            6.269252
          ],
          [
            -75.437648,
            6.269627
          ],
          [
            -75.437756,
            6.269882
          ],
          [
            -75.438624,
            6.27169
          ],
          [
            -75.438778,
            6.271981
          ],
          [
            -75.438984,
            6.272322
          ],
          [
            -75.439353,
            6.272885
          ],
          [
            -75.440365,
            6.274284
          ],
          [
            -75.440915,
            6.275052
          ],
          [
            -75.440986,
            6.275132
          ],
          [
            -75.441004,
            6.275153
          ],
          [
            -75.441481,
            6.275649
          ],
          [
            -75.441593,
            6.275743
          ],
          [
            -75.441893,
            6.275965
          ],
          [
            -75.442201,
            6.276155
          ],
          [
            -75.442491,
            6.276314
          ],
          [
            -75.442997,
            6.276524
          ],
          [
            -75.443018,
            6.276531
          ],
          [
            -75.443412,
            6.276656
          ],
          [
            -75.443687,
            6.276724
          ],
          [
            -75.444347,
            6.276888
          ],
          [
            -75.444992,
            6.277074
          ],
          [
            -75.445292,
            6.277211
          ],
          [
            -75.445441,
            6.2773
          ],
          [
            -75.445807,
            6.277543
          ],
          [
            -75.445979,
            6.27768
          ],
          [
            -75.446348,
            6.278081
          ],
          [
            -75.446511,
            6.278294
          ],
          [
            -75.446657,
            6.278524
          ],
          [
            -75.446786,
            6.278772
          ],
          [
            -75.446871,
            6.278985
          ],
          [
            -75.446957,
            6.279258
          ],
          [
            -75.447028,
            6.279542
          ],
          [
            -75.447066,
            6.279885
          ],
          [
            -75.447069,
            6.279917
          ],
          [
            -75.447107,
            6.280387
          ],
          [
            -75.447119,
            6.280532
          ],
          [
            -75.447174,
            6.281189
          ],
          [
            -75.447266,
            6.281818
          ],
          [
            -75.447326,
            6.282108
          ],
          [
            -75.447395,
            6.282355
          ],
          [
            -75.447498,
            6.28272
          ],
          [
            -75.448045,
            6.284188
          ],
          [
            -75.448322,
            6.284957
          ],
          [
            -75.448498,
            6.285512
          ],
          [
            -75.448694,
            6.286021
          ],
          [
            -75.448849,
            6.286496
          ],
          [
            -75.448918,
            6.286769
          ],
          [
            -75.448939,
            6.286987
          ],
          [
            -75.448956,
            6.287141
          ],
          [
            -75.448977,
            6.287344
          ],
          [
            -75.448986,
            6.287436
          ],
          [
            -75.449011,
            6.287683
          ],
          [
            -75.449001,
            6.287851
          ],
          [
            -75.448928,
            6.288267
          ],
          [
            -75.448904,
            6.288551
          ],
          [
            -75.448827,
            6.288897
          ],
          [
            -75.448804,
            6.289103
          ],
          [
            -75.448798,
            6.289325
          ],
          [
            -75.448811,
            6.289547
          ],
          [
            -75.448884,
            6.289947
          ],
          [
            -75.449031,
            6.290355
          ],
          [
            -75.449147,
            6.290579
          ],
          [
            -75.449274,
            6.290776
          ],
          [
            -75.449647,
            6.291237
          ],
          [
            -75.449837,
            6.291518
          ],
          [
            -75.449936,
            6.291716
          ],
          [
            -75.450081,
            6.292195
          ],
          [
            -75.450171,
            6.292383
          ],
          [
            -75.450285,
            6.292555
          ],
          [
            -75.450637,
            6.293042
          ],
          [
            -75.450704,
            6.293124
          ],
          [
            -75.450995,
            6.293362
          ],
          [
            -75.451319,
            6.293657
          ],
          [
            -75.451767,
            6.294239
          ],
          [
            -75.452045,
            6.294552
          ],
          [
            -75.453637,
            6.296078
          ],
          [
            -75.453924,
            6.296425
          ],
          [
            -75.454096,
            6.296673
          ],
          [
            -75.454299,
            6.29704
          ],
          [
            -75.454438,
            6.297329
          ],
          [
            -75.454508,
            6.297513
          ],
          [
            -75.45483,
            6.298714
          ],
          [
            -75.455269,
            6.300305
          ],
          [
            -75.455421,
            6.300787
          ],
          [
            -75.455551,
            6.301103
          ],
          [
            -75.455659,
            6.301292
          ],
          [
            -75.455711,
            6.30143
          ],
          [
            -75.457032,
            6.303257
          ],
          [
            -75.457728,
            6.304101
          ],
          [
            -75.457945,
            6.304383
          ],
          [
            -75.458333,
            6.305027
          ],
          [
            -75.458695,
            6.305581
          ],
          [
            -75.458805,
            6.305781
          ],
          [
            -75.45895,
            6.306134
          ],
          [
            -75.458973,
            6.3062
          ],
          [
            -75.459046,
            6.306399
          ],
          [
            -75.459403,
            6.307387
          ],
          [
            -75.459507,
            6.307676
          ],
          [
            -75.45979,
            6.308257
          ],
          [
            -75.460348,
            6.309835
          ],
          [
            -75.460502,
            6.31039
          ],
          [
            -75.460828,
            6.311815
          ],
          [
            -75.46094,
            6.31213
          ],
          [
            -75.461026,
            6.312326
          ],
          [
            -75.461206,
            6.312616
          ],
          [
            -75.461421,
            6.312906
          ],
          [
            -75.462528,
            6.314056
          ],
          [
            -75.462717,
            6.31428
          ],
          [
            -75.462923,
            6.314604
          ],
          [
            -75.463009,
            6.314775
          ],
          [
            -75.463188,
            6.31521
          ],
          [
            -75.4633,
            6.315577
          ],
          [
            -75.463326,
            6.315841
          ],
          [
            -75.463352,
            6.316063
          ],
          [
            -75.463389,
            6.316187
          ],
          [
            -75.463485,
            6.316456
          ],
          [
            -75.463549,
            6.316566
          ],
          [
            -75.463618,
            6.316677
          ],
          [
            -75.463901,
            6.317018
          ],
          [
            -75.464004,
            6.317181
          ],
          [
            -75.464095,
            6.317388
          ],
          [
            -75.464141,
            6.317505
          ],
          [
            -75.464219,
            6.317795
          ],
          [
            -75.464244,
            6.317957
          ],
          [
            -75.464262,
            6.318281
          ],
          [
            -75.464193,
            6.318673
          ],
          [
            -75.463953,
            6.31932
          ],
          [
            -75.463755,
            6.319876
          ],
          [
            -75.463695,
            6.320115
          ],
          [
            -75.463669,
            6.320371
          ],
          [
            -75.463669,
            6.320584
          ],
          [
            -75.463696,
            6.320812
          ],
          [
            -75.463738,
            6.320994
          ],
          [
            -75.463841,
            6.32125
          ],
          [
            -75.464034,
            6.321617
          ],
          [
            -75.464137,
            6.321747
          ],
          [
            -75.464337,
            6.321932
          ],
          [
            -75.464449,
            6.321992
          ],
          [
            -75.464737,
            6.322121
          ],
          [
            -75.465485,
            6.322372
          ],
          [
            -75.466612,
            6.32279
          ],
          [
            -75.466988,
            6.322915
          ],
          [
            -75.470182,
            6.324025
          ],
          [
            -75.470464,
            6.324239
          ],
          [
            -75.471017,
            6.324799
          ],
          [
            -75.471212,
            6.324966
          ],
          [
            -75.471351,
            6.325046
          ],
          [
            -75.471597,
            6.325131
          ],
          [
            -75.471763,
            6.325159
          ],
          [
            -75.471932,
            6.325169
          ],
          [
            -75.472138,
            6.32514
          ],
          [
            -75.472259,
            6.325108
          ],
          [
            -75.472651,
            6.325019
          ],
          [
            -75.472816,
            6.324995
          ],
          [
            -75.472981,
            6.325008
          ],
          [
            -75.473159,
            6.325062
          ],
          [
            -75.473283,
            6.325124
          ],
          [
            -75.473417,
            6.325234
          ],
          [
            -75.474209,
            6.32612
          ],
          [
            -75.474345,
            6.326259
          ],
          [
            -75.474522,
            6.326396
          ],
          [
            -75.474687,
            6.326479
          ],
          [
            -75.47578,
            6.326831
          ],
          [
            -75.476118,
            6.326939
          ],
          [
            -75.47634,
            6.327053
          ],
          [
            -75.478526,
            6.328502
          ],
          [
            -75.478711,
            6.328599
          ],
          [
            -75.479166,
            6.328763
          ],
          [
            -75.479399,
            6.328802
          ],
          [
            -75.479648,
            6.32879
          ],
          [
            -75.479903,
            6.328753
          ],
          [
            -75.480028,
            6.328717
          ],
          [
            -75.480285,
            6.328608
          ],
          [
            -75.481282,
            6.32804
          ],
          [
            -75.481643,
            6.32786
          ],
          [
            -75.481976,
            6.327728
          ],
          [
            -75.482254,
            6.327645
          ],
          [
            -75.482397,
            6.32761
          ],
          [
            -75.482573,
            6.327601
          ],
          [
            -75.482685,
            6.327622
          ],
          [
            -75.482903,
            6.327701
          ],
          [
            -75.483104,
            6.327848
          ],
          [
            -75.483198,
            6.327951
          ],
          [
            -75.483351,
            6.328162
          ],
          [
            -75.484413,
            6.329294
          ],
          [
            -75.484629,
            6.329445
          ],
          [
            -75.484925,
            6.329582
          ],
          [
            -75.48511,
            6.329634
          ],
          [
            -75.485377,
            6.329666
          ],
          [
            -75.485792,
            6.329676
          ],
          [
            -75.487374,
            6.329661
          ],
          [
            -75.487691,
            6.329692
          ],
          [
            -75.487998,
            6.329796
          ],
          [
            -75.488321,
            6.329858
          ],
          [
            -75.488533,
            6.329852
          ],
          [
            -75.488763,
            6.329804
          ],
          [
            -75.488855,
            6.329779
          ],
          [
            -75.489361,
            6.329594
          ],
          [
            -75.489572,
            6.329444
          ],
          [
            -75.489771,
            6.329219
          ],
          [
            -75.489912,
            6.329033
          ],
          [
            -75.49002,
            6.32877
          ],
          [
            -75.490052,
            6.328561
          ],
          [
            -75.490056,
            6.32835
          ],
          [
            -75.490029,
            6.327759
          ],
          [
            -75.490025,
            6.327696
          ],
          [
            -75.489997,
            6.326959
          ],
          [
            -75.490035,
            6.325607
          ],
          [
            -75.490028,
            6.325238
          ],
          [
            -75.490018,
            6.323875
          ],
          [
            -75.490028,
            6.3235
          ],
          [
            -75.490091,
            6.322641
          ],
          [
            -75.490026,
            6.320815
          ],
          [
            -75.490026,
            6.320563
          ],
          [
            -75.490061,
            6.320015
          ],
          [
            -75.490098,
            6.31986
          ],
          [
            -75.490444,
            6.318326
          ],
          [
            -75.490539,
            6.318116
          ],
          [
            -75.491274,
            6.31705
          ],
          [
            -75.491686,
            6.316484
          ],
          [
            -75.492513,
            6.315283
          ],
          [
            -75.492634,
            6.315127
          ],
          [
            -75.492769,
            6.315035
          ],
          [
            -75.492882,
            6.314975
          ],
          [
            -75.493043,
            6.314918
          ],
          [
            -75.493203,
            6.314896
          ],
          [
            -75.49403,
            6.314886
          ],
          [
            -75.494364,
            6.314852
          ],
          [
            -75.494589,
            6.314807
          ],
          [
            -75.494877,
            6.314685
          ],
          [
            -75.495377,
            6.314434
          ],
          [
            -75.495669,
            6.31434
          ],
          [
            -75.495755,
            6.314323
          ],
          [
            -75.495963,
            6.314334
          ],
          [
            -75.496173,
            6.314389
          ],
          [
            -75.496357,
            6.314477
          ],
          [
            -75.499148,
            6.316038
          ],
          [
            -75.499332,
            6.316164
          ],
          [
            -75.499921,
            6.31662
          ],
          [
            -75.500689,
            6.317243
          ],
          [
            -75.50089,
            6.317373
          ],
          [
            -75.500984,
            6.317424
          ],
          [
            -75.501226,
            6.317491
          ],
          [
            -75.501368,
            6.31751
          ],
          [
            -75.501507,
            6.317503
          ],
          [
            -75.501793,
            6.317445
          ],
          [
            -75.501936,
            6.317382
          ],
          [
            -75.50208,
            6.317286
          ],
          [
            -75.502199,
            6.317178
          ],
          [
            -75.502344,
            6.31702
          ],
          [
            -75.502413,
            6.316917
          ],
          [
            -75.502491,
            6.31674
          ],
          [
            -75.502578,
            6.316425
          ],
          [
            -75.502657,
            6.315896
          ],
          [
            -75.50275,
            6.315462
          ],
          [
            -75.5033,
            6.314229
          ],
          [
            -75.503404,
            6.314046
          ],
          [
            -75.503546,
            6.313791
          ],
          [
            -75.503617,
            6.313607
          ],
          [
            -75.503662,
            6.313452
          ],
          [
            -75.503678,
            6.313307
          ],
          [
            -75.503674,
            6.313081
          ],
          [
            -75.503543,
            6.312137
          ],
          [
            -75.503534,
            6.31184
          ],
          [
            -75.503587,
            6.311614
          ],
          [
            -75.503657,
            6.311475
          ],
          [
            -75.503763,
            6.311341
          ],
          [
            -75.503835,
            6.311275
          ],
          [
            -75.503992,
            6.311175
          ],
          [
            -75.50409,
            6.311135
          ],
          [
            -75.504316,
            6.311093
          ],
          [
            -75.504533,
            6.311111
          ],
          [
            -75.504724,
            6.311179
          ],
          [
            -75.504881,
            6.311281
          ],
          [
            -75.504984,
            6.311383
          ],
          [
            -75.505057,
            6.311483
          ],
          [
            -75.505157,
            6.311682
          ],
          [
            -75.505501,
            6.312257
          ],
          [
            -75.505863,
            6.312767
          ],
          [
            -75.506295,
            6.31329
          ],
          [
            -75.50709,
            6.314142
          ],
          [
            -75.507233,
            6.314343
          ],
          [
            -75.507329,
            6.314531
          ],
          [
            -75.50735,
            6.314609
          ],
          [
            -75.507376,
            6.314852
          ],
          [
            -75.507298,
            6.315862
          ],
          [
            -75.507292,
            6.316273
          ],
          [
            -75.507366,
            6.316761
          ],
          [
            -75.507492,
            6.317135
          ],
          [
            -75.508178,
            6.318484
          ],
          [
            -75.50822,
            6.318605
          ],
          [
            -75.508259,
            6.318859
          ],
          [
            -75.508255,
            6.318988
          ],
          [
            -75.508202,
            6.319239
          ],
          [
            -75.508152,
            6.319358
          ],
          [
            -75.507723,
            6.320159
          ],
          [
            -75.507662,
            6.320334
          ],
          [
            -75.507632,
            6.320494
          ],
          [
            -75.507628,
            6.320721
          ],
          [
            -75.507787,
            6.322017
          ],
          [
            -75.507958,
            6.322395
          ],
          [
            -75.508022,
            6.322493
          ],
          [
            -75.508106,
            6.322597
          ],
          [
            -75.508304,
            6.32277
          ],
          [
            -75.508446,
            6.322871
          ],
          [
            -75.509366,
            6.323338
          ],
          [
            -75.511064,
            6.324228
          ],
          [
            -75.511323,
            6.324384
          ],
          [
            -75.511443,
            6.324477
          ],
          [
            -75.511618,
            6.324669
          ],
          [
            -75.511717,
            6.324901
          ],
          [
            -75.511776,
            6.325129
          ],
          [
            -75.511788,
            6.325241
          ],
          [
            -75.511786,
            6.325406
          ],
          [
            -75.511698,
            6.326268
          ],
          [
            -75.511702,
            6.326411
          ],
          [
            -75.511761,
            6.326625
          ],
          [
            -75.511816,
            6.326741
          ],
          [
            -75.511982,
            6.326965
          ],
          [
            -75.512722,
            6.327824
          ],
          [
            -75.512832,
            6.327932
          ],
          [
            -75.51295,
            6.32802
          ],
          [
            -75.513112,
            6.328105
          ],
          [
            -75.513375,
            6.328179
          ],
          [
            -75.513512,
            6.32819
          ],
          [
            -75.513657,
            6.328183
          ],
          [
            -75.513929,
            6.328133
          ],
          [
            -75.514151,
            6.328119
          ],
          [
            -75.514642,
            6.328136
          ],
          [
            -75.515178,
            6.328153
          ],
          [
            -75.515635,
            6.328114
          ],
          [
            -75.515802,
            6.328087
          ],
          [
            -75.516156,
            6.327954
          ],
          [
            -75.516508,
            6.327816
          ],
          [
            -75.517242,
            6.327636
          ],
          [
            -75.517562,
            6.327615
          ],
          [
            -75.517742,
            6.327628
          ],
          [
            -75.517953,
            6.327666
          ],
          [
            -75.518269,
            6.327774
          ],
          [
            -75.518405,
            6.327842
          ],
          [
            -75.518636,
            6.327994
          ],
          [
            -75.518866,
            6.328204
          ],
          [
            -75.518993,
            6.328358
          ],
          [
            -75.519107,
            6.328534
          ],
          [
            -75.519377,
            6.329059
          ],
          [
            -75.519506,
            6.329294
          ],
          [
            -75.519573,
            6.329389
          ],
          [
            -75.519726,
            6.329542
          ],
          [
            -75.519862,
            6.329636
          ],
          [
            -75.52001,
            6.329705
          ],
          [
            -75.520183,
            6.329753
          ],
          [
            -75.520412,
            6.329769
          ],
          [
            -75.52054,
            6.329755
          ],
          [
            -75.521331,
            6.329466
          ],
          [
            -75.522004,
            6.329133
          ],
          [
            -75.522447,
            6.328941
          ],
          [
            -75.523019,
            6.328748
          ],
          [
            -75.523573,
            6.328608
          ],
          [
            -75.523779,
            6.328515
          ],
          [
            -75.523961,
            6.32838
          ],
          [
            -75.524043,
            6.328294
          ],
          [
            -75.524198,
            6.328054
          ],
          [
            -75.524269,
            6.327848
          ],
          [
            -75.524295,
            6.327652
          ],
          [
            -75.524294,
            6.327563
          ],
          [
            -75.524256,
            6.327335
          ],
          [
            -75.523946,
            6.326157
          ],
          [
            -75.523889,
            6.325748
          ],
          [
            -75.523817,
            6.325041
          ],
          [
            -75.523741,
            6.324481
          ],
          [
            -75.523733,
            6.323924
          ],
          [
            -75.523772,
            6.323723
          ],
          [
            -75.523832,
            6.323555
          ],
          [
            -75.52394,
            6.323382
          ],
          [
            -75.524076,
            6.323217
          ],
          [
            -75.524286,
            6.323071
          ],
          [
            -75.524376,
            6.32303
          ],
          [
            -75.524532,
            6.322977
          ],
          [
            -75.524633,
            6.322964
          ],
          [
            -75.524874,
            6.32297
          ],
          [
            -75.525021,
            6.322999
          ],
          [
            -75.527148,
            6.32369
          ],
          [
            -75.527353,
            6.32373
          ],
          [
            -75.527604,
            6.323733
          ],
          [
            -75.527842,
            6.323679
          ],
          [
            -75.527949,
            6.323635
          ],
          [
            -75.528064,
            6.323581
          ],
          [
            -75.528193,
            6.323487
          ],
          [
            -75.528402,
            6.323252
          ],
          [
            -75.528529,
            6.323024
          ],
          [
            -75.528586,
            6.322795
          ],
          [
            -75.528612,
            6.322331
          ],
          [
            -75.528609,
            6.321963
          ],
          [
            -75.528632,
            6.321756
          ],
          [
            -75.528663,
            6.321649
          ],
          [
            -75.528831,
            6.321345
          ],
          [
            -75.529406,
            6.320653
          ],
          [
            -75.529523,
            6.32046
          ],
          [
            -75.529624,
            6.32025
          ],
          [
            -75.529684,
            6.320055
          ],
          [
            -75.529703,
            6.319921
          ],
          [
            -75.529706,
            6.319184
          ],
          [
            -75.529681,
            6.318255
          ],
          [
            -75.529724,
            6.317974
          ],
          [
            -75.529795,
            6.317797
          ],
          [
            -75.529957,
            6.317563
          ],
          [
            -75.530098,
            6.317434
          ],
          [
            -75.530346,
            6.317294
          ],
          [
            -75.530445,
            6.31726
          ],
          [
            -75.530649,
            6.317222
          ],
          [
            -75.530857,
            6.317224
          ],
          [
            -75.530959,
            6.31724
          ],
          [
            -75.531157,
            6.317303
          ],
          [
            -75.53134,
            6.317402
          ],
          [
            -75.531499,
            6.317535
          ],
          [
            -75.531568,
            6.317612
          ],
          [
            -75.531681,
            6.317785
          ],
          [
            -75.531769,
            6.317977
          ],
          [
            -75.532166,
            6.319115
          ],
          [
            -75.532344,
            6.319464
          ],
          [
            -75.532574,
            6.319845
          ],
          [
            -75.532919,
            6.320315
          ],
          [
            -75.533527,
            6.321003
          ],
          [
            -75.534962,
            6.322761
          ],
          [
            -75.535235,
            6.323116
          ],
          [
            -75.535345,
            6.323234
          ],
          [
            -75.535566,
            6.323403
          ],
          [
            -75.535839,
            6.32353
          ],
          [
            -75.536307,
            6.323673
          ],
          [
            -75.536557,
            6.323731
          ],
          [
            -75.537413,
            6.323978
          ],
          [
            -75.537526,
            6.323998
          ],
          [
            -75.537555,
            6.324001
          ],
          [
            -75.537713,
            6.324016
          ],
          [
            -75.538029,
            6.32401
          ],
          [
            -75.53806,
            6.324006
          ],
          [
            -75.538611,
            6.323899
          ],
          [
            -75.539625,
            6.323692
          ],
          [
            -75.540561,
            6.323323
          ],
          [
            -75.540841,
            6.323253
          ],
          [
            -75.541087,
            6.323238
          ],
          [
            -75.541936,
            6.323288
          ],
          [
            -75.542661,
            6.323298
          ],
          [
            -75.54276,
            6.323296
          ],
          [
            -75.542908,
            6.323264
          ],
          [
            -75.543121,
            6.3232
          ],
          [
            -75.544029,
            6.322792
          ],
          [
            -75.544199,
            6.322688
          ],
          [
            -75.544414,
            6.322514
          ],
          [
            -75.54456,
            6.322316
          ],
          [
            -75.544763,
            6.322094
          ],
          [
            -75.545077,
            6.321786
          ],
          [
            -75.545244,
            6.321679
          ],
          [
            -75.545932,
            6.321381
          ],
          [
            -75.546124,
            6.321283
          ],
          [
            -75.546425,
            6.321055
          ],
          [
            -75.546766,
            6.320682
          ],
          [
            -75.546897,
            6.32047
          ],
          [
            -75.547045,
            6.320121
          ],
          [
            -75.547069,
            6.320021
          ],
          [
            -75.54708,
            6.319882
          ],
          [
            -75.547059,
            6.319361
          ],
          [
            -75.546979,
            6.317726
          ],
          [
            -75.546977,
            6.317387
          ],
          [
            -75.54701,
            6.31705
          ],
          [
            -75.547092,
            6.316672
          ],
          [
            -75.54715,
            6.316488
          ],
          [
            -75.547249,
            6.316239
          ],
          [
            -75.547368,
            6.315999
          ],
          [
            -75.547583,
            6.315659
          ],
          [
            -75.547948,
            6.31522
          ],
          [
            -75.548376,
            6.314788
          ],
          [
            -75.549469,
            6.313784
          ],
          [
            -75.549667,
            6.313564
          ],
          [
            -75.549759,
            6.313436
          ],
          [
            -75.549852,
            6.31325
          ],
          [
            -75.549952,
            6.312938
          ],
          [
            -75.550025,
            6.312588
          ],
          [
            -75.550141,
            6.31201
          ],
          [
            -75.550158,
            6.311923
          ],
          [
            -75.550202,
            6.311825
          ],
          [
            -75.550254,
            6.311686
          ],
          [
            -75.550388,
            6.311465
          ],
          [
            -75.550455,
            6.311387
          ],
          [
            -75.550613,
            6.311249
          ],
          [
            -75.55118,
            6.310942
          ],
          [
            -75.551734,
            6.310767
          ],
          [
            -75.552376,
            6.310564
          ],
          [
            -75.552802,
            6.310429
          ],
          [
            -75.553609,
            6.310174
          ],
          [
            -75.554204,
            6.309967
          ],
          [
            -75.554902,
            6.309739
          ],
          [
            -75.55509,
            6.309697
          ],
          [
            -75.555268,
            6.309679
          ],
          [
            -75.555618,
            6.30967
          ],
          [
            -75.555848,
            6.309708
          ],
          [
            -75.556176,
            6.309828
          ],
          [
            -75.556377,
            6.309947
          ],
          [
            -75.556549,
            6.310088
          ],
          [
            -75.557596,
            6.310792
          ],
          [
            -75.557794,
            6.310932
          ],
          [
            -75.557857,
            6.310976
          ],
          [
            -75.557904,
            6.311133
          ],
          [
            -75.557909,
            6.31122
          ],
          [
            -75.557886,
            6.311301
          ],
          [
            -75.5578,
            6.311398
          ],
          [
            -75.557759,
            6.311422
          ],
          [
            -75.557656,
            6.311446
          ],
          [
            -75.557542,
            6.311438
          ],
          [
            -75.557466,
            6.311399
          ],
          [
            -75.557415,
            6.311352
          ],
          [
            -75.557361,
            6.311273
          ],
          [
            -75.557332,
            6.311182
          ],
          [
            -75.557311,
            6.311015
          ],
          [
            -75.55762,
            6.310572
          ],
          [
            -75.557665,
            6.310512
          ],
          [
            -75.557934,
            6.310131
          ],
          [
            -75.558021,
            6.310005
          ],
          [
            -75.55821,
            6.309697
          ],
          [
            -75.558304,
            6.309498
          ],
          [
            -75.558421,
            6.309184
          ],
          [
            -75.558474,
            6.309
          ],
          [
            -75.558502,
            6.308841
          ],
          [
            -75.55853,
            6.3085
          ],
          [
            -75.558526,
            6.308312
          ],
          [
            -75.558245,
            6.306579
          ],
          [
            -75.558182,
            6.306216
          ],
          [
            -75.558125,
            6.305846
          ],
          [
            -75.557977,
            6.304476
          ],
          [
            -75.558001,
            6.303921
          ],
          [
            -75.558041,
            6.30368
          ],
          [
            -75.558167,
            6.30317
          ],
          [
            -75.5584,
            6.302282
          ],
          [
            -75.558615,
            6.301596
          ],
          [
            -75.55879,
            6.301049
          ],
          [
            -75.559001,
            6.30052
          ],
          [
            -75.559349,
            6.299677
          ],
          [
            -75.559553,
            6.299204
          ],
          [
            -75.559887,
            6.298347
          ],
          [
            -75.560031,
            6.298111
          ],
          [
            -75.560395,
            6.297608
          ],
          [
            -75.560563,
            6.297404
          ],
          [
            -75.561476,
            6.296366
          ],
          [
            -75.561896,
            6.295868
          ],
          [
            -75.562242,
            6.295506
          ],
          [
            -75.562331,
            6.295413
          ],
          [
            -75.563433,
            6.294265
          ],
          [
            -75.563528,
            6.294128
          ],
          [
            -75.563596,
            6.293992
          ],
          [
            -75.563647,
            6.293843
          ],
          [
            -75.56367,
            6.293765
          ],
          [
            -75.564078,
            6.291971
          ],
          [
            -75.564147,
            6.291732
          ],
          [
            -75.564207,
            6.291579
          ],
          [
            -75.564267,
            6.291468
          ],
          [
            -75.564327,
            6.291391
          ],
          [
            -75.565939,
            6.289406
          ],
          [
            -75.566021,
            6.289278
          ],
          [
            -75.566104,
            6.289125
          ],
          [
            -75.56616,
            6.288927
          ],
          [
            -75.566244,
            6.288333
          ],
          [
            -75.566314,
            6.287682
          ],
          [
            -75.566348,
            6.287518
          ],
          [
            -75.56639,
            6.287336
          ],
          [
            -75.56643,
            6.287208
          ],
          [
            -75.56655,
            6.286991
          ],
          [
            -75.567852,
            6.285541
          ],
          [
            -75.56799,
            6.285356
          ],
          [
            -75.568323,
            6.284731
          ],
          [
            -75.56853,
            6.284289
          ],
          [
            -75.568896,
            6.283637
          ],
          [
            -75.568986,
            6.283358
          ],
          [
            -75.569011,
            6.283181
          ],
          [
            -75.568961,
            6.281792
          ],
          [
            -75.568988,
            6.281228
          ],
          [
            -75.569039,
            6.280836
          ],
          [
            -75.569138,
            6.280359
          ],
          [
            -75.570412,
            6.274704
          ],
          [
            -75.571189,
            6.271162
          ],
          [
            -75.571614,
            6.269352
          ],
          [
            -75.572419,
            6.265739
          ],
          [
            -75.572583,
            6.265142
          ],
          [
            -75.573088,
            6.263438
          ],
          [
            -75.573518,
            6.262184
          ],
          [
            -75.573741,
            6.261681
          ],
          [
            -75.574455,
            6.260224
          ],
          [
            -75.574603,
            6.259894
          ],
          [
            -75.57477,
            6.259521
          ],
          [
            -75.575194,
            6.25866
          ],
          [
            -75.576049,
            6.257059
          ],
          [
            -75.576909,
            6.255498
          ],
          [
            -75.577789,
            6.253921
          ],
          [
            -75.578538,
            6.252649
          ],
          [
            -75.578905,
            6.252002
          ],
          [
            -75.579103,
            6.25164
          ],
          [
            -75.57932,
            6.251242
          ],
          [
            -75.579473,
            6.250958
          ],
          [
            -75.579694,
            6.25057
          ],
          [
            -75.579831,
            6.250247
          ],
          [
            -75.579979,
            6.249696
          ],
          [
            -75.580039,
            6.249563
          ],
          [
            -75.580378,
            6.248897
          ],
          [
            -75.580465,
            6.248658
          ],
          [
            -75.580525,
            6.248328
          ],
          [
            -75.580539,
            6.248019
          ],
          [
            -75.580491,
            6.247648
          ],
          [
            -75.58043,
            6.247334
          ],
          [
            -75.580151,
            6.246474
          ],
          [
            -75.57983,
            6.24553
          ],
          [
            -75.57965,
            6.24493
          ],
          [
            -75.57962,
            6.244859
          ],
          [
            -75.579374,
            6.244143
          ],
          [
            -75.578448,
            6.241403
          ],
          [
            -75.578287,
            6.240838
          ],
          [
            -75.578194,
            6.240578
          ],
          [
            -75.577961,
            6.240181
          ],
          [
            -75.577657,
            6.239419
          ],
          [
            -75.577228,
            6.23806
          ],
          [
            -75.576735,
            6.236638
          ],
          [
            -75.576711,
            6.236403
          ],
          [
            -75.576329,
            6.235283
          ],
          [
            -75.576243,
            6.235042
          ],
          [
            -75.576216,
            6.234964
          ],
          [
            -75.576186,
            6.234876
          ],
          [
            -75.576092,
            6.234486
          ],
          [
            -75.576058,
            6.234222
          ],
          [
            -75.575965,
            6.232589
          ],
          [
            -75.575925,
            6.23193
          ],
          [
            -75.575904,
            6.231567
          ],
          [
            -75.575907,
            6.23129
          ],
          [
            -75.576297,
            6.227966
          ],
          [
            -75.577942,
            6.216594
          ],
          [
            -75.578111,
            6.216017
          ],
          [
            -75.578234,
            6.215192
          ],
          [
            -75.578381,
            6.214015
          ],
          [
            -75.578485,
            6.213354
          ],
          [
            -75.578693,
            6.211783
          ],
          [
            -75.57876,
            6.211294
          ],
          [
            -75.578801,
            6.210983
          ],
          [
            -75.578885,
            6.210449
          ],
          [
            -75.579004,
            6.209709
          ],
          [
            -75.579089,
            6.209146
          ],
          [
            -75.579108,
            6.20901
          ],
          [
            -75.57913,
            6.208844
          ],
          [
            -75.579293,
            6.207431
          ],
          [
            -75.579325,
            6.207194
          ],
          [
            -75.579672,
            6.206197
          ],
          [
            -75.579737,
            6.205892
          ],
          [
            -75.579788,
            6.205408
          ],
          [
            -75.579882,
            6.204571
          ],
          [
            -75.580056,
            6.203547
          ],
          [
            -75.580106,
            6.203149
          ],
          [
            -75.580209,
            6.202523
          ],
          [
            -75.580234,
            6.202131
          ],
          [
            -75.580213,
            6.201956
          ],
          [
            -75.580176,
            6.201837
          ],
          [
            -75.580161,
            6.20177
          ],
          [
            -75.580232,
            6.201151
          ],
          [
            -75.580323,
            6.200432
          ],
          [
            -75.580343,
            6.200299
          ],
          [
            -75.580506,
            6.200147
          ],
          [
            -75.580579,
            6.200106
          ],
          [
            -75.580737,
            6.20007
          ],
          [
            -75.581479,
            6.200258
          ],
          [
            -75.581519,
            6.200104
          ],
          [
            -75.581577,
            6.1999
          ],
          [
            -75.581626,
            6.199687
          ]
        ],
        "type": "LineString"
      }
    }
  ],
  "metadata": {
    "attribution": "openrouteservice.org | OpenStreetMap contributors",
    "service": "routing",
    "timestamp": 1764859153221,
    "query": {
      "coordinates": [
        [
          -75.4295337,
          6.0350586
        ],
        [
          -75.582095,
          6.199515
        ]
      ],
      "profile": "driving-hgv",
      "profileName": "driving-hgv",
      "preference": "recommended",
      "format": "geojson",
      "language": "es",
      "options": {
        "profile_params": {
          "restrictions": {
            "length": 8.0,
            "width": 2.5,
            "height": 3.5
          },
          "surface_quality_known": false,
          "allow_unsuitable": false
        },
        "avoid_polygons": {
          "coordinates": [
            [
              [
                [
                  -75.53398800000001,
                  6.1525436
                ],
                [
                  -75.531988,
                  6.1525436
                ],
                [
                  -75.531988,
                  6.1545436
                ],
                [
                  -75.53398800000001,
                  6.1545436
                ],
                [
                  -75.53398800000001,
                  6.1525436
                ]
              ]
            ],
            [
              [
                [
                  -75.49099790000001,
                  6.0932509999999995
                ],
                [
                  -75.4889979,
                  6.0932509999999995
                ],
                [
                  -75.4889979,
                  6.095251
                ],
                [
                  -75.49099790000001,
                  6.095251
                ],
                [
                  -75.49099790000001,
                  6.0932509999999995
                ]
              ]
            ],
            [
              [
                [
                  -75.44939930000001,
                  6.1764060999999995
                ],
                [
                  -75.4473993,
                  6.1764060999999995
                ],
                [
                  -75.4473993,
                  6.1784061
                ],
                [
                  -75.44939930000001,
                  6.1784061
                ],
                [
                  -75.44939930000001,
                  6.1764060999999995
                ]
              ]
            ],
            [
              [
                [
                  -75.4890572,
                  6.2037862
                ],
                [
                  -75.4870572,
                  6.2037862
                ],
                [
                  -75.4870572,
                  6.2057862
                ],
                [
                  -75.4890572,
                  6.2057862
                ],
                [
                  -75.4890572,
                  6.2037862
                ]
              ]
            ],
            [
              [
                [
                  -75.46672650000001,
                  6.1850524
                ],
                [
                  -75.4647265,
                  6.1850524
                ],
                [
                  -75.4647265,
                  6.187052400000001
                ],
                [
                  -75.46672650000001,
                  6.187052400000001
                ],
                [
                  -75.46672650000001,
                  6.1850524
                ]
              ]
            ],
            [
              [
                [
                  -75.5035304,
                  6.2159613
                ],
                [
                  -75.5015304,
                  6.2159613
                ],
                [
                  -75.5015304,
                  6.217961300000001
                ],
                [
                  -75.5035304,
                  6.217961300000001
                ],
                [
                  -75.5035304,
                  6.2159613
                ]
              ]
            ],
            [
              [
                [
                  -75.4913478,
                  6.170510299999999
                ],
                [
                  -75.48934779999999,
                  6.170510299999999
                ],
                [
                  -75.48934779999999,
                  6.1725103
                ],
                [
                  -75.4913478,
                  6.1725103
                ],
                [
                  -75.4913478,
                  6.170510299999999
                ]
              ]
            ],
            [
              [
                [
                  -75.5250472,
                  6.1422792
                ],
                [
                  -75.5230472,
                  6.1422792
                ],
                [
                  -75.5230472,
                  6.144279200000001
                ],
                [
                  -75.5250472,
                  6.144279200000001
                ],
                [
                  -75.5250472,
                  6.1422792
                ]
              ]
            ],
            [
              [
                [
                  -75.42459550000001,
                  6.123615999999999
                ],
                [
                  -75.4225955,
                  6.123615999999999
                ],
                [
                  -75.4225955,
                  6.125616
                ],
                [
                  -75.42459550000001,
                  6.125616
                ],
                [
                  -75.42459550000001,
                  6.123615999999999
                ]
              ]
            ],
            [
              [
                [
                  -75.5600752,
                  6.2197343
                ],
                [
                  -75.55807519999999,
                  6.2197343
                ],
                [
                  -75.55807519999999,
                  6.2217343000000005
                ],
                [
                  -75.5600752,
                  6.2217343000000005
                ],
                [
                  -75.5600752,
                  6.2197343
                ]
              ]
            ],
            [
              [
                [
                  -75.4291982,
                  6.0892721
                ],
                [
                  -75.42719819999999,
                  6.0892721
                ],
                [
                  -75.42719819999999,
                  6.0912721
                ],
                [
                  -75.4291982,
                  6.0912721
                ],
                [
                  -75.4291982,
                  6.0892721
                ]
              ]
            ],
            [
              [
                [
                  -75.50124240000001,
                  6.1697112
                ],
                [
                  -75.4992424,
                  6.1697112
                ],
                [
                  -75.4992424,
                  6.171711200000001
                ],
                [
                  -75.50124240000001,
                  6.171711200000001
                ],
                [
                  -75.50124240000001,
                  6.1697112
                ]
              ]
            ],
            [
              [
                [
                  -75.4364807,
                  6.1772187
                ],
                [
                  -75.4344807,
                  6.1772187
                ],
                [
                  -75.4344807,
                  6.179218700000001
                ],
                [
                  -75.4364807,
                  6.179218700000001
                ],
                [
                  -75.4364807,
                  6.1772187
                ]
              ]
            ],
            [
              [
                [
                  -75.4336162,
                  6.2493549999999995
                ],
                [
                  -75.4316162,
                  6.2493549999999995
                ],
                [
                  -75.4316162,
                  6.251355
                ],
                [
                  -75.4336162,
                  6.251355
                ],
                [
                  -75.4336162,
                  6.2493549999999995
                ]
              ]
            ],
            [
              [
                [
                  -75.555226,
                  6.133627199999999
                ],
                [
                  -75.553226,
                  6.133627199999999
                ],
                [
                  -75.553226,
                  6.1356272
                ],
                [
                  -75.555226,
                  6.1356272
                ],
                [
                  -75.555226,
                  6.133627199999999
                ]
              ]
            ],
            [
              [
                [
                  -75.481297,
                  6.089910199999999
                ],
                [
                  -75.47929699999999,
                  6.089910199999999
                ],
                [
                  -75.47929699999999,
                  6.0919102
                ],
                [
                  -75.481297,
                  6.0919102
                ],
                [
                  -75.481297,
                  6.089910199999999
                ]
              ]
            ],
            [
              [
                [
                  -75.4232837,
                  6.059844
                ],
                [
                  -75.42128369999999,
                  6.059844
                ],
                [
                  -75.42128369999999,
                  6.061844000000001
                ],
                [
                  -75.4232837,
                  6.061844000000001
                ],
                [
                  -75.4232837,
                  6.059844
                ]
              ]
            ],
            [
              [
                [
                  -75.4577368,
                  6.0576535
                ],
                [
                  -75.4557368,
                  6.0576535
                ],
                [
                  -75.4557368,
                  6.0596535000000005
                ],
                [
                  -75.4577368,
                  6.0596535000000005
                ],
                [
                  -75.4577368,
                  6.0576535
                ]
              ]
            ],
            [
              [
                [
                  -75.43430260000001,
                  6.1414703
                ],
                [
                  -75.4323026,
                  6.1414703
                ],
                [
                  -75.4323026,
                  6.143470300000001
                ],
                [
                  -75.43430260000001,
                  6.143470300000001
                ],
                [
                  -75.43430260000001,
                  6.1414703
                ]
              ]
            ],
            [
              [
                [
                  -75.452403,
                  6.112123599999999
                ],
                [
                  -75.450403,
                  6.112123599999999
                ],
                [
                  -75.450403,
                  6.1141236
                ],
                [
                  -75.452403,
                  6.1141236
                ],
                [
                  -75.452403,
                  6.112123599999999
                ]
              ]
            ],
            [
              [
                [
                  -75.6342218,
                  6.0668213
                ],
                [
                  -75.6322218,
                  6.0668213
                ],
                [
                  -75.6322218,
                  6.068821300000001
                ],
                [
                  -75.6342218,
                  6.068821300000001
                ],
                [
                  -75.6342218,
                  6.0668213
                ]
              ]
            ],
            [
              [
                [
                  -75.4502234,
                  6.0178674
                ],
                [
                  -75.44822339999999,
                  6.0178674
                ],
                [
                  -75.44822339999999,
                  6.019867400000001
                ],
                [
                  -75.4502234,
                  6.019867400000001
                ],
                [
                  -75.4502234,
                  6.0178674
                ]
              ]
            ],
            [
              [
                [
                  -75.4329548,
                  6.008317399999999
                ],
                [
                  -75.4309548,
                  6.008317399999999
                ],
                [
                  -75.4309548,
                  6.0103174
                ],
                [
                  -75.4329548,
                  6.0103174
                ],
                [
                  -75.4329548,
                  6.008317399999999
                ]
              ]
            ],
            [
              [
                [
                  -75.4134652,
                  6.022465599999999
                ],
                [
                  -75.4114652,
                  6.022465599999999
                ],
                [
                  -75.4114652,
                  6.0244656
                ],
                [
                  -75.4134652,
                  6.0244656
                ],
                [
                  -75.4134652,
                  6.022465599999999
                ]
              ]
            ],
            [
              [
                [
                  -75.3412419,
                  6.138306399999999
                ],
                [
                  -75.33924189999999,
                  6.138306399999999
                ],
                [
                  -75.33924189999999,
                  6.1403064
                ],
                [
                  -75.3412419,
                  6.1403064
                ],
                [
                  -75.3412419,
                  6.138306399999999
                ]
              ]
            ]
          ],
          "type": "MultiPolygon"
        }
      }
    },
    "engine": {
      "version": "9.5.0",
      "build_date": "2025-10-31T12:33:09Z",
      "graph_date": "2025-12-01T03:52:42Z",
      "osm_date": "2025-11-24T00:59:59Z"
    }
  }
}